Firm,Period,SIZE,LEV,REV,GROWTH,ROA,ROE,FE_2020Q2,FE_2019Q2,FE_Sector,Treat,After,DiD,Delete
AALI.JK,2020Q3,30.95067187,31.76232785,28.98169607,-18.56732774,0.75726036,1.008907292,1,0,1,0,1,0,0
AALI.JK,2019Q3,30.9385818,24.71966307,29.18708969,20.10560346,0.277057124,0.363906154,0,1,1,0,0,0,0
ABBA.JK,2020Q3,27.00714061,39.7347773,24.53501904,23.51367777,-2.596429131,-9.269700779,1,0,2,1,1,1,0
ABBA.JK,2019Q3,26.81533672,60.1897689,24.32383733,-46.40129022,-0.966313355,-1.584840719,0,1,2,1,0,0,0
ABMM.JK,2020Q3,30.05197693,136.1784196,28.32405981,-27.38277743,-0.847076575,-2.024256304,1,0,3,0,1,0,0
ABMM.JK,2019Q3,30.32707924,261.5376937,28.64402787,28.14228685,0.58636941,2.054259973,0,1,3,0,0,0,0
ACES.JK,2020Q3,29.28015226,2.168942652,28.36331722,14.8501581,1.560455779,2.319959823,1,0,2,1,1,1,0
ACES.JK,2019Q3,29.14253587,1.459131603,28.2248591,23.61322016,4.440067073,5.448211938,0,1,2,1,0,0,0
ACST.JK,2020Q3,29.94645491,549.2263327,28.05249736,41.8053125,-12.62101374,-105.763111,1,0,4,1,1,1,0
ACST.JK,2019Q3,29.69194679,183.9868887,27.70321247,16.51862371,-3.321101579,-43.96922888,0,1,4,1,0,0,0
ADES.JK,2020Q3,27.4876864,25.15901819,26.07941806,4.237725844,2.248704831,3.126127812,1,0,1,0,1,0,0
ADES.JK,2019Q3,27.48340703,47.89417575,26.03791413,-2.518401304,1.523491099,2.608307209,0,1,1,0,0,0,0
ADMF.JK,2020Q3,31.13505254,307.5256601,28.64013384,8.25865267,0.676942955,2.860587146,1,0,0,0,1,0,0
ADMF.JK,2019Q3,31.05661526,335.810297,28.56078073,9.873765931,1.402570751,6.512182498,0,1,0,0,0,0,0
ADRO.JK,2020Q3,32.26335936,33.64890752,30.154479,-20.78218646,-0.699231649,-1.243967449,1,0,5,1,1,1,0
ADRO.JK,2019Q3,32.29969159,36.71817668,30.387448,31.37721893,1.616218383,2.862807594,0,1,5,1,0,0,0
AGII.JK,2020Q3,29.56599035,103.8645842,27.0604101,8.954562104,0.197085849,0.39388719,1,0,0,1,1,1,0
AGII.JK,2019Q3,29.55684838,95.97667505,26.97464935,11.6717939,0.440164288,0.939248005,0,1,0,1,0,0,0
AGRO.JK,2020Q3,30.8468589,11.24090852,26.00645713,0.143479432,0.019943918,#VALUE!,1,0,0,0,1,0,0
AGRO.JK,2019Q3,30.671049,11.39692811,26.00502336,34.96094224,-0.253328633,#VALUE!,0,1,0,0,0,0,0
AKKU.JK,2020Q3,27.70256527,32.13699657,20.5128374,4.659440484,-0.998285331,-1.60265438,1,0,2,1,1,1,0
AKKU.JK,2019Q3,27.74937545,32.01236887,20.46729594,-89.29661628,-0.181696625,-0.26026444,0,1,2,1,0,0,0
AKPI.JK,2020Q3,28.66088154,74.01904775,27.07359731,-7.085418259,0.141018006,0.293704137,1,0,0,1,1,1,0
AKPI.JK,2019Q3,28.73534563,92.68515689,27.1470869,20.61855858,-0.007063324,-0.016521865,0,1,0,1,0,0,0
AKRA.JK,2020Q3,30.5918448,60.61073744,29.31828888,-3.73270227,1.264056949,2.754726979,1,0,5,1,1,1,0
AKRA.JK,2019Q3,30.65534222,57.58383583,29.35633039,33.40819222,0.824876006,2.0753315,0,1,5,1,0,0,0
AKSI.JK,2020Q3,26.33560573,95.76833953,25.20409631,39.57903916,-1.642973512,-4.068433907,1,0,6,1,1,1,0
AKSI.JK,2019Q3,25.79201038,35.32774761,24.87063546,-34.67414111,-0.804025288,-1.861534318,0,1,6,1,0,0,0
ALDO.JK,2020Q3,27.55716779,50.29228843,26.33081922,-14.48953128,2.183600413,3.647164303,1,0,0,1,1,1,0
ALDO.JK,2019Q3,26.94516509,65.93658613,26.4873506,77.32858644,2.608214908,4.944118128,0,1,0,1,0,0,0
ALTO.JK,2020Q3,27.73139421,93.82104051,25.01931562,6.062232968,-0.697130137,-2.057147923,1,0,1,0,1,0,0
ALTO.JK,2019Q3,27.72413912,148.5442795,24.96045978,7.240433617,-0.542801193,-1.557235548,0,1,1,0,0,0,0
AMFG.JK,2020Q3,29.79806377,119.2185291,27.78899363,-3.492814292,-3.199646111,-9.123195946,1,0,3,0,1,0,0
AMFG.JK,2019Q3,29.73394087,84.63894785,27.82454634,13.48966312,-0.577705352,-1.455182528,0,1,3,0,0,0,0
AMIN.JK,2020Q3,26.76848851,57.54134915,24.57500504,-13.36515538,-1.249990781,-2.583930775,1,0,3,0,1,0,0
AMIN.JK,2019Q3,26.65946706,62.09873876,24.71847313,2.489538578,1.352383762,2.662065632,0,1,3,0,0,0,0
AMRT.JK,2020Q3,30.77755001,70.75261205,30.51882614,6.922077106,0.621610939,2.160855124,1,0,1,0,1,0,0
AMRT.JK,2019Q3,30.6920707,111.1626359,30.45189601,11.30177835,1.120195249,3.986362365,0,1,1,0,0,0,0
ANJT.JK,2020Q3,29.81952792,50.31083096,26.89807551,-21.26047694,1.119483213,1.80921454,1,0,1,0,1,0,0
ANJT.JK,2019Q3,29.81482446,40.77603488,27.13710046,9.618787823,1.073333367,1.763209553,0,1,1,0,0,0,0
ANTM.JK,2020Q3,31.11701538,49.4225845,29.94662848,24.52460588,2.461842474,4.055665334,1,0,0,1,1,1,0
ANTM.JK,2019Q3,31.12286222,54.96434654,29.72729534,105.919812,0.644822547,1.075088983,0,1,0,1,0,0,0
APIC.JK,2020Q3,28.86183509,30.08398782,25.85465951,323.0947094,0.274526224,0.522110558,1,0,0,0,1,0,0
APIC.JK,2019Q3,28.58867098,26.48964725,24.41223364,-50.42066189,1.3862453,2.49949449,0,1,0,0,0,0,0
APII.JK,2020Q3,26.86009256,40.92656435,24.84876533,-2.972247075,1.54014431,2.463999646,1,0,3,0,1,0,0
APII.JK,2019Q3,26.82087627,47.56315815,24.87893847,70.17743235,1.98608464,3.117017214,0,1,3,0,0,0,0
APLI.JK,2020Q3,26.80563485,74.20386316,25.33332119,16.60494631,-0.556684549,-1.065308614,1,0,0,1,1,1,0
APLI.JK,2019Q3,26.68580847,45.74031965,25.17969968,3.210874427,-0.117513965,-0.24970561,0,1,0,1,0,0,0
APLN.JK,2020Q3,30.99252056,114.1602251,27.81544997,5.844144703,1.430652817,5.305146453,1,0,0,0,1,0,0
APLN.JK,2019Q3,30.99062299,116.140626,27.75865248,-58.38159721,0.026157824,-0.21337406,0,1,0,0,0,0,0
ARII.JK,2020Q3,29.31635782,119.3577629,26.23083825,73.08226241,0.335359463,4.288535691,1,0,5,1,1,1,0
ARII.JK,2019Q3,29.19775949,222.8101901,25.68224145,136.2489816,2.87490794,26.53918942,0,1,5,1,0,0,0
ARNA.JK,2020Q3,28.18039578,4.345565534,27.09523896,8.368162402,5.697448085,8.80843151,1,0,3,0,1,0,0
ARNA.JK,2019Q3,28.12563055,11.56869794,27.0148748,19.47114156,3.488527482,5.320591089,0,1,3,0,0,0,0
ARTI.JK,2020Q3,28.89626944,32.59792479,24.4423514,-47.79026172,-20.76414572,-0.050659517,1,0,5,1,1,1,0
ARTI.JK,2019Q3,28.56682807,43.36203791,25.09225255,67.80633269,-0.969145861,-0.679284102,0,1,5,1,0,0,0
ASBI.JK,2020Q3,27.42873861,4.72908468,24.93402922,-12.59020346,-0.321839531,#VALUE!,1,0,0,0,1,0,0
ASBI.JK,2019Q3,27.36939179,3.557476464,25.06859204,-1.414994403,-0.022926945,#VALUE!,0,1,0,0,0,0,0
ASII.JK,2020Q3,33.51189762,63.44192882,31.73963012,-2.350506201,0.90402343,1.730810508,1,0,3,0,1,0,0
ASII.JK,2019Q3,33.44013911,62.45697464,31.76341583,19.4141089,2.068573187,4.29645162,0,1,3,0,0,0,0
ASRI.JK,2020Q3,30.71322396,88.16692645,27.24152615,-32.69722293,-2.170108004,-4.859932334,1,0,0,0,1,0,0
ASRI.JK,2019Q3,30.67688914,88.1901439,27.63749484,-32.2078843,0.221721379,0.504461858,0,1,0,0,0,0,0
ASRM.JK,2020Q3,28.03708503,16.54713811,26.39433577,3.564673724,0.382852625,#VALUE!,1,0,0,0,1,0,0
ASRM.JK,2019Q3,28.06652209,15.83182491,26.35930968,54.62136251,0.624148753,#VALUE!,0,1,0,0,0,0,0
ASSA.JK,2020Q3,29.14661456,239.1605992,27.07244737,31.82952658,-0.165937697,0.664331958,1,0,6,1,1,1,0
ASSA.JK,2019Q3,28.86190541,200.8309441,26.79610793,8.074228809,0.354673371,2.19008288,0,1,6,1,0,0,0
ATIC.JK,2020Q3,29.04676855,385.841327,27.98243366,20.4774458,-0.852462929,-6.0988817,1,0,7,1,1,1,0
ATIC.JK,2019Q3,28.82372251,227.8396594,27.79614128,6.035581729,0.006341556,-1.513115977,0,1,7,1,0,0,0
AUTO.JK,2020Q3,30.43029346,7.82258831,29.02745861,-1.016807241,0.324837795,0.537251248,1,0,2,1,1,1,0
AUTO.JK,2019Q3,30.39674967,6.464154644,29.03767873,16.54502911,1.816633893,2.575903854,0,1,2,1,0,0,0
BAJA.JK,2020Q3,27.31576166,211.6302561,26.21163197,-36.078038,0.671924757,7.214717301,1,0,0,1,1,1,0
BAJA.JK,2019Q3,27.62557441,258.546521,26.65913916,15.8285669,-0.397472322,-4.582038545,0,1,0,1,0,0,0
BALI.JK,2020Q3,29.01052136,90.52414434,25.7890594,26.35847193,0.432789239,0.92587516,1,0,4,1,1,1,0
BALI.JK,2019Q3,28.71177396,95.85793764,25.5551067,58.41123227,0.185749379,0.381528725,0,1,4,1,0,0,0
BAPA.JK,2020Q3,25.81812117,0.89109243,23.646494,207.8748854,-0.09973312,-0.107779832,1,0,0,0,1,0,0
BAPA.JK,2019Q3,25.9008806,13.51148303,22.52197071,-17.57113523,4.947109879,6.353011748,0,1,0,0,0,0,0
BBCA.JK,2020Q3,34.42627252,2.018102636,30.56032979,13.59982887,0.788514036,#VALUE!,1,0,0,0,1,0,0
BBCA.JK,2019Q3,34.31433979,1.581079385,30.43281797,15.19651951,0.913886408,#VALUE!,0,1,0,0,0,0,0
BBKP.JK,2020Q3,32.19520567,70.87768902,27.83969894,48.28962049,-1.329661872,#VALUE!,1,0,0,0,1,0,0
BBKP.JK,2019Q3,32.13376882,47.76396549,27.44570187,-15.20233928,0.031214638,#VALUE!,0,1,0,0,0,0,0
BBLD.JK,2020Q3,29.26276499,314.9324584,26.05082642,9.127183895,0.052686127,0.198665143,1,0,0,0,1,0,0
BBLD.JK,2019Q3,29.22342232,313.3755124,25.96348258,4.263101191,0.212334158,0.914397205,0,1,0,0,0,0,0
BBNI.JK,2020Q3,34.33453424,57.37186133,30.26085043,0.475242599,-0.012611031,#VALUE!,1,0,0,0,1,0,0
BBNI.JK,2019Q3,34.26896529,65.93788353,30.25610926,7.671319392,0.525771282,#VALUE!,0,1,0,0,0,0,0
BBRI.JK,2020Q3,34.80549007,52.97458596,30.95452179,6.908480069,0.278786752,#VALUE!,1,0,0,0,1,0,0
BBRI.JK,2019Q3,34.70713774,58.68655549,30.88771883,15.90024287,0.666231563,#VALUE!,0,1,0,0,0,0,0
BBRM.JK,2020Q3,27.78063028,267.7770691,24.88899516,-16.65003846,-0.181901614,-0.799192255,1,0,5,1,1,1,0
BBRM.JK,2019Q3,27.90342156,196.4888658,25.0711172,-9.776497059,-1.817843294,-7.331032208,0,1,5,1,0,0,0
BBTN.JK,2020Q3,33.38743192,276.605915,28.61760776,-16.38570398,0.104900229,#VALUE!,1,0,0,0,1,0,0
BBTN.JK,2019Q3,33.23794264,217.2415671,28.79656344,19.46372713,-0.160611437,#VALUE!,0,1,0,0,0,0,0
BBYB.JK,2020Q3,29.18533844,17.42633759,25.82903318,103.3209026,0.138491532,#VALUE!,1,0,0,0,1,0,0
BBYB.JK,2019Q3,29.23078284,0.449278664,25.11941783,8.756128913,-0.095054668,#VALUE!,0,1,0,0,0,0,0
BCAP.JK,2020Q3,30.54268415,38.57061958,27.2148964,-4.929662727,-0.033830637,-0.133510202,1,0,0,0,1,0,0
BCAP.JK,2019Q3,30.55637111,50.74164824,27.26544957,14.49033812,0.071185273,0.242899327,0,1,0,0,0,0,0
BCIC.JK,2020Q3,30.39508605,40.7390877,26.27918229,95.84935364,-1.816454137,#VALUE!,1,0,0,0,1,0,0
BCIC.JK,2019Q3,30.51258683,12.37070327,25.60700671,-2.520289214,0.422819781,#VALUE!,0,1,0,0,0,0,0
BDMN.JK,2020Q3,32.9082495,55.57454114,29.15719198,-0.2592745,0.331799439,#VALUE!,1,0,0,0,1,0,0
BDMN.JK,2019Q3,32.81636357,51.05753932,29.15978809,6.072395751,0.339958927,#VALUE!,0,1,0,0,0,0,0
BELL.JK,2020Q3,26.98880026,58.22967585,25.96582229,8.142009199,-0.199512814,-0.785399968,1,0,2,1,1,1,0
BELL.JK,2019Q3,27.00725476,71.55299301,25.88754721,69.14391864,1.643117777,3.063449175,0,1,2,1,0,0,0
BEST.JK,2020Q3,29.48361158,42.87177118,26.18944768,98.80488867,-1.097222624,-1.597367922,1,0,0,0,1,0,0
BEST.JK,2019Q3,29.38203428,42.15935967,25.50229398,-44.41819806,1.523650285,2.267519573,0,1,0,0,0,0,0
BFIN.JK,2020Q3,30.55924984,175.1091471,27.87404651,0.280921631,1.108445265,3.029850763,1,0,0,0,1,0,0
BFIN.JK,2019Q3,30.59835345,220.1269115,27.87124123,25.74045744,2.158471679,6.344797788,0,1,0,0,0,0,0
BHIT.JK,2020Q3,31.72151701,179.0801951,29.06385287,7.296155691,1.568293601,2.567957622,1,0,3,0,1,0,0
BHIT.JK,2019Q3,31.6534798,186.9083994,28.99343023,4.829253484,1.010289298,1.361265974,0,1,3,0,0,0,0
BIKA.JK,2020Q3,28.47149298,396.8614832,25.32043681,-1.036689657,-1.398045,-3.927037382,1,0,0,0,1,0,0
BIKA.JK,2019Q3,28.48530248,365.9957319,25.33085782,-30.80803195,0.359211651,0.033487724,0,1,0,0,0,0,0
BIPI.JK,2020Q3,30.50769295,170.4882243,26.15389742,4416.548445,0.710577368,3.310317323,1,0,5,1,1,1,0
BIPI.JK,2019Q3,30.53741802,112.5440735,22.34356424,-45.17501353,0.698807364,3.216019231,0,1,5,1,0,0,0
BIPP.JK,2020Q3,28.40338289,49.37203378,24.82718262,92.32801421,0.862975208,0.797274297,1,0,0,0,1,0,0
BIPP.JK,2019Q3,28.17600422,47.64682726,24.17315048,13.68832732,-0.249701726,-0.347994349,0,1,0,0,0,0,0
BIRD.JK,2020Q3,29.63498317,18.06163883,27.67585011,-7.978840876,-0.835341591,-1.202504385,1,0,6,1,1,1,0
BIRD.JK,2019Q3,29.54445087,12.69072342,27.75900176,8.335557496,0.983144034,1.364946509,0,1,6,1,0,0,0
BJBR.JK,2020Q3,32.44775007,102.2172311,28.18675739,-6.741164286,0.288977359,#VALUE!,1,0,0,0,1,0,0
BJBR.JK,2019Q3,32.36795711,66.32822532,28.25654877,7.560897576,0.272436771,#VALUE!,0,1,0,0,0,0,0
BJTM.JK,2020Q3,31.90946782,4.602771864,27.73645623,5.275055305,0.418705387,#VALUE!,1,0,0,0,1,0,0
BJTM.JK,2019Q3,31.7809178,8.282512862,27.68504992,11.34887941,0.459699168,#VALUE!,0,1,0,0,0,0,0
BKDP.JK,2020Q3,27.38759994,31.58282468,23.05288043,-9.85188737,-0.792297524,-1.298046058,1,0,0,0,1,0,0
BKDP.JK,2019Q3,27.37281981,29.27314395,23.1565966,18.90486664,-1.22575127,-2.0864863,0,1,0,0,0,0,0
BKSL.JK,2020Q3,30.42710902,20.1930391,26.11548352,-35.00221739,-1.060730209,-2.010484028,1,0,0,0,1,0,0
BKSL.JK,2019Q3,30.35440924,16.7300485,26.54630055,107.9250788,0.344170523,0.586428487,0,1,0,0,0,0,0
BLTA.JK,2020Q3,27.64315278,108.6383014,25.00338951,-18.71489397,2.589568616,5.590901446,1,0,6,1,1,1,0
BLTA.JK,2019Q3,27.76494885,105.3190099,25.2105969,23.65232527,0.138908802,0.336948862,0,1,6,1,0,0,0
BMRI.JK,2020Q3,34.78224825,86.04289691,30.85163906,11.50597593,0.280606767,#VALUE!,1,0,0,0,1,0,0
BMRI.JK,2019Q3,34.69889058,83.91873498,30.74273106,3.339917015,0.553505266,#VALUE!,0,1,0,0,0,0,0
BMSR.JK,2020Q3,27.08373193,167.5474589,27.18072437,-13.65773109,-1.888603139,-8.746390485,1,0,0,1,1,1,0
BMSR.JK,2019Q3,27.00581774,165.0339433,27.32757529,23.72488666,-0.31350438,-1.20820414,0,1,0,1,0,0,0
BMTR.JK,2020Q3,31.01873744,104.0377901,28.87052717,11.21534208,2.490825441,3.732912561,1,0,3,0,1,0,0
BMTR.JK,2019Q3,30.98941597,128.3447353,28.76422902,0.6014833,1.92983822,3.251325106,0,1,3,0,0,0,0
BNGA.JK,2020Q3,33.20248639,37.64981331,29.11138307,8.165392625,0.042897581,#VALUE!,1,0,0,0,1,0,0
BNGA.JK,2019Q3,33.19403598,26.81799075,29.03289178,1.978324674,0.262147045,#VALUE!,0,1,0,0,0,0,0
BNII.JK,2020Q3,32.81196608,91.51711878,28.66007001,7.758578531,0.169348446,#VALUE!,1,0,0,0,1,0,0
BNII.JK,2019Q3,32.78597929,104.096229,28.58534686,0.809020534,0.208643971,#VALUE!,0,1,0,0,0,0,0
BNLI.JK,2020Q3,32.67495924,17.63751619,28.31303455,8.085941684,0.038976932,#VALUE!,1,0,0,0,1,0,0
BNLI.JK,2019Q3,32.67925623,22.02565266,28.23527806,-6.41216775,0.251758502,#VALUE!,0,1,0,0,0,0,0
BOGA.JK,2020Q3,27.01656042,7.405502716,25.89989525,7.972941726,0.313060744,0.437453895,1,0,2,1,1,1,0
BOGA.JK,2019Q3,27.01934829,15.11297514,25.82318478,96.55409869,0.492010624,0.64062813,0,1,2,1,0,0,0
BOLT.JK,2020Q3,27.87911494,44.05558496,26.48786869,-1.280825418,-0.961014274,-1.482373519,1,0,2,1,1,1,0
BOLT.JK,2019Q3,27.88168421,49.61686401,26.50075968,14.99674635,2.321910445,4.072840346,0,1,2,1,0,0,0
BPFI.JK,2020Q3,28.21653284,118.5318451,25.43089824,2.780116591,0.260101494,0.477871131,1,0,0,0,1,0,0
BPFI.JK,2019Q3,28.27184529,138.3488859,25.40347651,27.07515324,1.084982931,2.392096685,0,1,0,0,0,0,0
BRNA.JK,2020Q3,28.52725962,98.65640238,26.50820536,-3.629138675,-1.78772884,-4.384363785,1,0,0,1,1,1,0
BRNA.JK,2019Q3,28.42083823,117.2131318,26.54517166,3.519924334,-1.321140937,-3.149205014,0,1,0,1,0,0,0
BRPT.JK,2020Q3,32.21736422,219.1303342,29.5282977,-44.55559171,0.713065486,1.569403098,1,0,0,1,1,1,0
BRPT.JK,2019Q3,32.24218406,206.9110059,30.11808702,22.41125999,0.355319635,0.168868732,0,1,0,1,0,0,0
BSDE.JK,2020Q3,31.60634104,44.95062539,28.11913167,-2.274078222,1.060518475,1.881699627,1,0,0,0,1,0,0
BSDE.JK,2019Q3,31.59034656,55.02130146,28.14213501,3.311192487,0.503920258,0.764801003,0,1,0,0,0,0,0
BSSR.JK,2020Q3,28.90686973,10.73612832,27.99209217,-22.09706303,2.772968228,3.881526812,1,0,5,1,1,1,0
BSSR.JK,2019Q3,28.95456545,9.444761701,28.2417987,36.05076631,4.607079644,7.182022327,0,1,5,1,0,0,0
BTEK.JK,2020Q3,29.2814606,97.65064912,25.88220617,-29.18655645,-2.607240043,-6.750082102,1,0,1,0,1,0,0
BTEK.JK,2019Q3,29.30323936,95.79660846,26.2273275,-8.547585265,-0.002183173,-0.005131906,0,1,1,0,0,0,0
BUDI.JK,2020Q3,28.77956102,118.5255896,27.53823784,4.468915778,0.210359981,0.427689115,1,0,1,0,1,0,0
BUDI.JK,2019Q3,28.81403766,121.3795834,27.49451846,22.54724031,0.531837161,1.387219597,0,1,1,0,0,0,0
BUKK.JK,2020Q3,29.23782693,35.47473873,28.25305341,42.52060278,1.534390568,2.7392537,1,0,4,1,1,1,0
BUKK.JK,2019Q3,29.06321807,51.2341353,27.89873702,140.4026685,6.130989603,12.46948972,0,1,4,1,0,0,0
BULL.JK,2020Q3,29.32200114,70.0632822,26.60467109,4.739155686,1.804129615,4.053467365,1,0,5,1,1,1,0
BULL.JK,2019Q3,29.13118541,77.03061945,26.55836824,59.1668194,1.542444368,2.584375177,0,1,5,1,0,0,0
BUVA.JK,2020Q3,29.04910708,77.3556952,25.52399971,97.81411267,-0.835028349,-1.94379789,1,0,2,1,1,1,0
BUVA.JK,2019Q3,28.93351584,100.1617469,24.84184213,31.02148067,-1.090700958,-1.806677053,0,1,2,1,0,0,0
BVIC.JK,2020Q3,31.02378075,114.3680022,25.76423817,-31.14755376,0.002139583,#VALUE!,1,0,0,0,1,0,0
BVIC.JK,2019Q3,30.94366632,112.5237811,26.1374426,-2.709418539,0.008395487,#VALUE!,0,1,0,0,0,0,0
BWPT.JK,2020Q3,30.40689406,190.7000254,26.99535763,-44.80435492,-2.163610676,-8.227590402,1,0,1,0,1,0,0
BWPT.JK,2019Q3,30.42315177,140.5605427,27.58964376,29.79117714,-1.809459292,-5.594089026,0,1,1,0,0,0,0
BYAN.JK,2020Q3,30.36644597,32.72071002,29.02255058,-33.41232477,3.090683419,6.653155406,1,0,5,1,1,1,0
BYAN.JK,2019Q3,30.42790317,3.57313736,29.42920126,52.19960844,2.620957749,5.478453618,0,1,5,1,0,0,0
CARS.JK,2020Q3,29.74091834,337.7987728,28.27725139,0.534880822,-1.071202624,-4.790227009,1,0,2,1,1,1,0
CARS.JK,2019Q3,29.83705085,434.0790889,28.27191683,1.343158023,0.407317983,1.830653639,0,1,2,1,0,0,0
CASS.JK,2020Q3,28.34479903,69.6350653,26.96766088,7.497032517,5.019993244,8.158914259,1,0,4,1,1,1,0
CASS.JK,2019Q3,28.30875088,78.18724621,26.89536783,1.151764099,2.616234231,2.996106138,0,1,4,1,0,0,0
CENT.JK,2020Q3,29.36171124,64.57244575,26.03554528,9.601448296,-0.761483054,-2.41936819,1,0,4,1,1,1,0
CENT.JK,2019Q3,29.30407475,56.98302018,25.94386488,12.65714895,0.007386084,0.013643785,0,1,4,1,0,0,0
CINT.JK,2020Q3,26.94802904,13.11566628,25.41823708,3.312647773,-0.401728954,-0.415525101,1,0,2,1,1,1,0
CINT.JK,2019Q3,26.9305605,7.794889178,25.38564746,-12.06142559,1.93843875,2.545965455,0,1,2,1,0,0,0
CITA.JK,2020Q3,29.00984527,56.76613708,27.60299958,80.42929821,5.007180406,5.983358502,1,0,0,1,1,1,0
CITA.JK,2019Q3,28.77887158,105.2129388,27.01283076,354.5505267,4.548027975,8.448532618,0,1,0,1,0,0,0
CLEO.JK,2020Q3,27.82809985,38.21376387,26.37122166,22.52651956,2.221687786,3.508420152,1,0,1,0,1,0,0
CLEO.JK,2019Q3,27.39232105,76.41052086,26.16806435,49.0000066,2.634053549,4.210364217,0,1,1,0,0,0,0
CLPI.JK,2020Q3,27.24464252,30.21166149,26.06817179,-1.743191393,1.565451492,2.232731722,1,0,0,1,1,1,0
CLPI.JK,2019Q3,27.1915712,21.90131769,26.08575742,61.24477072,1.132781681,1.709167523,0,1,0,1,0,0,0
CMNP.JK,2020Q3,30.29291965,85.22607358,27.39164871,-2.15822368,0.439372299,1.176266499,1,0,4,1,1,1,0
CMNP.JK,2019Q3,30.09111935,83.92718415,27.41346725,45.08213319,1.053539807,2.416988824,0,1,4,1,0,0,0
COWL.JK,2020Q3,28.88603687,171.5827625,25.55866699,-2.26197061,-0.25268338,-1.030850652,1,0,0,0,1,0,0
COWL.JK,2019Q3,28.88577778,155.5518117,25.58154644,-4.729495655,-1.014467761,-3.239180058,0,1,0,0,0,0,0
CPIN.JK,2020Q3,30.98551169,26.23933607,30.3469203,9.890207179,2.32672106,3.269504904,1,0,1,0,1,0,0
CPIN.JK,2019Q3,30.90685057,31.25021373,30.25260873,6.456153372,3.202589388,4.652920261,0,1,1,0,0,0,0
CSAP.JK,2020Q3,29.48735686,96.91867124,28.77778825,10.86591275,0.458957117,1.569702425,1,0,2,1,1,1,0
CSAP.JK,2019Q3,29.40325667,75.10259967,28.67463696,15.34824386,0.419495023,1.288465975,0,1,2,1,0,0,0
CTBN.JK,2020Q3,28.48492859,3.083602971,26.8463716,110.8759327,-0.812075938,-1.053146565,1,0,0,1,1,1,0
CTBN.JK,2019Q3,28.39213144,4.57399478,26.10027182,-6.497900602,1.161385624,1.8745404,0,1,0,1,0,0,0
CTRA.JK,2020Q3,31.20038712,60.78166961,28.04311421,-19.92428212,0.224890222,0.423792794,1,0,0,0,1,0,0
CTRA.JK,2019Q3,31.14584506,60.94637935,28.26531174,23.88504485,0.403076477,0.77371822,0,1,0,0,0,0,0
CTTH.JK,2020Q3,27.35836642,89.54321742,24.05412578,-53.61822802,-0.079179869,-0.21411673,1,0,3,0,1,0,0
CTTH.JK,2019Q3,27.2822476,81.29161254,24.82238943,16.2584984,-0.761952156,-1.736380171,0,1,3,0,0,0,0
DART.JK,2020Q3,29.58864472,89.86262726,25.55466507,40.76993118,-1.452143522,-3.162823114,1,0,0,0,1,0,0
DART.JK,2019Q3,29.50817622,74.37057984,25.21270839,-19.3029028,-0.567367112,-1.125256879,0,1,0,0,0,0,0
DEWA.JK,2020Q3,29.57700213,55.40259482,27.52155902,6.600596425,0.007323995,0.015454881,1,0,5,1,1,1,0
DEWA.JK,2019Q3,29.33427325,12.36193732,27.4576401,2.981748019,-0.40359848,-0.801926341,0,1,5,1,0,0,0
DGIK.JK,2020Q3,28.14454375,42.17696494,26.02117495,-2.640588865,-0.620032155,-1.177064126,1,0,4,1,1,1,0
DGIK.JK,2019Q3,28.18179329,26.97345283,26.04793573,-21.20019089,-0.6666585,-1.766372065,0,1,4,1,0,0,0
DILD.JK,2020Q3,30.31774386,87.44373079,26.9545591,-17.02497985,-0.331279578,-0.974741784,1,0,0,0,1,0,0
DILD.JK,2019Q3,30.26058724,85.33232828,27.14118969,58.14242953,0.048946177,-0.047637434,0,1,0,0,0,0,0
DNET.JK,2020Q3,30.33113759,60.07480673,24.65663654,41.09504056,-0.115357689,-0.185606239,1,0,0,0,1,0,0
DNET.JK,2019Q3,30.03611854,28.19705678,24.31237302,175.800919,1.02801115,1.692834684,0,1,0,0,0,0,0
DOID.JK,2020Q3,30.44592538,262.0797957,28.77135868,7.756412358,1.330751587,5.564331903,1,0,5,1,1,1,0
DOID.JK,2019Q3,30.36476685,346.879962,28.69665563,21.50831283,0.227038839,1.020960466,0,1,5,1,0,0,0
DPUM.JK,2020Q3,28.38437116,41.53892758,25.7057757,-60.18815134,-1.621182169,-2.764408101,1,0,1,0,1,0,0
DPUM.JK,2019Q3,28.37842204,43.2014769,26.62678131,-16.94784922,0.392131252,0.588070894,0,1,1,0,0,0,0
DSFI.JK,2020Q3,26.72008599,56.38360603,25.67175032,-4.814427738,-2.093608652,-4.199021225,1,0,1,0,1,0,0
DSFI.JK,2019Q3,26.66534895,78.69348709,25.72109212,-14.46148784,0.857481994,1.822630464,0,1,1,0,0,0,0
DSNG.JK,2020Q3,30.05713219,177.9217449,27.95682667,13.99721827,-0.151854639,-0.477320248,1,0,1,0,1,0,0
DSNG.JK,2019Q3,29.83377107,120.2537262,27.8258228,2.628836112,-0.057416054,-0.154201699,0,1,1,0,0,0,0
DSSA.JK,2020Q3,31.61394087,91.28158985,29.31727908,-8.905797009,0.425528311,0.663534128,1,0,5,1,1,1,0
DSSA.JK,2019Q3,31.36691707,70.67743408,29.4105551,34.61046298,0.236385259,0.390627118,0,1,5,1,0,0,0
DUTI.JK,2020Q3,30.22973143,4.468081369,26.87697022,-11.67354935,1.784332035,2.267474224,1,0,0,0,1,0,0
DUTI.JK,2019Q3,30.11094835,5.063611716,27.00110079,37.57027875,1.582565324,2.233114435,0,1,0,0,0,0,0
DVLA.JK,2020Q3,28.24870585,3.659231197,26.93627272,17.97210999,0.425012012,0.598414979,1,0,8,0,1,0,0
DVLA.JK,2019Q3,28.15908672,2.906542064,26.77099466,0.171929849,3.465099681,5.046783225,0,1,8,0,0,0,0
DYAN.JK,2020Q3,27.80594739,17.69851997,26.12205478,17.0175677,-4.644339974,-6.449098237,1,0,3,0,1,0,0
DYAN.JK,2019Q3,27.86375133,32.42738086,25.96490089,7.632506992,0.494127504,0.594312396,0,1,3,0,0,0,0
ECII.JK,2020Q3,28.30104962,0.261664668,27.0612951,5.646552173,-1.41576161,-1.831296702,1,0,2,1,1,1,0
ECII.JK,2019Q3,28.28551226,0.227521627,27.00636618,19.19345166,0.380696331,0.426450252,0,1,2,1,0,0,0
EKAD.JK,2020Q3,27.5060078,4.348113756,26.06281976,0.396410883,2.604093188,2.929592132,1,0,0,1,1,1,0
EKAD.JK,2019Q3,27.47768873,7.911899863,26.05886349,16.14144684,3.941568345,4.470893714,0,1,0,1,0,0,0
ELSA.JK,2020Q3,29.45164384,26.53140763,28.39474837,24.6510804,0.775183567,1.535704299,1,0,5,1,1,1,0
ELSA.JK,2019Q3,29.38762497,28.27853487,28.17440008,29.4542264,1.364152544,2.447664613,0,1,5,1,0,0,0
ELTY.JK,2020Q3,30.23687935,19.89096336,26.11423552,-23.60504903,0.654964034,1.318836697,1,0,0,0,1,0,0
ELTY.JK,2019Q3,30.27874929,20.82977193,26.3834891,-14.55459836,-0.614079495,-0.885136139,0,1,0,0,0,0,0
EMDE.JK,2020Q3,28.3924015,120.085862,25.03401452,-15.36199334,-0.754748355,-2.189258175,1,0,0,0,1,0,0
EMDE.JK,2019Q3,28.35011564,112.5102585,25.20080129,28.68722695,0.845132686,2.23607421,0,1,0,0,0,0,0
EMTK.JK,2020Q3,30.53448298,13.38366386,28.62930428,10.96080002,3.267694344,7.272438379,1,0,3,0,1,0,0
EMTK.JK,2019Q3,30.73299708,5.098346856,28.52529748,31.61535513,-1.414269376,-0.049308969,0,1,3,0,0,0,0
ENRG.JK,2020Q3,29.99633573,98.74865285,27.52680087,-8.588518197,1.989660507,6.40743111,1,0,5,1,1,1,0
ENRG.JK,2019Q3,29.9960476,249.1152247,27.61659996,-4.298400324,2.422252495,9.142240082,0,1,5,1,0,0,0
ERAA.JK,2020Q3,29.91617747,56.605104,29.733163,-0.694773072,2.180139682,3.618475345,1,0,2,1,1,1,0
ERAA.JK,2019Q3,30.14265518,109.9549536,29.74013498,47.22727312,0.492101672,1.208046735,0,1,2,1,0,0,0
ERTX.JK,2020Q3,27.58017724,127.2524498,26.46380155,13.27175689,0.292732779,1.084758786,1,0,2,1,1,1,0
ERTX.JK,2019Q3,27.44110692,117.8501844,26.33918188,11.1377825,0.576722413,1.958455035,0,1,2,1,0,0,0
ESSA.JK,2020Q3,30.21650264,261.5601741,27.31775284,-4.354272283,-1.516847459,-4.450571826,1,0,0,1,1,1,0
ESSA.JK,2019Q3,30.22410172,332.0858301,27.36227199,640.5873036,-0.073119066,0.156763668,0,1,0,1,0,0,0
EXCL.JK,2020Q3,31.74134609,138.9100288,29.49722194,10.56286423,0.48023976,1.601781193,1,0,4,1,1,1,0
EXCL.JK,2019Q3,31.72376156,104.3220898,29.39680786,-2.069808159,0.361998773,1.15021849,0,1,4,1,0,0,0
FAST.JK,2020Q3,28.77543095,13.27640334,28.05689266,14.78436815,0.154129246,0.323878772,1,0,2,1,1,1,0
FAST.JK,2019Q3,28.65917302,15.88180616,27.91900754,10.70136535,1.641459198,3.261976322,0,1,2,1,0,0,0
FASW.JK,2020Q3,30.02796251,97.86965246,28.34153767,-26.76802268,0.095468287,0.23934544,1,0,0,1,1,1,0
FASW.JK,2019Q3,29.96344041,102.5978464,28.65307569,37.04267502,1.492823636,3.683716128,0,1,0,1,0,0,0
FIRE.JK,2020Q3,27.07936012,41.16556866,26.98774623,149.6358546,2.036072031,3.07525411,1,0,5,1,1,1,0
FIRE.JK,2019Q3,27.01435364,76.54595586,26.07291314,623.0828185,0.835213568,1.392535442,0,1,5,1,0,0,0
FISH.JK,2020Q3,29.59606086,102.5389985,28.89066337,1.876176273,-0.495647391,-2.248842499,1,0,1,0,1,0,0
FISH.JK,2019Q3,29.27290216,70.37202199,28.87207544,13.90476441,0.525885475,2.246196435,0,1,1,0,0,0,0
FMII.JK,2020Q3,27.5468391,30.54472676,23.7563624,118.4664013,-0.610947953,-0.857152066,1,0,0,0,1,0,0
FMII.JK,2019Q3,27.53263627,27.64636433,22.97490035,573.9898128,-0.529530775,-0.774921605,0,1,0,0,0,0,0
FREN.JK,2020Q3,30.9174613,75.28640014,28.29753267,38.44534532,-1.501496015,-4.709989615,1,0,4,1,1,1,0
FREN.JK,2019Q3,30.87108286,192.2090373,27.97222723,19.52788202,-2.176095821,-4.812490735,0,1,4,1,0,0,0
GAMA.JK,2020Q3,27.95826303,21.79557845,23.26430328,-44.92549287,-0.267454237,-0.339137327,1,0,0,0,1,0,0
GAMA.JK,2019Q3,27.98052375,26.39283407,23.86078652,72.42039256,0.013410646,0.016056048,0,1,0,0,0,0,0
GDYR.JK,2020Q3,28.20988798,44.54188979,27.01575117,-16.62844473,0.366077164,0.922245791,1,0,2,1,1,1,0
GDYR.JK,2019Q3,28.27670294,24.63114089,27.19761417,13.70502071,0.158732473,0.383987184,0,1,2,1,0,0,0
GEMA.JK,2020Q3,27.67568107,83.5653174,26.10863024,-37.57029224,-0.289366091,0.072307816,1,0,2,1,1,1,0
GEMA.JK,2019Q3,27.59703896,65.45435478,26.57975917,123.1714107,0.118175233,0.257232098,0,1,2,1,0,0,0
GEMS.JK,2020Q3,30.02613354,39.9802162,28.93851451,-13.34374895,1.370759825,2.683046598,1,0,5,1,1,1,0
GEMS.JK,2019Q3,30.00532533,32.65299412,29.08173554,77.49009693,1.373734142,2.992001574,0,1,5,1,0,0,0
GGRM.JK,2020Q3,31.90727455,18.68118516,30.99749506,17.86438397,2.340252006,3.281116115,1,0,1,0,1,0,0
GGRM.JK,2019Q3,31.83199579,22.41681812,30.83313057,15.53973177,4.272390028,6.454764713,0,1,1,0,0,0,0
GHON.JK,2020Q3,27.07658383,7.747549901,24.09673691,2.97702966,2.699892675,3.304260855,1,0,4,1,1,1,0
GHON.JK,2019Q3,26.82215341,10.37153505,24.06740114,28.30286781,2.712265557,3.265070205,0,1,4,1,0,0,0
GIAA.JK,2020Q3,31.79802854,171.9185168,30.38162968,15.71758685,-1.816185138,-20.34797561,1,0,6,1,1,1,0
GIAA.JK,2019Q3,31.627146,222.6971361,30.23564724,11.46386218,0.454400274,2.684117919,0,1,6,1,0,0,0
GJTL.JK,2020Q3,30.58756802,121.4204625,29.08325419,5.243731036,0.201141722,0.592792225,1,0,2,1,1,1,0
GJTL.JK,2019Q3,30.61223952,136.8198867,29.03214547,14.10540754,-0.125749757,-0.403963033,0,1,2,1,0,0,0
GMFI.JK,2020Q3,30.01729617,85.78039889,28.16792797,7.243155206,-4.479494934,-14.21720297,1,0,4,1,1,1,0
GMFI.JK,2019Q3,29.76049969,50.91497746,28.09799943,12.85962188,0.409567963,1.00662748,0,1,4,1,0,0,0
GMTD.JK,2020Q3,27.75731594,10.16773898,24.58942708,-23.47242758,0.848891664,1.341437793,1,0,0,0,1,0,0
GMTD.JK,2019Q3,27.8563973,9.35179196,24.85694617,9.221971255,-7.899501521,-12.70780976,0,1,0,0,0,0,0
GOLD.JK,2020Q3,26.26333671,37.60565634,22.85994301,9.48996174,1.142149049,1.260041725,1,0,4,1,1,1,0
GOLD.JK,2019Q3,26.07964682,56.68211529,22.76928033,11.89830253,-0.400914557,-1.050997775,0,1,4,1,0,0,0
GOLL.JK,2020Q3,28.54319024,208.3502954,24.16228943,-43.87353193,-0.675128365,-2.739361013,1,0,1,0,1,0,0
GOLL.JK,2019Q3,28.50673601,182.401433,24.73985211,119.9790329,-1.261557312,-3.378432346,0,1,1,0,0,0,0
GPRA.JK,2020Q3,28.18782202,38.81303555,25.40948551,-6.109748717,0.928935614,0.939760124,1,0,0,0,1,0,0
GPRA.JK,2019Q3,28.04467834,28.86690817,25.47252913,5.808950809,1.14846023,1.763716143,0,1,0,0,0,0,0
GSMF.JK,2020Q3,29.29819981,36.64184321,26.57279127,46.47931692,-0.201268324,#VALUE!,1,0,0,0,1,0,0
GSMF.JK,2019Q3,29.23108524,38.44023273,26.19107722,-13.03547105,0.327799546,#VALUE!,0,1,0,0,0,0,0
GWSA.JK,2020Q3,29.647807,6.264157691,23.72085727,22.35479197,0.076588345,0.119078797,1,0,0,0,1,0,0
GWSA.JK,2019Q3,29.6218174,5.528263013,23.5191025,-29.34811336,0.325246844,0.360367011,0,1,0,0,0,0,0
GZCO.JK,2020Q3,28.65245894,163.8777485,24.88456787,-55.66742449,-5.837227173,-15.3784866,1,0,1,0,1,0,0
GZCO.JK,2019Q3,28.81818016,103.0436179,25.69801831,10.91158527,-4.062853799,-12.87265149,0,1,1,0,0,0,0
HDFA.JK,2020Q3,27.67174628,582.81716,24.73736811,-52.73472982,-1.204060818,-2.014119106,1,0,0,0,1,0,0
HDFA.JK,2019Q3,28.71086815,575.4878641,25.48676252,-45.58564337,-3.306276475,-22.79604631,0,1,0,0,0,0,0
HERO.JK,2020Q3,29.41669192,1.985167937,28.66537502,-6.325027204,-2.216302432,-4.238327893,1,0,1,0,1,0,0
HERO.JK,2019Q3,29.69036645,3.207347824,28.73071415,-1.151330514,-0.239099881,-0.3706024,0,1,1,0,0,0,0
HEXA.JK,2020Q3,29.2082354,18.98258622,27.81253673,-0.635351351,3.024150732,4.304801934,1,0,3,0,1,0,0
HEXA.JK,2019Q3,29.01212572,1.827559747,27.81891051,29.78002862,2.632902394,5.218627131,0,1,3,0,0,0,0
HITS.JK,2020Q3,28.7268461,175.6395662,26.41267655,13.99921198,2.150868147,6.778620369,1,0,5,1,1,1,0
HITS.JK,2019Q3,28.64492623,206.1570643,26.2816552,19.00901893,1.352201889,5.482998836,0,1,5,1,0,0,0
HMSP.JK,2020Q3,31.52179695,1.276489027,30.91895629,-5.602342972,4.672637764,7.325442454,1,0,1,0,1,0,0
HMSP.JK,2019Q3,31.52517086,0.353034461,30.97661022,10.39924072,7.451867562,11.35506446,0,1,1,0,0,0,0
HOKI.JK,2020Q3,27.44742677,31.57595602,26.85637883,20.00288457,1.080756963,1.402568274,1,0,1,0,1,0,0
HOKI.JK,2019Q3,27.23226775,19.11743905,26.67403323,8.782835145,3.789108806,5.226102755,0,1,1,0,0,0,0
HOME.JK,2020Q3,26.35830794,29.85523669,22.72131592,-54.81884278,-0.22136648,-0.256931544,1,0,2,1,1,1,0
HOME.JK,2019Q3,26.39701784,23.50972116,23.51580598,43.23207548,-1.337070684,-2.072660832,0,1,2,1,0,0,0
HOTL.JK,2020Q3,27.87019535,0.424470542,23.86609656,3.228156145,-0.269549372,-1.01548192,1,0,2,1,1,1,0
HOTL.JK,2019Q3,27.73347561,113.2651572,23.8343251,-32.4670144,-0.008389941,-0.027579308,0,1,2,1,0,0,0
HRTA.JK,2020Q3,28.08977076,30.99911931,27.38142114,5.83793787,1.579150876,2.990538958,1,0,2,1,1,1,0
HRTA.JK,2019Q3,28.01335765,35.7896033,27.32468229,22.44438021,2.600056917,3.643323113,0,1,2,1,0,0,0
IATA.JK,2020Q3,27.55573233,31.51111827,24.70145715,-29.51666317,-1.882125196,-3.615317135,1,0,6,1,1,1,0
IATA.JK,2019Q3,27.62965977,34.68910724,25.05125101,50.93945646,-0.909296217,-1.632369585,0,1,6,1,0,0,0
IBFN.JK,2020Q3,28.14132098,266.8980923,24.27363521,-426.1218295,-1.746658945,-9.816843152,1,0,0,0,1,0,0
IBFN.JK,2019Q3,28.32130666,2287.312743,#NUM!,-16.6356116,1.208194218,5.313582548,0,1,0,0,0,0,0
IBST.JK,2020Q3,29.70753583,35.99944522,26.32171722,1.713205345,0.416359542,0.661537214,1,0,4,1,1,1,0
IBST.JK,2019Q3,29.59252116,40.85920495,26.30473027,39.80237093,0.210294853,0.304553302,0,1,4,1,0,0,0
ICBP.JK,2020Q3,31.25184023,7.45497285,30.01743794,13.52718373,3.461922156,4.982455553,1,0,1,0,1,0,0
ICBP.JK,2019Q3,31.17933469,12.73629972,29.89056582,6.398380486,3.549090006,5.395042606,0,1,1,0,0,0,0
ICON.JK,2020Q3,26.67898837,3.560929064,24.5474038,2.451451496,-0.571684859,-0.788326841,1,0,3,0,1,0,0
ICON.JK,2019Q3,26.78386357,24.42927045,24.52318494,283.4454544,1.763748692,2.656639813,0,1,3,0,0,0,0
IDPR.JK,2020Q3,28.2627056,37.61379934,25.90808423,10.63767424,-4.061920682,-6.508753629,1,0,4,1,1,1,0
IDPR.JK,2019Q3,28.21923461,26.88024277,25.80699375,-43.39024113,-0.131759707,-0.169362131,0,1,4,1,0,0,0
IMAS.JK,2020Q3,31.39074035,328.3392422,29.21576249,11.66056976,-0.472520946,-2.351424366,1,0,2,1,1,1,0
IMAS.JK,2019Q3,31.19772048,276.0051655,29.10546904,16.40575458,-0.457006362,-2.26572461,0,1,2,1,0,0,0
IMPC.JK,2020Q3,28.53509012,64.87798948,26.62620689,9.371669854,2.103061692,4.640733405,1,0,3,0,1,0,0
IMPC.JK,2019Q3,28.47062359,63.82689973,26.53662518,18.39923781,0.803631514,2.052146384,0,1,3,0,0,0,0
INAF.JK,2020Q3,27.91307677,109.2125182,26.09262089,-32.87505986,-0.93350945,-2.883425541,1,0,8,0,1,0,0
INAF.JK,2019Q3,28.05203311,109.0522635,26.49123542,8.390713854,-0.769394215,-2.245051145,0,1,8,0,0,0,0
INAI.JK,2020Q3,27.91445577,189.9964632,26.27509427,18.50179296,-0.022540488,-0.09100809,1,0,0,1,1,1,0
INAI.JK,2019Q3,27.95251664,237.7880786,26.10533637,-15.794309,0.530800465,2.249694911,0,1,0,1,0,0,0
INCF.JK,2020Q3,26.98877198,204.0556671,25.7483546,35.80598546,-0.956643167,-3.177346822,1,0,0,1,1,1,0
INCF.JK,2019Q3,26.99983051,220.6376177,25.4422975,-21.8606422,0.300082875,1.04407365,0,1,0,1,0,0,0
INCI.JK,2020Q3,26.66065934,0.201044295,25.15130188,8.66225414,0.884921806,1.086835412,1,0,0,1,1,1,0
INCI.JK,2019Q3,26.49429905,0.589907003,25.06822758,32.7938521,0.57052423,0.668167774,0,1,0,1,0,0,0
INCO.JK,2020Q3,31.05469315,0.079155603,28.74276484,-0.477780986,1.041450058,1.171846967,1,0,0,1,1,1,0
INCO.JK,2019Q3,31.11466658,1.934876476,28.7475541,44.58801607,1.233097463,1.407247394,0,1,0,1,0,0,0
INDF.JK,2020Q3,32.20951536,73.81073363,30.59832274,5.830742513,1.61041198,3.577554906,1,0,1,0,1,0,0
INDF.JK,2019Q3,32.1702598,82.54493944,30.54165188,3.094783045,1.331966957,3.40891939,0,1,1,0,0,0,0
INDR.JK,2020Q3,30.0295552,42.11641325,28.65698583,-15.47441443,0.172266074,0.34182072,1,0,2,1,1,1,0
INDR.JK,2019Q3,30.16746687,55.46567367,28.82510174,15.54300456,0.733194818,1.523621481,0,1,2,1,0,0,0
INDS.JK,2020Q3,28.55373988,1.403599549,26.8216053,-18.59505072,-0.583110652,-0.644625767,1,0,2,1,1,1,0
INDS.JK,2019Q3,28.54040377,1.887201709,27.02733941,29.88821903,0.030540981,0.035958349,0,1,2,1,0,0,0
INDY.JK,2020Q3,31.59086217,167.6778563,29.92608566,-9.153746208,-0.874565741,-3.993720531,1,0,5,1,1,1,0
INDY.JK,2019Q3,31.63496356,141.2344707,30.02208729,235.6447457,-0.400989977,-2.350697242,0,1,5,1,0,0,0
INKP.JK,2020Q3,32.45830121,111.1610106,30.05408358,-3.626153349,0.286970872,0.570502143,1,0,0,1,1,1,0
INKP.JK,2019Q3,32.40532096,119.6551363,30.0910189,23.71594109,0.836367204,1.908081134,0,1,0,1,0,0,0
INPP.JK,2020Q3,29.73259319,27.3665788,25.99799331,14.80660323,1.594145782,2.303939321,1,0,0,0,1,0,0
INPP.JK,2019Q3,29.53652167,40.96494371,25.85991449,43.5919739,24.03172805,38.14115636,0,1,0,0,0,0,0
INRU.JK,2020Q3,29.56652118,124.1080407,26.4560993,-5.181944349,-0.228111615,-0.723947032,1,0,0,1,1,1,0
INRU.JK,2019Q3,29.34350556,103.9827273,26.50930963,141.6650174,-0.983099688,-2.791739462,0,1,0,1,0,0,0
INTD.JK,2020Q3,24.68704374,1.235627718,23.94494345,6.292218742,-3.264819787,-3.871275835,1,0,0,1,1,1,0
INTD.JK,2019Q3,24.77772331,1.792427071,23.88392155,55.65554088,3.29912207,4.301624896,0,1,0,1,0,0,0
INTP.JK,2020Q3,30.90358446,0.504005971,29.1047078,1.792023177,2.423300115,2.818987056,1,0,0,1,1,1,0
INTP.JK,2019Q3,30.91322274,0.519268897,29.08694625,8.052467486,2.051472917,2.423759374,0,1,0,1,0,0,0
IPOL.JK,2020Q3,29.00692855,58.83970158,27.33310252,-10.50206324,0.724877947,1.133080112,1,0,0,1,1,1,0
IPOL.JK,2019Q3,29.08838062,66.25277597,27.44405714,18.25303315,0.335164042,0.538296979,0,1,0,1,0,0,0
ISAT.JK,2020Q3,31.69786532,280.7721718,29.51224218,15.0332985,-0.163296289,-0.942984675,1,0,4,1,1,1,0
ISAT.JK,2019Q3,31.57508152,202.0914949,29.37219073,-23.47148198,0.113998329,0.435337411,0,1,4,1,0,0,0
ISSP.JK,2020Q3,29.54000806,103.877207,27.90773652,1.178894068,0.744668771,1.498480297,1,0,0,1,1,1,0
ISSP.JK,2019Q3,29.54879469,108.8131319,27.89601653,14.80370388,1.038849929,2.326057715,0,1,0,1,0,0,0
JAWA.JK,2020Q3,28.89117947,482.6532675,26.00185701,-1.597115392,-2.707279928,-33.64602058,1,0,1,0,1,0,0
JAWA.JK,2019Q3,28.88064067,261.3619274,26.01795708,62.81404485,-1.906303637,-12.17622956,0,1,1,0,0,0,0
JECC.JK,2020Q3,28.32758924,132.8192529,27.13592655,-36.55701812,0.653972404,1.267319975,1,0,3,0,1,0,0
JECC.JK,2019Q3,28.39086663,172.5571425,27.59095515,65.56710898,1.291378659,4.168389845,0,1,3,0,0,0,0
JGLE.JK,2020Q3,28.96793194,24.42341509,24.85470205,-5.602731357,-0.537079684,-0.853219666,1,0,2,1,1,1,0
JGLE.JK,2019Q3,28.99029361,24.56356357,24.9123601,-23.38599905,-0.428651856,-0.726929714,0,1,2,1,0,0,0
JIHD.JK,2020Q3,29.51687335,5.083085792,26.44854789,-7.833947526,-1.180037795,-1.311898692,1,0,2,1,1,1,0
JIHD.JK,2019Q3,29.53765323,8.755935729,26.53012621,1.005524121,0.294030534,-0.031699614,0,1,2,1,0,0,0
JKON.JK,2020Q3,29.27550656,44.57949002,28.03620459,-3.994971269,0.195460302,0.330008919,1,0,4,1,1,1,0
JKON.JK,2019Q3,29.20934072,48.96656071,28.07697421,26.58649372,1.244620361,2.479715552,0,1,4,1,0,0,0
JPFA.JK,2020Q3,30.87330303,87.50744689,29.82096089,3.493193178,0.450345137,0.957476371,1,0,1,0,1,0,0
JPFA.JK,2019Q3,30.74947329,73.48671549,29.78662523,14.16290624,0.875297718,2.159563432,0,1,1,0,0,0,0
JRPT.JK,2020Q3,30.03062026,0.330674793,27.22753446,15.32449965,2.672450707,4.171781562,1,0,0,0,1,0,0
JRPT.JK,2019Q3,29.97219085,0.445094672,27.08495475,15.56969813,2.490893642,3.987600792,0,1,0,0,0,0,0
JSKY.JK,2020Q3,27.00536034,123.0363677,25.4173021,-9.361620796,0.049415788,0.106643487,1,0,5,1,1,1,0
JSKY.JK,2019Q3,26.84173488,89.84341408,25.51559455,19.0334661,1.727490221,4.408693711,0,1,5,1,0,0,0
JSMR.JK,2020Q3,32.12716418,199.0492522,29.45517733,-31.32908992,-0.624067526,-2.521123165,1,0,4,1,1,1,0
JSMR.JK,2019Q3,32.10237773,219.2498086,29.83102184,11.39853679,0.519558885,2.701281994,0,1,4,1,0,0,0
JSPT.JK,2020Q3,29.26782367,51.26973989,26.42301759,-45.658636,0.879116793,0.942546754,1,0,2,1,1,1,0
JSPT.JK,2019Q3,29.14882535,37.78650085,27.03290207,108.9529948,0.12136732,0.360782528,0,1,2,1,0,0,0
JTPE.JK,2020Q3,27.68434878,42.14432731,25.99568541,10.1724777,-1.831508151,-3.177020046,1,0,3,0,1,0,0
JTPE.JK,2019Q3,27.6540946,46.3307975,25.89880848,13.4661492,0.204699275,0.41404471,0,1,3,0,0,0,0
KAEF.JK,2020Q3,30.51373303,104.0097365,28.48717359,7.456510725,-0.0322344,-0.166887649,1,0,8,0,1,0,0
KAEF.JK,2019Q3,29.78583055,159.6460798,28.41525756,31.4632156,0.003233342,-0.080402925,0,1,8,0,0,0,0
KBLI.JK,2020Q3,28.78253368,10.87523117,27.42850945,-16.91541189,-0.22042588,-0.04183524,1,0,3,0,1,0,0
KBLI.JK,2019Q3,28.80206869,15.7206977,27.61382041,14.46415654,2.613899854,4.086464124,0,1,3,0,0,0,0
KBLM.JK,2020Q3,27.89786213,10.76458259,26.48646075,7.711562682,-0.14163612,-0.187479968,1,0,3,0,1,0,0
KBLM.JK,2019Q3,27.78358489,3.800656734,26.412174,3.245598984,1.047936491,1.647680961,0,1,3,0,0,0,0
KBLV.JK,2020Q3,29.56402462,111.8044353,24.40512068,-82.66062495,4.653174497,17.16369103,1,0,4,1,1,1,0
KBLV.JK,2019Q3,29.9331395,59.01540392,26.15731093,-4.171181158,-0.718400078,-2.063234868,0,1,4,1,0,0,0
KDSI.JK,2020Q3,27.95464863,66.11202113,27.07476165,-3.839635517,1.369939842,2.693614806,1,0,0,1,1,1,0
KDSI.JK,2019Q3,27.91434404,65.47304482,27.11391458,3.657759817,0.683660653,1.591353064,0,1,0,1,0,0,0
KIAS.JK,2020Q3,28.11318018,2.785881497,25.86912973,-12.94804421,-2.630247297,-3.450613109,1,0,3,0,1,0,0
KIAS.JK,2019Q3,28.17853746,0.974754512,26.00779478,11.40674562,-2.478369913,-3.038809079,0,1,3,0,0,0,0
KICI.JK,2020Q3,25.77539904,11.04081563,23.95700795,24.36975686,-0.398868798,-0.717077431,1,0,2,1,1,1,0
KICI.JK,2019Q3,25.74814939,11.30635285,23.7389191,-25.48339834,-0.307969799,-0.506338881,0,1,2,1,0,0,0
KIJA.JK,2020Q3,30.10918924,80.2138187,26.99127269,-19.11892075,-1.28731529,-3.55011263,1,0,0,0,1,0,0
KIJA.JK,2019Q3,30.07706875,94.25572752,27.20346296,-8.640769698,0.119287661,0.260760957,0,1,0,0,0,0,0
KINO.JK,2020Q3,29.16959153,38.35694839,27.86301683,41.19393766,0.813071414,1.624651551,1,0,1,0,1,0,0
KINO.JK,2019Q3,28.88569638,29.42898069,27.51805262,-3.098930844,1.744324143,3.246956508,0,1,1,0,0,0,0
KIOS.JK,2020Q3,26.29650289,127.1487457,27.15615754,0.637669551,-3.326942209,-8.440214273,1,0,7,1,1,1,0
KIOS.JK,2019Q3,26.29852055,159.0272889,27.14980109,1974.641958,0.193420752,0.445636208,0,1,7,1,0,0,0
KKGI.JK,2020Q3,28.17979993,8.937367705,26.83543625,450.4703248,2.899113225,3.215509692,1,0,5,1,1,1,0
KKGI.JK,2019Q3,28.01049498,5.954967617,25.12983339,-60.49537372,3.283882198,4.773986052,0,1,5,1,0,0,0
KLBF.JK,2020Q3,30.60624164,4.783058622,29.3623483,6.613590478,2.981673047,3.831980245,1,0,8,0,1,0,0
KLBF.JK,2019Q3,30.49498438,1.867775477,29.29830749,5.457825344,3.475342744,4.383792996,0,1,8,0,0,0,0
KMTR.JK,2020Q3,29.04099886,109.8680341,28.58080863,-8.887170781,1.066948349,2.666934618,1,0,0,1,1,1,0
KMTR.JK,2019Q3,28.94036964,124.3834148,28.6738802,3.353789307,-0.131110515,-0.220179757,0,1,0,1,0,0,0
KOBX.JK,2020Q3,28.20590578,90.11533384,26.2012768,-42.04525128,-1.187237345,-5.333825692,1,0,3,0,1,0,0
KOBX.JK,2019Q3,28.03250616,24.60856965,26.74678447,91.06030784,0.223655844,0.812315433,0,1,3,0,0,0,0
KONI.JK,2020Q3,25.48225204,712.2552849,24.10379255,-15.37096119,9.712532987,143.5962427,1,0,3,0,1,0,0
KONI.JK,2019Q3,25.47843915,591.6719951,24.27068528,32.33125188,-1.12750051,-10.56120144,0,1,3,0,0,0,0
KOPI.JK,2020Q3,25.76503106,20.08898326,24.63264038,130.2878474,1.138897588,2.329098777,1,0,5,1,1,1,0
KOPI.JK,2019Q3,25.90939475,17.95738576,23.79848053,-60.47867436,-0.442488291,-0.788513517,0,1,5,1,0,0,0
KPIG.JK,2020Q3,30.84873724,19.60879303,26.35491638,9.180413965,0.380867275,0.563006663,1,0,2,1,1,1,0
KPIG.JK,2019Q3,30.42102747,27.08455948,26.26708488,-15.04251761,1.458706092,1.867242412,0,1,2,1,0,0,0
KRAH.JK,2020Q3,27.17243269,290.6911952,24.63673708,-33.28722107,-2.854945084,-34.48844892,1,0,3,0,1,0,0
KRAH.JK,2019Q3,27.11428857,174.8776075,25.04151075,12.17492526,-2.211121093,-11.94109685,0,1,3,0,0,0,0
KRAS.JK,2020Q3,31.74160323,130.5332173,29.23665508,-20.75016697,-0.933513698,-6.591431635,1,0,0,1,1,1,0
KRAS.JK,2019Q3,31.72752914,117.7151592,29.46921996,14.94643842,-1.815022845,-4.61312472,0,1,0,1,0,0,0
KREN.JK,2020Q3,28.88996345,9.366896003,28.56551558,76.72091263,-7.412516757,-13.72255835,1,0,0,0,1,0,0
KREN.JK,2019Q3,28.58088086,12.58985131,27.99611404,1060.517995,-0.859384255,-3.196289069,0,1,0,0,0,0,0
LEAD.JK,2020Q3,28.39530603,234.597827,25.06584192,-24.9897065,0.090965113,0.328709816,1,0,5,1,1,1,0
LEAD.JK,2019Q3,28.67343544,117.1664308,25.35338675,-8.036589713,-1.782157671,-6.166000385,0,1,5,1,0,0,0
LINK.JK,2020Q3,29.46808771,15.41301364,27.59071357,1.20701046,3.189132335,5.467058128,1,0,4,1,1,1,0
LINK.JK,2019Q3,29.43838667,2.406084751,27.57871573,11.04066214,3.966601192,5.412162161,0,1,4,1,0,0,0
LION.JK,2020Q3,27.24350508,7.287776799,25.18856183,-4.816578991,-2.426492655,-3.522451995,1,0,3,0,1,0,0
LION.JK,2019Q3,27.23841648,7.549935385,25.23792623,15.55693629,0.377774612,0.540312081,0,1,3,0,0,0,0
LMPI.JK,2020Q3,27.34834191,92.17561915,25.79775412,17.5246267,-1.564681089,-4.195509755,1,0,2,1,1,1,0
LMPI.JK,2019Q3,27.42628749,86.38978777,25.6362764,15.03473206,-1.281149617,-3.141165643,0,1,2,1,0,0,0
LMSH.JK,2020Q3,25.72648726,1.129719631,24.13975317,-30.38630116,-2.403699573,-2.983127149,1,0,0,1,1,1,0
LMSH.JK,2019Q3,25.78276278,5.715772945,24.50196199,9.806154238,-3.932148743,-4.691091479,0,1,0,1,0,0,0
LPGI.JK,2020Q3,28.47465259,0.310525747,26.32340339,1.658326121,-0.3669793,#VALUE!,1,0,0,0,1,0,0
LPGI.JK,2019Q3,28.41617088,0.317611814,26.30695613,6.71630289,0.857377604,#VALUE!,0,1,0,0,0,0,0
LPKR.JK,2020Q3,31.67074813,42.33241845,28.64918987,-4.345060112,-1.685102916,-4.128883308,1,0,0,0,1,0,0
LPKR.JK,2019Q3,31.6010247,75.35265099,28.69361271,16.55728659,-0.42227805,-1.035546762,0,1,0,0,0,0,0
LPLI.JK,2020Q3,27.89501789,19.49484656,23.69905047,4.010822855,-2.776137732,-3.603549735,1,0,0,0,1,0,0
LPLI.JK,2019Q3,28.05373265,17.76630078,23.6597257,-18.15102697,-1.797524864,-2.306025472,0,1,0,0,0,0,0
LRNA.JK,2020Q3,26.47734723,4.582637358,24.36418348,31.45300159,-2.66028927,-3.218107129,1,0,6,1,1,1,0
LRNA.JK,2019Q3,26.22609749,3.879562567,24.09070428,1.720545327,1.835076385,2.158870733,0,1,6,1,0,0,0
LTLS.JK,2020Q3,29.40945503,128.2554075,28.07819231,-19.20465342,0.533865934,1.060473328,1,0,0,1,1,1,0
LTLS.JK,2019Q3,29.47037782,140.188253,28.29144312,30.21943312,0.917598802,2.211628263,0,1,0,1,0,0,0
MAGP.JK,2020Q3,27.90887276,121.5454585,24.21697542,16.65711491,-1.812920854,-6.456455938,1,0,1,0,1,0,0
MAGP.JK,2019Q3,27.75910569,24.21420371,24.06290662,-46.98902286,-1.134147511,-2.871087351,0,1,1,0,0,0,0
MAIN.JK,2020Q3,29.192406,102.7575467,28.21733016,1.782052209,-0.569798997,-1.433257949,1,0,1,0,1,0,0
MAIN.JK,2019Q3,29.10106193,96.18830506,28.19966656,30.75671204,1.055876475,2.448817216,0,1,1,0,0,0,0
MAMI.JK,2020Q3,27.6241337,38.16268094,24.39304404,33.00838749,0.127134422,0.067265507,1,0,2,1,1,1,0
MAMI.JK,2019Q3,27.55293502,26.91787807,24.10780204,36.58008137,0.378179343,0.238397568,0,1,2,1,0,0,0
MAPB.JK,2020Q3,28.31599851,0.179171978,27.39494049,17.88967543,-1.276872153,-3.185036371,1,0,2,1,1,1,0
MAPB.JK,2019Q3,28.13265482,0.132818241,27.23036144,12.63697553,2.408747581,4.091318039,0,1,2,1,0,0,0
MAPI.JK,2020Q3,30.20125074,31.71838536,29.31621471,13.90555007,-1.163916827,-3.676627401,1,0,2,1,1,1,0
MAPI.JK,2019Q3,30.15205588,56.75144127,29.1860153,19.25917176,1.610529301,2.456740863,0,1,2,1,0,0,0
MARI.JK,2020Q3,26.57476687,27.30619429,24.44193002,-0.341633037,2.728191869,4.32954996,1,0,2,1,1,1,0
MARI.JK,2019Q3,26.48440549,24.38643683,24.4453522,23.01687976,2.387333007,4.681392033,0,1,2,1,0,0,0
MARK.JK,2020Q3,26.79370043,40.5130422,25.23862396,7.547774666,6.91448916,10.67632067,1,0,3,0,1,0,0
MARK.JK,2019Q3,26.43987584,26.46825122,25.16585898,18.04604479,4.839278758,7.651273652,0,1,3,0,0,0,0
MASA.JK,2020Q3,29.70015532,50.87870271,27.64614687,-4.27416394,-0.890140226,-1.94437977,1,0,2,1,1,1,0
MASA.JK,2019Q3,29.88747259,66.72329585,27.68982883,25.69115547,-0.567887419,-1.043947213,0,1,2,1,0,0,0
MAYA.JK,2020Q3,32.15519526,23.72435142,27.38803704,-4.756702512,0.073780379,#VALUE!,1,0,0,0,1,0,0
MAYA.JK,2019Q3,32.05173533,19.32899335,27.43677258,28.05134335,0.458451638,#VALUE!,0,1,0,0,0,0,0
MBAP.JK,2020Q3,28.63846771,7.271168013,27.60568309,9.417908724,0.825326452,1.087537255,1,0,5,1,1,1,0
MBAP.JK,2019Q3,28.58472451,0.121822928,27.5156787,-16.20551832,5.145853887,6.909357812,0,1,5,1,0,0,0
MBSS.JK,2020Q3,28.84110854,32.91239006,26.39036472,-0.282442934,-1.41214997,-2.053196927,1,0,5,1,1,1,0
MBSS.JK,2019Q3,28.94303864,33.41447984,26.39319314,21.13537541,-0.032793107,-0.110861413,0,1,5,1,0,0,0
MBTO.JK,2020Q3,27.12596643,66.93812329,25.71446416,40.46955713,-6.96986603,-22.30806715,1,0,1,0,1,0,0
MBTO.JK,2019Q3,27.2243634,48.16038718,25.37464355,-49.03254557,-1.727552264,-3.784159364,0,1,1,0,0,0,0
MCAS.JK,2020Q3,28.09515452,20.49358581,28.55859707,93.53458716,2.736819922,10.04051927,1,0,7,1,1,1,0
MCAS.JK,2019Q3,27.31224875,32.46846387,27.89831102,365.0965242,1.988762318,1.885421721,0,1,7,1,0,0,0
MDIA.JK,2020Q3,29.38400064,65.56655589,26.73901301,-27.56283463,4.752316765,13.03892277,1,0,2,1,1,1,0
MDIA.JK,2019Q3,29.38754847,59.96271887,27.0614637,10.76701289,0.182255243,0.429907998,0,1,2,1,0,0,0
MDKA.JK,2020Q3,30.2465257,61.64578505,28.26251879,24.55763398,1.682328478,3.554082565,1,0,0,1,1,1,0
MDKA.JK,2019Q3,29.96909755,51.76279711,28.04292045,123.60516,2.676193046,5.443889091,0,1,0,1,0,0,0
MDKI.JK,2020Q3,27.55556454,1.951788387,25.36772404,-0.073018649,1.782074066,1.981416004,1,0,0,1,1,1,0
MDKI.JK,2019Q3,27.46663574,1.066497449,25.36845449,5.514836329,1.818117266,2.058890225,0,1,0,1,0,0,0
MDLN.JK,2020Q3,30.37643195,81.7725511,26.36035605,-64.18214375,-1.139308722,-2.70912984,1,0,0,0,1,0,0
MDLN.JK,2019Q3,30.34639642,71.81719884,27.38707969,71.89311536,-0.856232838,-1.892114735,0,1,0,0,0,0,0
MEDC.JK,2020Q3,32.11404611,277.4583347,29.11733099,7.76760991,-0.464212092,-3.262791215,1,0,5,1,1,1,0
MEDC.JK,2019Q3,31.92329472,204.8860405,29.04252403,58.89238188,-0.06157832,-0.479993923,0,1,5,1,0,0,0
META.JK,2020Q3,29.1061601,39.72469806,25.97202485,-22.89014888,-0.039150329,-0.142392616,1,0,4,1,1,1,0
META.JK,2019Q3,28.88618325,46.78923588,26.23196399,38.24876626,1.352806541,1.739959319,0,1,4,1,0,0,0
MFIN.JK,2020Q3,29.12427998,89.19046042,26.81974109,20.91174558,1.237006075,2.293646503,1,0,0,0,1,0,0
MFIN.JK,2019Q3,28.89640694,72.46245867,26.62985037,4.302396875,2.290066674,4.574962809,0,1,0,0,0,0,0
MFMI.JK,2020Q3,26.39107934,3.239991091,24.31869714,20.70264751,2.055976884,5.225983758,1,0,3,0,1,0,0
MFMI.JK,2019Q3,26.29893159,3.168764111,24.13053726,5.978483229,3.802514565,4.827097105,0,1,3,0,0,0,0
MICE.JK,2020Q3,27.64555013,39.2270661,25.94635227,11.3475093,-0.138389699,0.008780359,1,0,2,1,1,1,0
MICE.JK,2019Q3,27.51612292,24.95838019,25.83886643,13.23247073,1.435482171,2.298439183,0,1,2,1,0,0,0
MIDI.JK,2020Q3,29.21960305,181.0875919,28.68398415,5.812284444,0.608651125,2.678019199,1,0,1,0,1,0,0
MIDI.JK,2019Q3,29.26847976,258.5643301,28.62748772,14.52133005,1.036056268,4.568195323,0,1,1,0,0,0,0
MINA.JK,2020Q3,25.95868398,0.517232538,22.05389273,0.380565963,-1.564263585,-1.598281519,1,0,2,1,1,1,0
MINA.JK,2019Q3,25.55054618,0.092778084,22.0500943,9.43394658,1.716814251,1.790908983,0,1,2,1,0,0,0
MIRA.JK,2020Q3,26.63713527,31.85775486,24.26110862,-2.159138598,-1.532045316,-2.297890717,1,0,6,1,1,1,0
MIRA.JK,2019Q3,26.58740409,38.47323699,24.28293651,5.193743108,0.582773798,0.878265312,0,1,6,1,0,0,0
MKNT.JK,2020Q3,27.3389329,681.6840151,27.6157351,-27.73124088,-0.654091897,-5.883288157,1,0,2,1,1,1,0
MKNT.JK,2019Q3,27.72809994,333.1906184,27.94051335,-24.34203502,-6.900291603,-30.15186989,0,1,2,1,0,0,0
MKPI.JK,2020Q3,29.58265742,11.56023977,26.87009639,2.452001774,1.129125482,1.544617536,1,0,0,0,1,0,0
MKPI.JK,2019Q3,29.54136819,13.30641349,26.84587216,-24.80540274,2.332471971,3.113822369,0,1,0,0,0,0,0
MLBI.JK,2020Q3,28.69237139,81.6794296,27.5327322,-2.244398979,2.740594771,7.185041138,1,0,1,0,1,0,0
MLBI.JK,2019Q3,28.59022113,56.1238929,27.55543189,12.36054862,9.567420643,41.29154715,0,1,1,0,0,0,0
MLIA.JK,2020Q3,29.31672674,68.30353249,27.63043805,-31.23172108,1.009427617,2.298743827,1,0,3,0,1,0,0
MLIA.JK,2019Q3,29.25188091,78.14403099,28.00486566,-9.985530569,0.00551715,0.012558267,0,1,3,0,0,0,0
MLPL.JK,2020Q3,30.43505594,90.3525069,28.89608526,-8.476203121,0.198723107,2.143436145,1,0,3,0,1,0,0
MLPL.JK,2019Q3,30.53885928,87.95167876,28.98465643,-17.11506685,0.102075994,1.019866875,0,1,3,0,0,0,0
MMLP.JK,2020Q3,29.48066342,16.95083794,25.11946318,19.40040992,0.54511223,0.610615856,1,0,0,0,1,0,0
MMLP.JK,2019Q3,29.37976367,13.84034276,24.94215073,53.76428184,0.710594448,0.853382937,0,1,0,0,0,0,0
MNCN.JK,2020Q3,30.47314109,45.18551826,28.49205915,13.34008566,3.67548235,5.311046109,1,0,2,1,1,1,0
MNCN.JK,2019Q3,30.40914375,47.54962202,28.36683643,3.535678977,3.778728105,5.880000116,0,1,2,1,0,0,0
MPMX.JK,2020Q3,29.92034608,4.175963387,29.12475498,8.121386855,0.935343854,1.278874784,1,0,2,1,1,1,0
MPMX.JK,2019Q3,30.16026828,1.432528991,29.04667062,6.934894278,1.586812947,2.127667807,0,1,2,1,0,0,0
MPOW.JK,2020Q3,26.42244586,90.90524684,23.2273446,-20.40019056,-1.09109205,-2.057362724,1,0,4,1,1,1,0
MPOW.JK,2019Q3,26.4946221,123.6812395,23.45550309,-11.33006782,0.583564802,1.151364202,0,1,4,1,0,0,0
MPPA.JK,2020Q3,29.10368765,141.3056061,28.60550792,-10.531089,-2.321060621,-32.09595626,1,0,1,0,1,0,0
MPPA.JK,2019Q3,29.29964242,180.1929601,28.71678691,-18.08446377,-1.577465364,-7.422901571,0,1,1,0,0,0,0
MRAT.JK,2020Q3,26.96093953,14.95431994,25.04251006,-3.656990531,0.038899104,0.055650881,1,0,1,0,1,0,0
MRAT.JK,2019Q3,26.95246171,14.55122007,25.07976541,24.23292574,0.934206173,1.300611873,0,1,1,0,0,0,0
MREI.JK,2020Q3,28.92608188,0.20312464,26.7194502,64.69837416,0.537267101,#VALUE!,1,0,0,0,1,0,0
MREI.JK,2019Q3,28.72605096,0.13230529,26.22050462,19.39843885,0.752588095,#VALUE!,0,1,0,0,0,0,0
MSKY.JK,2020Q3,29.15846559,73.12401227,27.133569,-7.183644437,-1.152034888,-1.798164061,1,0,2,1,1,1,0
MSKY.JK,2019Q3,29.20413171,112.8357838,27.20811632,1.753195217,-0.792924738,-1.843301861,0,1,2,1,0,0,0
MTDL.JK,2020Q3,29.36475503,3.357083558,29.03294667,11.45300627,3.094060606,5.006568234,1,0,7,1,1,1,0
MTDL.JK,2019Q3,29.19375414,16.85159534,28.92451382,20.65177496,2.922709584,5.452699577,0,1,7,1,0,0,0
MTLA.JK,2020Q3,29.31281732,29.40674457,25.97906966,-45.69650026,1.95844581,2.822991224,1,0,0,0,1,0,0
MTLA.JK,2019Q3,29.22616907,36.40625489,26.58965117,43.5852814,0.735309837,1.287188894,0,1,0,0,0,0,0
MTRA.JK,2020Q3,26.2519008,54.67742802,24.68742189,17.91810511,0.177239738,0.552532097,1,0,4,1,1,1,0
MTRA.JK,2019Q3,26.31581885,64.44551777,24.52260172,-13.08087784,0.683680629,1.265303361,0,1,4,1,0,0,0
MYOH.JK,2020Q3,28.43938168,8.743624259,27.5957505,2.220171012,1.49581158,1.917078137,1,0,5,1,1,1,0
MYOH.JK,2019Q3,28.38462995,9.76657209,27.57379166,49.231758,4.921486411,6.666663055,0,1,5,1,0,0,0
MYOR.JK,2020Q3,30.53233954,67.09897521,29.40611282,-9.676815371,3.358153944,5.842939757,1,0,1,0,1,0,0
MYOR.JK,2019Q3,30.5223935,91.75289991,29.50788882,33.09917538,1.645956012,3.215366218,0,1,1,0,0,0,0
MYRX.JK,2020Q3,30.04326406,30.80306581,26.44901949,744.0947031,0.197210257,0.100245563,1,0,0,0,1,0,0
MYRX.JK,2019Q3,29.7783163,25.41630452,24.31592498,-65.26985396,0.706839857,1.277968128,0,1,0,0,0,0,0
NELY.JK,2020Q3,26.96098199,11.04511593,24.83589069,5.275465022,2.071811161,2.40709315,1,0,6,1,1,1,0
NELY.JK,2019Q3,26.82798065,0.541194719,24.78448049,35.92309371,2.042797226,2.400828819,0,1,6,1,0,0,0
NIKL.JK,2020Q3,28.26643016,139.0710795,27.081941,-7.005153772,-1.02855554,-2.973280531,1,0,0,1,1,1,0
NIKL.JK,2019Q3,28.26570016,152.8190596,27.15456711,22.63439032,-0.452227588,-1.263823694,0,1,0,1,0,0,0
NIPS.JK,2020Q3,28.19163132,68.45696652,26.19440347,-15.10160228,0.508923507,1.085403987,1,0,2,1,1,1,0
NIPS.JK,2019Q3,28.07513138,98.94102689,26.35811843,3.253897284,1.121833023,2.323990005,0,1,2,1,0,0,0
NIRO.JK,2020Q3,29.69807655,41.0953751,25.56698849,5.977944272,-1.882312988,-1.368009764,1,0,0,0,1,0,0
NIRO.JK,2019Q3,29.25659469,49.09575338,25.50892768,12.05839023,-0.166720725,-0.197878234,0,1,0,0,0,0,0
NISP.JK,2020Q3,32.79780722,17.49578068,28.34339674,0.567248828,0.201831071,#VALUE!,1,0,0,0,1,0,0
NISP.JK,2019Q3,32.73085547,31.35725145,28.33774028,5.571027304,0.387012878,#VALUE!,0,1,0,0,0,0,0
NOBU.JK,2020Q3,30.11507465,27.9286613,25.51596898,-5.874871251,0.124335351,#VALUE!,1,0,0,0,1,0,0
NOBU.JK,2019Q3,29.98321214,19.39059079,25.57651411,48.66423061,0.072621018,#VALUE!,0,1,0,0,0,0,0
OMRE.JK,2020Q3,29.0734544,2.104729589,24.2763744,12.54181108,-1.713720901,-1.953654238,1,0,0,0,1,0,0
OMRE.JK,2019Q3,29.06877613,1.937691307,24.15821978,-19.36732592,-0.58923144,-0.646275002,0,1,0,0,0,0,0
PALM.JK,2020Q3,28.46372446,11.55309856,24.60299455,-67.38215326,0.276033472,0.303335258,1,0,1,0,1,0,0
PALM.JK,2019Q3,28.52050165,29.01858372,25.72330515,-18.09014165,-1.00501918,-1.21481567,0,1,1,0,0,0,0
PANR.JK,2020Q3,28.3148553,98.61049782,27.28632271,-2.966791987,-2.608981401,-6.192662939,1,0,2,1,1,1,0
PANR.JK,2019Q3,28.56991406,125.6383486,27.31643962,16.76896244,1.207235138,1.231463063,0,1,2,1,0,0,0
PANS.JK,2020Q3,28.41365437,32.85998552,24.59282899,-50.1708192,0.998309129,1.578206914,1,0,0,0,1,0,0
PANS.JK,2019Q3,28.50104694,22.97699884,25.28939841,13.31126543,-0.819342647,-1.327703077,0,1,0,0,0,0,0
PBRX.JK,2020Q3,29.78559804,107.8182698,28.70881638,5.953354188,0.9114842,3.130529487,1,0,2,1,1,1,0
PBRX.JK,2019Q3,29.82755945,119.2590075,28.65098762,26.54037627,1.320673189,2.834658288,0,1,2,1,0,0,0
PCAR.JK,2020Q3,25.44770117,5.787867648,23.49366318,-63.50440554,-6.29035304,-9.248497192,1,0,1,0,1,0,0
PCAR.JK,2019Q3,25.57714273,5.816359686,24.50164181,40.40293291,-3.064785806,-3.992045756,0,1,1,0,0,0,0
PDES.JK,2020Q3,26.86077618,63.75285298,25.42773044,-15.41710385,-7.526807714,-17.98324953,1,0,2,1,1,1,0
PDES.JK,2019Q3,26.88723463,60.73742187,25.59516856,9.433371983,1.295815158,2.812030619,0,1,2,1,0,0,0
PGAS.JK,2020Q3,32.27441506,105.7425124,30.30576981,0.193382513,0.749759572,1.845005596,1,0,5,1,1,1,0
PGAS.JK,2019Q3,32.22860288,74.88964029,30.30383785,42.67646655,1.286879157,2.934004183,0,1,5,1,0,0,0
PGLI.JK,2020Q3,25.19176106,2.41683913,22.38446869,-7.726859815,-1.924785018,-2.810232635,1,0,2,1,1,1,0
PGLI.JK,2019Q3,25.17779071,4.354321365,22.46488578,-9.960752166,-0.240104962,-0.00621992,0,1,2,1,0,0,0
PICO.JK,2020Q3,27.47020849,135.7266479,26.05528354,0.499245221,0.180185384,0.667271339,1,0,0,1,1,1,0
PICO.JK,2019Q3,27.31593474,122.2903802,26.05030351,1.282044854,0.610524117,1.721866922,0,1,0,1,0,0,0
PJAA.JK,2020Q3,29.02771273,47.91716147,26.55589756,8.695685372,-3.150405314,-6.63326121,1,0,2,1,1,1,0
PJAA.JK,2019Q3,29.06719531,69.92880342,26.47251565,2.522098749,1.46328099,3.069398595,0,1,2,1,0,0,0
PLAS.JK,2020Q3,25.97391584,14.42385743,22.39268645,-82.62475636,0.000478099,-0.000020217,1,0,0,0,1,0,0
PLAS.JK,2019Q3,26.60898163,37.83689644,24.14281023,-443.2962304,-18.68461366,-24.82959334,0,1,0,0,0,0,0
PLIN.JK,2020Q3,29.17319793,3.283549153,26.55776429,26.05939046,0.735303487,0.805286725,1,0,0,0,1,0,0
PLIN.JK,2019Q3,29.23296954,313.6216818,26.32618133,-29.51991635,3.426708514,9.89860522,0,1,0,0,0,0,0
PNBN.JK,2020Q3,32.99077152,56.42293059,28.67138157,-6.185690372,0.464064752,#VALUE!,1,0,0,0,1,0,0
PNBN.JK,2019Q3,32.95034906,60.97248436,28.73523436,16.69814101,0.394125181,#VALUE!,0,1,0,0,0,0,0
PNBS.JK,2020Q3,29.88478509,0.001673452,24.80973258,-18.26688055,-0.0124755,#VALUE!,1,0,0,0,1,0,0
PNBS.JK,2019Q3,29.72668671,0.011734973,25.01144347,-15.30740663,0.033313581,#VALUE!,0,1,0,0,0,0,0
PORT.JK,2020Q3,28.48758024,68.99495464,26.35115167,-9.102348139,-1.977354237,-2.920794709,1,0,4,1,1,1,0
PORT.JK,2019Q3,28.39106197,89.93703976,26.44658769,-16.67780114,-0.184225975,0.546867127,0,1,4,1,0,0,0
POWR.JK,2020Q3,30.56033082,82.35872462,28.39947034,-1.903086604,0.924479275,1.810819471,1,0,4,1,1,1,0
POWR.JK,2019Q3,30.60013568,83.21834251,28.41868462,16.49133022,1.7865359,3.609526095,0,1,4,1,0,0,0
PPRO.JK,2020Q3,30.53212107,129.5530723,26.93301417,-22.20786768,0.15580099,0.608009083,1,0,0,0,1,0,0
PPRO.JK,2019Q3,30.37322665,104.9778699,27.18414406,-13.8794781,0.323363609,0.969371794,0,1,0,0,0,0,0
PRAS.JK,2020Q3,28.14598032,126.8414887,24.90111073,-62.31632477,-1.229265925,-3.785004026,1,0,2,1,1,1,0
PRAS.JK,2019Q3,28.16130221,128.4345809,25.87705393,135.1456413,-0.202543327,-0.473327086,0,1,2,1,0,0,0
PRDA.JK,2020Q3,28.29655658,1.610574668,26.80959956,8.834046428,6.736081294,8.392555731,1,0,8,0,1,0,0
PRDA.JK,2019Q3,28.24110783,3.919310118,26.72494553,9.46191957,2.045355968,2.520851202,0,1,8,0,0,0,0
PSAB.JK,2020Q3,30.2317484,124.3530032,27.42877564,30.52033984,-0.112854768,-1.572307998,1,0,0,1,1,1,0
PSAB.JK,2019Q3,30.21155005,123.4157571,27.16241675,-18.9857285,0.094352972,0.328273649,0,1,0,1,0,0,0
PTBA.JK,2020Q3,30.8591001,3.314427032,29.36074418,2.33265282,1.716947822,2.72877935,1,0,3,1,1,1,0
PTBA.JK,2019Q3,30.74321876,5.903186436,29.33768555,29.5065728,4.520009068,6.588025668,0,1,3,1,0,0,0
PTIS.JK,2020Q3,26.99697497,65.39404628,24.54141922,1.898581099,0.003001754,0.006432051,1,0,3,1,1,1,0
PTIS.JK,2019Q3,27.07094191,89.0791529,24.52261139,25.36753147,0.083856273,0.191598529,0,1,3,1,0,0,0
PTPP.JK,2020Q3,31.63542822,127.4457963,29.29231484,-0.2590917,0.036647039,0.095521311,1,0,7,1,1,1,0
PTPP.JK,2019Q3,31.51491017,105.8404666,29.29490912,-6.308988058,0.409311966,1.361242606,0,1,7,1,0,0,0
PTRO.JK,2020Q3,29.7356263,103.6101672,28.3229662,11.41141773,0.773902575,1.851703821,1,0,3,1,1,1,0
PTRO.JK,2019Q3,29.66958975,100.5557716,28.21490657,59.48191454,2.216331197,6.429286021,0,1,3,1,0,0,0
PTSN.JK,2020Q3,28.82222268,32.94843853,27.89638346,-47.55936622,0.876237284,1.617096916,1,0,10,1,1,1,0
PTSN.JK,2019Q3,29.2036762,9.905787822,28.5418719,730.3343863,0.329942269,1.149121438,0,1,10,1,0,0,0
PTSP.JK,2020Q3,26.4851486,18.44723245,25.85033616,17.47558801,-4.441592205,-13.06580987,1,0,2,1,1,1,0
PTSP.JK,2019Q3,26.41034891,29.91801884,25.68927579,5.325927323,1.850244944,3.550715488,0,1,2,1,0,0,0
PWON.JK,2020Q3,30.87578566,34.95706157,28.18230864,-6.280256978,0.782794946,0.828744248,1,0,9,1,1,1,0
PWON.JK,2019Q3,30.8344714,49.68336251,28.24716995,28.31692637,3.360749674,5.599954104,0,1,9,1,0,0,0
PYFA.JK,2020Q3,25.96893185,18.75586124,24.87196182,1.166171273,4.965576189,7.685138924,1,0,5,1,1,1,0
PYFA.JK,2019Q3,25.95678791,27.81243419,24.86036759,1.391435196,1.688935679,2.630328225,0,1,5,1,0,0,0
RBMS.JK,2020Q3,27.4245666,24.58474397,23.74903105,-38.56713672,-1.550150814,-2.049337898,1,0,9,1,1,1,0
RBMS.JK,2019Q3,27.09049325,34.93624368,24.23625632,-17.71695328,-0.372219342,-0.491458181,0,1,9,1,0,0,0
RELI.JK,2020Q3,27.21002413,23.38943797,22.85781869,176.5399719,9.4635277,11.81708005,1,0,4,1,1,1,0
RELI.JK,2019Q3,27.13217641,21.43161706,21.84063351,84.87787876,1.081373999,1.467650833,0,1,4,1,0,0,0
RICY.JK,2020Q3,28.0642816,162.3724715,26.44748959,-46.54935328,-1.43116047,-6.508182267,1,0,2,1,1,1,0
RICY.JK,2019Q3,27.95155683,156.4037464,27.07390104,63.61059395,0.214580628,0.625660744,0,1,2,1,0,0,0
RIMO.JK,2020Q3,29.39731359,7.444108575,26.05343091,414.6338914,0.149322254,0.173182668,1,0,9,1,1,1,0
RIMO.JK,2019Q3,29.28198871,2.893089361,24.41514534,1179.131578,1.014820521,1.215734795,0,1,9,1,0,0,0
RISE.JK,2020Q3,28.48226934,16.38302603,24.92533556,19.4447082,-0.48966955,-0.454847692,1,0,2,1,1,1,0
RISE.JK,2019Q3,28.41520443,16.23011392,24.74765217,43.37565226,-0.008830564,0.034072369,0,1,2,1,0,0,0
RMBA.JK,2020Q3,30.35025528,36.99486951,29.27449923,-7.686604225,-0.77797704,-1.471331677,1,0,8,1,1,1,0
RMBA.JK,2019Q3,30.27407694,25.22973591,29.35448015,8.008531393,-1.928584952,-3.636492851,0,1,8,1,0,0,0
RODA.JK,2020Q3,29.01401633,28.64830688,25.12612192,37.14824825,-0.618123363,-1.053966899,1,0,9,1,1,1,0
RODA.JK,2019Q3,28.90346619,24.89631812,24.81022966,4.020441402,-0.287729407,-0.40410226,0,1,9,1,0,0,0
ROTI.JK,2020Q3,29.14358766,24.46499759,27.49792038,23.47161642,0.606330167,1.299435192,1,0,8,1,1,1,0
ROTI.JK,2019Q3,29.08937631,29.62182745,27.28707926,10.49313659,2.194055944,3.752635631,0,1,8,1,0,0,0
RUIS.JK,2020Q3,27.81347738,121.752207,26.75013964,13.81171222,0.312897637,0.919322815,1,0,3,1,1,1,0
RUIS.JK,2019Q3,27.69683915,100.0059981,26.6207644,21.25861104,0.678148239,1.819740262,0,1,3,1,0,0,0
SCCO.JK,2020Q3,29.1292388,19.50795365,27.88652962,-4.442619635,0.871906803,1.076378755,1,0,6,1,1,1,0
SCCO.JK,2019Q3,29.07608765,16.61212969,27.9319729,9.250998498,2.160194942,3.143269817,0,1,6,1,0,0,0
SCMA.JK,2020Q3,29.59318678,0.230208431,27.95250982,4.719350032,4.508037592,6.24974334,1,0,2,1,1,1,0
SCMA.JK,2019Q3,29.45373535,0.505286854,27.90639609,30.43203166,3.312903602,4.399207301,0,1,2,1,0,0,0
SCPI.JK,2020Q3,27.96050929,101.174002,27.1589372,17.49155397,3.659388274,8.322023973,1,0,5,1,1,1,0
SCPI.JK,2019Q3,28.26091082,202.8098735,26.99774094,-8.68765737,1.565574132,4.121564384,0,1,5,1,0,0,0
SDMU.JK,2020Q3,26.57521132,82.4822667,24.03222694,15.19741943,8.339646118,180.6829319,1,0,11,1,1,1,0
SDMU.JK,2019Q3,26.62703398,70.60168087,23.89074977,18.83495771,-2.833252232,-5.369749379,0,1,11,1,0,0,0
SDPC.JK,2020Q3,27.86364589,246.5383978,27.24895569,9.075822465,-0.011578059,-0.057729628,1,0,8,1,1,1,0
SDPC.JK,2019Q3,27.73098288,201.2201209,27.16208262,12.91459005,0.103197925,0.557525653,0,1,8,1,0,0,0
SDRA.JK,2020Q3,31.29626911,124.736936,26.55022419,-13.48781831,0.445665159,#VALUE!,1,0,4,1,1,1,0
SDRA.JK,2019Q3,30.99414287,68.36489532,26.69510914,13.762809,0.319950454,#VALUE!,0,1,4,1,0,0,0
SGRO.JK,2020Q3,29.86893687,97.08188248,27.52948819,-5.089727669,0.209479303,0.421533693,1,0,8,1,1,1,0
SGRO.JK,2019Q3,29.83305954,91.82391185,27.58172643,2.656619045,0.391366394,0.91006951,0,1,8,1,0,0,0
SHID.JK,2020Q3,28.02062627,51.87373747,24.0667208,-27.99200702,-0.862855356,-1.375522172,1,0,2,1,1,1,0
SHID.JK,2019Q3,28.03959003,51.1790604,24.39511386,15.05071001,-1.070796877,-1.70218295,0,1,2,1,0,0,0
SHIP.JK,2020Q3,28.8502566,148.7114067,26.39682838,42.45070333,2.204141314,4.343279034,1,0,3,1,1,1,0
SHIP.JK,2019Q3,28.82477526,132.7988341,26.04300257,49.48329329,1.617319348,3.817417908,0,1,3,1,0,0,0
SILO.JK,2020Q3,29.71112481,2.6416677,28.24015769,18.82461501,0.996109005,1.397519067,1,0,5,1,1,1,0
SILO.JK,2019Q3,29.67242805,2.832211805,28.06767929,11.40164216,0.544783677,0.601863104,0,1,5,1,0,0,0
SIMP.JK,2020Q3,31.19286606,85.13744233,28.77632613,-6.619210823,-0.85628443,-1.752300893,1,0,8,1,1,1,0
SIMP.JK,2019Q3,31.19978349,78.97051921,28.84481068,-18.24103254,-1.018853275,-1.898486463,0,1,8,1,0,0,0
SIPD.JK,2020Q3,28.45800314,95.19223094,27.66655427,24.55187999,0.861533863,2.22695093,1,0,8,1,1,1,0
SIPD.JK,2019Q3,28.39363559,102.8541872,27.44700212,31.930381,1.303223834,3.441550643,0,1,8,1,0,0,0
SKBM.JK,2020Q3,28.16633661,53.83292358,26.84642553,0.847453282,-0.436731564,-0.741713006,1,0,8,1,1,1,0
SKBM.JK,2019Q3,28.11751727,39.02212178,26.83798671,-7.231844723,-0.00678084,-0.074994581,0,1,8,1,0,0,0
SKLT.JK,2020Q3,27.40942849,54.1999005,26.53622713,21.41918606,1.107439177,2.185063159,1,0,8,1,1,1,0
SKLT.JK,2019Q3,27.30441696,52.46086401,26.34214841,13.90926796,1.56934099,3.410885524,0,1,8,1,0,0,0
SMAR.JK,2020Q3,30.91255214,116.0044072,29.78005122,-14.41389155,0.647526883,1.842872656,1,0,8,1,1,1,0
SMAR.JK,2019Q3,30.99501509,122.1638053,29.93569842,19.56837259,0.906983648,2.342036308,0,1,8,1,0,0,0
SMBR.JK,2020Q3,29.35488906,45.00238907,27.10403731,0.258691516,0.440978759,0.749238364,1,0,1,1,1,1,0
SMBR.JK,2019Q3,29.32196696,40.80121932,27.10145374,58.18785186,0.271064838,0.438060634,0,1,1,1,0,0,0
SMCB.JK,2020Q3,30.59581876,142.4804281,28.8005683,8.86843268,1.792853235,4.934789876,1,0,1,1,1,1,0
SMCB.JK,2019Q3,30.57267184,132.5770657,28.71559837,14.11330982,2.482757573,7.523775389,0,1,1,1,0,0,0
SMDM.JK,2020Q3,28.7928031,11.7787304,25.57380467,-2.17912438,0.560334169,0.589871055,1,0,9,1,1,1,0
SMDM.JK,2019Q3,28.78402277,12.02867574,25.59583685,18.17389782,0.16643875,-0.134311764,0,1,9,1,0,0,0
SMDR.JK,2020Q3,29.66368406,83.63831714,28.07833749,-20.63743989,0.117049423,0.197443383,1,0,11,1,1,1,0
SMDR.JK,2019Q3,29.8033557,76.32895619,28.30948096,32.96467182,0.007584316,0.287000592,0,1,11,1,0,0,0
SMGR.JK,2020Q3,32.02047115,105.6949501,30.09674403,44.49741021,1.179699408,2.800158881,1,0,1,1,1,1,0
SMGR.JK,2019Q3,31.55844026,34.12230712,29.72865263,3.940856826,1.022565814,2.636228814,0,1,1,1,0,0,0
SMMA.JK,2020Q3,32.3252812,30.87481798,29.75510734,-26.98524587,0.243215091,#VALUE!,1,0,4,1,1,1,0
SMMA.JK,2019Q3,32.23087764,25.62549531,30.06961599,96.4360959,0.177587636,#VALUE!,0,1,4,1,0,0,0
SMMT.JK,2020Q3,27.45311472,44.0947099,24.98252006,81.98324969,1.043916372,1.302441329,1,0,3,1,1,1,0
SMMT.JK,2019Q3,27.37181422,58.39788556,24.38377559,537.2321691,0.825226262,1.21268981,0,1,3,1,0,0,0
SMRA.JK,2020Q3,30.80405596,119.8563624,28.18346195,28.17218959,-0.033269489,-0.313898509,1,0,9,1,1,1,0
SMRA.JK,2019Q3,30.76250969,127.7225408,27.93525754,4.714562133,0.833389595,2.341987331,0,1,9,1,0,0,0
SMRU.JK,2020Q3,28.23073295,81.02719759,26.04495001,3.231908858,-1.935569854,-4.589192461,1,0,3,1,1,1,0
SMRU.JK,2019Q3,28.25576506,86.44652416,26.0131422,4.16610972,-2.395472596,-4.832464363,0,1,3,1,0,0,0
SMSM.JK,2020Q3,28.72237345,4.852995509,27.64436864,-4.31140054,4.994743992,6.64136378,1,0,2,1,1,1,0
SMSM.JK,2019Q3,28.65834325,8.704453215,27.68843966,19.078292,6.665571496,8.779054102,0,1,2,1,0,0,0
SOCI.JK,2020Q3,29.90864405,99.42241371,26.98557463,20.23400954,0.156908279,0.317379997,1,0,3,1,1,1,0
SOCI.JK,2019Q3,29.85160399,93.45057383,26.80130489,0.812658315,0.551949328,1.138743592,0,1,3,1,0,0,0
SONA.JK,2020Q3,27.86691971,11.30398649,26.79842171,-21.63537019,-1.958207214,-2.734183596,1,0,2,1,1,1,0
SONA.JK,2019Q3,27.90404479,19.28821032,27.04221922,42.87926104,1.238689335,2.00106264,0,1,2,1,0,0,0
SPMA.JK,2020Q3,28.43490235,48.13423866,27.18878786,4.803336668,0.922337909,1.512560231,1,0,1,1,1,1,0
SPMA.JK,2019Q3,28.40607053,61.37363223,27.14187244,10.09645078,1.090088464,1.806735904,0,1,1,1,0,0,0
SRAJ.JK,2020Q3,28.68811294,10.62026407,26.21555327,33.69405064,-1.397865928,-3.077730008,1,0,5,1,1,1,0
SRAJ.JK,2019Q3,28.57736176,8.007707838,25.92516947,22.43504168,-0.37358266,-0.582572046,0,1,5,1,0,0,0
SRIL.JK,2020Q3,30.63150245,133.557457,29.12312816,12.49441817,1.333538861,3.430774626,1,0,2,1,1,1,0
SRIL.JK,2019Q3,30.55657573,144.6600983,29.00539474,34.45456318,1.85213714,4.661980844,0,1,2,1,0,0,0
SRSN.JK,2020Q3,27.32908286,35.7789085,25.86657336,4.421353521,1.011226588,1.586085993,1,0,1,1,1,1,0
SRSN.JK,2019Q3,27.25275138,30.60491827,25.82330936,33.19477088,1.726060507,2.401473078,0,1,1,1,0,0,0
SRTG.JK,2020Q3,30.90765157,16.82432917,28.99285423,527.5640974,12.776185,14.86218714,1,0,4,1,1,1,0
SRTG.JK,2019Q3,30.87784762,17.82809025,27.1561786,-39.70719385,15.52780988,18.75586701,0,1,4,1,0,0,0
SSIA.JK,2020Q3,29.72083408,48.26884365,27.58526873,-16.08726894,-0.878406366,-1.996758974,1,0,7,1,1,1,0
SSIA.JK,2019Q3,29.63910746,40.35474414,27.76066158,42.26392236,0.527580484,0.662169015,0,1,7,1,0,0,0
SSMS.JK,2020Q3,30.09738523,154.0550885,27.55138785,-14.53827897,1.418931564,4.174212204,1,0,8,1,1,1,0
SSMS.JK,2019Q3,30.02883828,126.9131892,27.70848946,31.4024832,0.122911581,0.338555145,0,1,8,1,0,0,0
SSTM.JK,2020Q3,26.9630143,77.1926097,25.47377621,47.81148502,-1.659649334,-3.888239441,1,0,2,1,1,1,0
SSTM.JK,2019Q3,27.1080024,91.67343636,25.08300869,11.56607975,-0.00293165,-0.007087684,0,1,2,1,0,0,0
SUPR.JK,2020Q3,30.03784414,234.2320195,26.78903976,-9.881614725,0.372095857,1.474423774,1,0,7,1,1,1,0
SUPR.JK,2019Q3,30.14854782,197.2973515,26.89308575,-0.777014967,0.275187311,1.010824872,0,1,7,1,0,0,0
TALF.JK,2020Q3,27.73316908,18.7877889,26.22039646,6.559938521,0.946483145,1.327477495,1,0,1,1,1,1,0
TALF.JK,2019Q3,27.55461243,2.522077501,26.15685901,31.22045229,1.087299042,1.493371166,0,1,1,1,0,0,0
TARA.JK,2020Q3,27.74690867,5.075089068,22.19657131,-52.1218432,-0.165519901,-0.179416662,1,0,9,1,1,1,0
TARA.JK,2019Q3,27.75094025,5.423162685,22.93308211,10.16975905,0.027043701,0.021104486,0,1,9,1,0,0,0
TBIG.JK,2020Q3,31.01329901,638.2591597,27.80665201,9.430601879,0.743649148,4.070199616,1,0,7,1,1,1,0
TBIG.JK,2019Q3,30.99655339,696.4260802,27.71653162,5.308072175,0.824052213,7.001416905,0,1,7,1,0,0,0
TBLA.JK,2020Q3,30.43954873,147.3409484,28.29839038,4.704074863,1.161725811,3.964285737,1,0,8,1,1,1,0
TBLA.JK,2019Q3,30.33331123,176.1259509,28.25242253,-7.255460939,0.942669098,3.090780949,0,1,8,1,0,0,0
TBMS.JK,2020Q3,28.44543462,105.3718431,28.36571735,-23.37646308,-0.231656928,-0.576676806,1,0,1,1,1,1,0
TBMS.JK,2019Q3,28.54730562,126.0532798,28.63198323,26.55394215,0.801484034,2.91369137,0,1,1,1,0,0,0
TGKA.JK,2020Q3,28.72143599,7.10115012,28.72880002,-15.68633398,3.681873959,8.726776309,1,0,8,1,1,1,0
TGKA.JK,2019Q3,28.86090858,55.17765576,28.89942624,45.33467805,3.194513915,7.444807406,0,1,8,1,0,0,0
TIFA.JK,2020Q3,27.87758703,207.9295837,24.57238521,-11.00476254,0.598960172,1.569527853,1,0,4,1,1,1,0
TIFA.JK,2019Q3,28.11253345,313.5459875,24.68897254,4.996130326,0.665131274,2.422858799,0,1,4,1,0,0,0
TINS.JK,2020Q3,30.664601,187.8375138,29.19312756,96.67599693,0.769628177,2.776417091,1,0,1,1,1,1,0
TINS.JK,2019Q3,30.23745497,79.24239916,28.51674006,4.527566268,-1.900950625,-6.28413233,0,1,1,1,0,0,0
TIRA.JK,2020Q3,26.56141828,52.63267454,25.05035874,0.95662267,0.035136998,0.073748792,1,0,6,1,1,1,0
TIRA.JK,2019Q3,26.56483046,53.76682109,25.04083797,29.52488462,0.188998634,0.707664228,0,1,6,1,0,0,0
TKIM.JK,2020Q3,31.37863779,112.9876423,28.97237476,-1.989492275,-2.153729449,-4.419439165,1,0,1,1,1,1,0
TKIM.JK,2019Q3,31.33316097,134.8171629,28.99247025,15.28442073,1.908094816,4.354632341,0,1,1,1,0,0,0
TLKM.JK,2020Q3,33.00490503,61.2066121,31.17212536,7.743950039,2.921364423,5.066581021,1,0,7,1,1,1,0
TLKM.JK,2019Q3,32.93909077,61.78724907,31.09753796,-2.951604594,3.217037327,4.876995032,0,1,7,1,0,0,0
TMAS.JK,2020Q3,28.63420439,102.5306546,27.00219238,3.409092746,1.072509216,3.040437186,1,0,11,1,1,1,0
TMAS.JK,2019Q3,28.67881192,142.0120568,26.96866967,12.31411452,1.252022689,3.064534105,0,1,11,1,0,0,0
TOBA.JK,2020Q3,29.62729659,104.1167403,28.1661102,51.01091742,0.660268698,0.554345029,1,0,3,1,1,1,0
TOBA.JK,2019Q3,29.30114516,59.34500493,27.75392825,30.19060869,2.559190007,3.510772901,0,1,3,1,0,0,0
TOPS.JK,2020Q3,28.77007142,82.79117111,26.22522663,-22.2258956,-0.996146129,-2.363016876,1,0,7,1,1,1,0
TOPS.JK,2019Q3,28.98217876,85.6175729,26.47658829,-43.38764109,-2.781147825,-6.473964589,0,1,7,1,0,0,0
TOTO.JK,2020Q3,28.67215377,4.772331375,26.98241629,-9.6156484,-1.343606866,-2.156476372,1,0,6,1,1,1,0
TOTO.JK,2019Q3,28.67541962,6.455146827,27.08351532,0.364419476,0.952679755,1.388546929,0,1,6,1,0,0,0
TOWR.JK,2020Q3,30.88697605,157.0346425,28.11742945,5.586160604,1.815193349,6.422376021,1,0,7,1,1,1,0
TOWR.JK,2019Q3,30.7660932,131.4732742,28.06307233,15.41750803,2.321375939,7.493385085,0,1,7,1,0,0,0
TPIA.JK,2020Q3,31.4389138,46.05504794,29.18686947,-52.96288252,0.331392166,0.586557644,1,0,1,1,1,1,0
TPIA.JK,2019Q3,31.45119945,32.95791309,29.94110263,24.1086352,-0.040447961,-0.082646144,0,1,1,1,0,0,0
TPMA.JK,2020Q3,28.06628708,35.85505388,25.74460397,-10.21200978,-0.43164856,-0.594284717,1,0,3,1,1,1,0
TPMA.JK,2019Q3,28.13822707,40.95298164,25.85232293,36.61675934,0.573903344,0.845180181,0,1,3,1,0,0,0
TRIM.JK,2020Q3,28.18955462,80.86702806,25.37148437,-3.209523584,0.20150869,0.632801045,1,0,4,1,1,1,0
TRIM.JK,2019Q3,28.24729127,89.9854598,25.40410595,8.717926729,0.912065801,1.875296219,0,1,4,1,0,0,0
TRIS.JK,2020Q3,27.13876418,65.86450452,26.74793268,94.7855248,0.702096355,1.016325855,1,0,2,1,1,1,0
TRIS.JK,2019Q3,27.14511587,71.88124637,26.08120379,13.16550301,3.724699723,5.081174121,0,1,2,1,0,0,0
TRST.JK,2020Q3,29.11188206,66.35347939,27.22293988,7.225085195,0.646486833,1.294055225,1,0,1,1,1,1,0
TRST.JK,2019Q3,28.98690047,40.51585943,27.15317984,8.56242102,0.250774599,0.722858191,0,1,1,1,0,0,0
TRUS.JK,2020Q3,26.46088628,1.396574335,23.18091275,11.75246562,1.098191641,1.212350136,1,0,4,1,1,1,0
TRUS.JK,2019Q3,26.43349771,10.69391693,23.06979664,3.267627918,1.78404943,1.952197974,0,1,4,1,0,0,0
TSPC.JK,2020Q3,29.70861168,12.10123942,28.6647558,7.377306,1.506482289,2.19151556,1,0,5,1,1,1,0
TSPC.JK,2019Q3,29.66448163,9.126979003,28.59357713,7.494400925,1.164147914,1.607314978,0,1,5,1,0,0,0
TURI.JK,2020Q3,29.45084021,29.47594735,28.80903129,-8.989816257,0.374744459,0.538283086,1,0,2,1,1,1,0
TURI.JK,2019Q3,29.41870178,36.00672605,28.90323007,14.19261342,1.996361692,3.282928592,0,1,2,1,0,0,0
ULTJ.JK,2020Q3,29.48589951,0.958925032,28.10858547,13.55574762,6.720044258,7.873234385,1,0,8,1,1,1,0
ULTJ.JK,2019Q3,29.35102426,2.581963187,27.98146177,12.83147439,4.886098596,5.898756904,0,1,8,1,0,0,0
UNIC.JK,2020Q3,28.79488453,9.085408558,27.81753287,-14.10925527,4.332164294,5.519255348,1,0,1,1,1,1,0
UNIC.JK,2019Q3,28.88721618,8.83119477,27.96962697,24.56447207,1.819121371,2.725231976,0,1,1,1,0,0,0
UNIT.JK,2020Q3,26.76280994,127.8254611,23.74855691,-23.7430793,-0.022944326,0.020482897,1,0,2,1,1,1,0
UNIT.JK,2019Q3,26.77860765,133.5120104,24.01961892,-22.09217655,0.017180045,0.021587065,0,1,2,1,0,0,0
UNTR.JK,2020Q3,32.41298147,27.34935899,30.73509497,0.484112999,1.046940558,2.138452548,1,0,6,1,1,1,0
UNTR.JK,2019Q3,32.30924976,19.27573032,30.73026552,31.81271306,2.475155034,5.538267193,0,1,6,1,0,0,0
VICO.JK,2020Q3,31.0239519,5.76431603,26.07826635,8.57893594,0.008056452,0.083014906,1,0,4,1,1,1,0
VICO.JK,2019Q3,31.04151449,0.615761029,25.99595911,9.358686119,0.072473968,0.724877192,0,1,4,1,0,0,0
VRNA.JK,2020Q3,28.63620273,300.8673979,25.05001583,49.24515805,0.094308735,0.409806814,1,0,4,1,1,1,0
VRNA.JK,2019Q3,27.79976366,259.1756897,24.64959571,-38.33416994,0.05451541,0.228737375,0,1,4,1,0,0,0
WEHA.JK,2020Q3,26.50863133,79.93184078,24.50537371,10.57387485,-5.444762323,-9.895980501,1,0,11,1,1,1,0
WEHA.JK,2019Q3,26.57959695,80.54804657,24.40486004,13.95156875,0.855308279,1.800048278,0,1,11,1,0,0,0
WIIM.JK,2020Q3,27.89177578,5.444592283,26.60391397,-1.905340738,4.358622318,5.933707904,1,0,8,1,1,1,0
WIIM.JK,2019Q3,27.8732008,0.834739601,26.62315123,-3.174260726,0.530639796,0.683567243,0,1,8,1,0,0,0
WIKA.JK,2020Q3,31.76887672,137.5414598,29.56733409,-13.61849895,-0.302498931,-1.468004329,1,0,7,1,1,1,0
WIKA.JK,2019Q3,31.67224668,111.4009839,29.71373073,25.57016178,0.904067535,2.962795613,0,1,7,1,0,0,0
WINS.JK,2020Q3,28.93076563,39.78787561,26.05606704,-20.49017028,-1.69218335,-2.664250358,1,0,3,1,1,1,0
WINS.JK,2019Q3,29.14134075,39.84218036,26.28535656,18.48943231,-0.415697426,-0.71014066,0,1,3,1,0,0,0
WOMF.JK,2020Q3,29.7311399,511.2521097,27.21160565,-2.870317156,-0.015745987,-0.0857885,1,0,4,1,1,1,0
WOMF.JK,2019Q3,29.81766795,669.7802028,27.24072882,26.65537696,0.938122924,6.297857822,0,1,4,1,0,0,0
WOOD.JK,2020Q3,29.27092096,84.60099293,26.78983862,-8.874056875,1.34726059,2.653972663,1,0,2,1,1,1,0
WOOD.JK,2019Q3,29.02038512,70.64547285,26.88276627,11.32785823,1.179669422,2.280609978,0,1,2,1,0,0,0
WSBP.JK,2020Q3,30.31900825,57.34360686,28.1146142,4.650697917,-0.638825703,-1.407145408,1,0,1,1,1,1,0
WSBP.JK,2019Q3,30.31888771,78.36559178,28.06915627,6.885836686,0.614917766,1.135438798,0,1,1,1,0,0,0
WSKT.JK,2020Q3,32.51816222,428.2725212,29.44141334,-41.79854675,-1.156433395,-7.351733234,1,0,7,1,1,1,0
WSKT.JK,2019Q3,32.3983458,334.9840096,29.9826732,24.94131349,0.167029431,1.532891848,0,1,7,1,0,0,0
WTON.JK,2020Q3,29.84429449,78.61665746,28.18079353,14.77505474,0.175549492,0.563241054,1,0,1,1,1,1,0
WTON.JK,2019Q3,29.67912706,61.67333525,28.04298955,5.644127744,1.509917246,4.333942361,0,1,1,1,0,0,0
YPAS.JK,2020Q3,26.34100643,67.37012197,25.29514805,-19.00531788,1.115915726,2.388517673,1,0,1,1,1,1,0
YPAS.JK,2019Q3,26.56333552,122.9988815,25.50593474,50.19700123,-0.317990124,-0.794266539,0,1,1,1,0,0,0
ZINC.JK,2020Q3,27.93285202,41.99083538,26.08536931,42.81144507,-1.034704718,-1.794195398,1,0,1,1,1,1,0
ZINC.JK,2019Q3,27.71638389,40.57612391,25.7290143,87.32491248,3.418795431,6.352818493,0,1,1,1,0,0,0
