Firm,Period,SIZE,LEV,REV,GROWTH,ROA,ROE,FE_2020Q4,FE_2019Q4,FE_Sector,Treat,After,DiD,Delete
AALI.JK,2020Q4,30.92589915,30.69714936,29.25362438,-4.818837306,0.984692569,1.329934425,1,0,1,0,1,0,0
AALI.JK,2019Q4,30.92154638,24.9151945,29.30301252,10.5939413,0.418487451,0.539100861,0,1,1,0,0,0,0
ABMM.JK,2020Q4,30.05268265,132.4412639,28.4315954,-26.98532405,-0.366894966,-0.766753645,1,0,4,1,1,1,0
ABMM.JK,2019Q4,30.36691597,233.7083219,28.74610512,32.74068423,0.623254336,2.275024408,0,1,4,1,0,0,0
ACES.JK,2020Q4,29.33349979,1.923102268,28.33038668,13.15021245,2.419437126,3.448105871,1,0,2,0,1,0,0
ACES.JK,2019Q4,29.21488814,2.174827011,28.20684062,21.57841656,4.658706741,5.730452995,0,1,2,0,0,0,0
ACST.JK,2020Q4,29.97728993,1796.197087,27.50053195,-11.48670182,-17.13901186,-91.40618734,1,0,5,1,1,1,0
ACST.JK,2019Q4,29.82115293,226.4867912,27.62254933,-8.348484358,-3.715348612,-90.80678351,0,1,5,1,0,0,0
ADES.JK,2020Q4,27.50560527,20.568898,26.08421052,4.394936312,4.034285928,5.51312611,1,0,1,0,1,0,0
ADES.JK,2019Q4,27.49888076,41.95530008,26.04119954,-1.844134094,1.867443214,3.135686074,0,1,1,0,0,0,0
ADHI.JK,2020Q4,31.22876707,154.5056942,29.48203463,2.295096127,0.02153309,0.15466863,1,0,5,1,1,1,0
ADHI.JK,2019Q4,31.03526721,136.3212327,29.45934308,-3.382308146,0.905352801,4.698059743,0,1,5,1,0,0,0
ADMF.JK,2020Q4,31.18970227,283.2813309,28.74731909,16.94572904,0.688153553,2.711996979,1,0,3,0,1,0,0
ADMF.JK,2019Q4,31.08089567,312.5693937,28.5907793,11.57882457,2.019677098,8.902370784,0,1,3,0,0,0,0
ADRO.JK,2020Q4,32.23792397,52.21078843,30.04209566,-18.62631616,0.588771467,1.020388059,1,0,7,1,1,1,0
ADRO.JK,2019Q4,32.25106369,38.84208274,30.24821392,23.22824797,-0.035328932,-0.047615468,0,1,7,1,0,0,0
AGII.JK,2020Q4,29.57992393,99.44332804,27.09644227,-3.916693998,0.950742665,2.031014964,1,0,6,1,1,1,0
AGII.JK,2019Q4,29.52530032,99.10383177,27.13639687,20.39153903,0.392906006,0.860600978,0,1,6,1,0,0,0
AGRO.JK,2020Q4,30.92937049,11.13771312,26.08272927,6.318146408,0.020946815,#VALUE!,1,0,3,0,1,0,0
AGRO.JK,2019Q4,30.78006105,11.26818469,26.02146348,10.17732023,0.137598177,#VALUE!,0,1,3,0,0,0,0
AKKU.JK,2020Q4,27.70314184,32.24782243,20.54348574,-92.30416551,-0.198667835,-0.321525485,1,0,2,0,1,0,0
AKKU.JK,2019Q4,27.7294046,31.96740425,23.10797672,68.48359186,-0.23951036,-0.344132975,0,1,2,0,0,0,0
AKPI.JK,2020Q4,28.65231157,70.50383617,27.01656102,-9.063554471,1.653600412,3.344619623,1,0,6,1,1,1,0
AKPI.JK,2019Q4,28.75283238,89.2004145,27.11157035,12.18621147,1.571416967,3.548271825,0,1,6,1,0,0,0
AKRA.JK,2020Q4,30.69483467,55.30170737,29.51561524,-2.022210885,1.493970583,3.006063328,1,0,7,1,1,1,0
AKRA.JK,2019Q4,30.62379154,50.52825984,29.53604462,38.29950675,0.889437091,1.837885259,0,1,7,1,0,0,0
AKSI.JK,2020Q4,26.31995216,81.3153155,25.14488247,24.06603489,-1.440101607,-3.539220256,1,0,8,1,1,1,0
AKSI.JK,2019Q4,25.93834501,70.13575888,24.92923869,-268.3151059,5.073292359,11.19629621,0,1,8,1,0,0,0
ALDO.JK,2020Q4,27.5531833,45.58055449,26.28589292,-12.37871237,2.107618877,3.549377852,1,0,6,1,1,1,0
ALDO.JK,2019Q4,27.51195454,68.99443076,26.41803913,58.09830202,2.204405067,3.446982738,0,1,6,1,0,0,0
ALTO.JK,2020Q4,27.74069849,34.16736993,25.28233806,20.37101989,0.254152193,0.75053695,1,0,1,0,1,0,0
ALTO.JK,2019Q4,27.71683965,146.5379232,25.09692944,11.98544142,-0.401599311,-1.17181294,0,1,1,0,0,0,0
AMFG.JK,2020Q4,29.79870874,122.4869653,27.76786228,-2.577439587,2.747396787,7.776220683,1,0,4,1,1,1,0
AMFG.JK,2019Q4,29.76313006,91.20933109,27.79397465,14.29029207,-0.237806915,-0.605144647,0,1,4,1,0,0,0
AMIN.JK,2020Q4,26.76727276,59.95898045,24.4615061,-2.473166908,-5.048716857,-10.87410288,1,0,4,1,1,1,0
AMIN.JK,2019Q4,26.65750696,61.13772336,24.48654874,-20.03494665,0.862700027,1.730351043,0,1,4,1,0,0,0
AMRT.JK,2020Q4,30.8087546,64.36062479,30.56668598,9.422572026,1.673041382,5.951955467,1,0,1,0,1,0,0
AMRT.JK,2019Q4,30.72957926,80.01199699,30.47663897,8.528422663,1.994394795,7.062990425,0,1,1,0,0,0,0
ANJT.JK,2020Q4,29.79259876,49.09695899,26.99878916,-9.772454524,0.124222193,0.218779322,1,0,1,0,1,0,0
ANJT.JK,2019Q4,29.78935421,44.47689546,27.10162458,-17.74514802,0.219278156,0.405548771,0,1,1,0,0,0,0
ANTM.JK,2020Q4,31.03869441,47.19215588,29.73288517,53.68193441,1.000202789,1.651732286,1,0,6,1,1,1,0
ANTM.JK,2019Q4,31.10284317,53.77825467,29.30317025,-6.465331286,-1.168947077,-1.929263385,0,1,6,1,0,0,0
APIC.JK,2020Q4,28.74600724,29.71670548,25.96552126,105.6811966,0.229440487,0.523313091,1,0,3,0,1,0,0
APIC.JK,2019Q4,28.54814402,27.45433079,25.24436406,66.96188499,0.367519057,0.665320439,0,1,3,0,0,0,0
APII.JK,2020Q4,26.91942613,41.45725386,24.88528424,14.56155828,1.534530602,2.407233569,1,0,4,1,1,1,0
APII.JK,2019Q4,26.83318731,45.19454794,24.74934212,6.679143135,0.550840565,0.876788886,0,1,4,1,0,0,0
APLI.JK,2020Q4,26.79272339,76.45215177,25.49196635,-5.51740131,-0.363066102,-0.662511174,1,0,6,1,1,1,0
APLI.JK,2019Q4,26.78735533,63.66068137,25.54872085,12.1415479,0.776677241,1.613844462,0,1,6,1,0,0,0
APLN.JK,2020Q4,31.01281612,90.78915799,27.59604056,-26.06179196,-1.019338226,-5.071486804,1,0,9,0,1,0,0
APLN.JK,2019Q4,31.00085839,114.5199661,27.89798102,-14.35757319,-0.089012559,-0.669439439,0,1,9,0,0,0,0
ARII.JK,2020Q4,29.30088232,197.9986304,26.04358694,71.84025417,-1.877899199,-17.72996205,1,0,7,1,1,1,0
ARII.JK,2019Q4,29.26096586,231.6083422,25.50219183,15.23421137,-4.396174043,-33.57920873,0,1,7,1,0,0,0
ARMY.JK,2020Q4,28.18721614,1.700025096,22.55678618,-82.22199151,0.213034438,0.261455386,1,0,9,0,1,0,0
ARMY.JK,2019Q4,28.15051105,2.312273404,24.28399416,-15.52119839,-0.16053889,-0.192489741,0,1,9,0,0,0,0
ARNA.JK,2020Q4,28.21832826,4.026368429,26.97674688,2.338817718,5.347502947,8.19668223,1,0,4,1,1,1,0
ARNA.JK,2019Q4,28.13355606,8.790703559,26.95362802,9.001129097,3.168170866,4.863266866,0,1,4,1,0,0,0
ARTI.JK,2020Q4,28.89665907,31.68234185,24.24274908,-63.84419611,-47.60694301,-0.422776349,1,0,7,1,1,1,0
ARTI.JK,2019Q4,28.61136053,49.02046213,25.26008178,54.89985474,-1.050063445,0.00165785,0,1,7,1,0,0,0
ASBI.JK,2020Q4,27.47731102,2.29347717,25.0146053,-6.661422331,2.610624238,#VALUE!,1,0,3,0,1,0,0
ASBI.JK,2019Q4,27.49688713,4.220544595,25.08354199,18.30571238,0.288243195,#VALUE!,0,1,3,0,0,0,0
ASII.JK,2020Q4,33.49453297,62.43007975,31.72739695,-6.532553946,0.688186476,1.369249555,1,0,4,1,1,1,0
ASII.JK,2019Q4,33.4737275,62.73521873,31.79495393,15.20991546,1.96963445,4.016757701,0,1,4,1,0,0,0
ASRI.JK,2020Q4,30.71724617,75.20319285,28.0465592,96.22913199,-0.242943215,-0.537481191,1,0,9,0,1,0,0
ASRI.JK,2019Q4,30.670336,81.89866309,27.37244637,3.337235642,3.727217377,8.076019938,0,1,9,0,0,0,0
ASRM.JK,2020Q4,28.06798607,12.71853638,26.30072616,31.69244939,0.953183763,#VALUE!,1,0,3,0,1,0,0
ASRM.JK,2019Q4,28.02171572,13.61048212,26.02542707,-6.16406352,0.720946986,#VALUE!,0,1,3,0,0,0,0
ASSA.JK,2020Q4,29.17682508,245.8882487,27.10022499,24.97980172,0.064015368,0.658998328,1,0,8,1,1,1,0
ASSA.JK,2019Q4,28.94006755,211.1379334,26.87724303,11.71463686,0.806879221,2.731315195,0,1,8,1,0,0,0
AUTO.JK,2020Q4,30.40459117,7.162725023,28.97013241,-1.041005864,1.633456652,2.41281953,1,0,2,0,1,0,0
AUTO.JK,2019Q4,30.39668894,8.175367197,28.98059703,7.847508296,1.784100624,2.511604813,0,1,2,0,0,0,0
BAJA.JK,2020Q4,27.4529355,324.5823717,26.60610558,2.500679298,7.218791638,54.96426378,1,0,6,1,1,1,0
BAJA.JK,2019Q4,27.52697285,386.6514233,26.58140634,8.035255272,1.663142863,18.9366145,0,1,6,1,0,0,0
BALI.JK,2020Q4,29.05357251,96.01101689,25.8255038,21.13827717,0.755740326,1.60547166,1,0,5,1,1,1,0
BALI.JK,2019Q4,28.86581019,85.08087254,25.6337413,53.74970621,0.352030782,0.754004638,0,1,5,1,0,0,0
BBCA.JK,2020Q4,34.45429561,2.467001662,30.58518549,12.19420713,0.68314853,#VALUE!,1,0,3,0,1,0,0
BBCA.JK,2019Q4,34.34614743,1.899859557,30.47012432,12.05566604,0.843764526,#VALUE!,0,1,3,0,0,0,0
BBKP.JK,2020Q4,32.2388303,80.43616018,26.25351205,-61.45212887,-2.743681764,#VALUE!,1,0,3,0,1,0,0
BBKP.JK,2019Q4,32.19165328,72.11049954,27.20678136,-28.19626685,0.067429801,#VALUE!,0,1,3,0,0,0,0
BBLD.JK,2020Q4,29.25068694,307.6205628,26.12203017,14.11549179,0.103502091,0.361127072,1,0,3,0,1,0,0
BBLD.JK,2019Q4,29.24426099,317.7322065,25.98998933,4.855902947,0.294091459,1.242774699,0,1,3,0,0,0,0
BBNI.JK,2020Q4,34.37107371,51.01712004,30.35827213,6.20708179,-0.11313234,#VALUE!,1,0,3,0,1,0,0
BBNI.JK,2019Q4,34.32629086,70.90901325,30.29805153,6.858424436,0.412857446,#VALUE!,0,1,3,0,0,0,0
BBRI.JK,2020Q4,34.88714815,70.63169892,31.077112,21.1653828,0.304542609,#VALUE!,1,0,3,0,1,0,0
BBRI.JK,2019Q4,34.79875188,71.84849774,30.88512577,4.867530749,0.706017586,#VALUE!,0,1,3,0,0,0,0
BBRM.JK,2020Q4,27.75657668,273.7697458,24.84834648,-28.51140039,-11.46455631,-54.17842123,1,0,7,1,1,1,0
BBRM.JK,2019Q4,27.92087048,217.1067917,25.18397868,17.14599749,-0.980746466,-4.08734791,0,1,7,1,0,0,0
BBTN.JK,2020Q4,33.37330875,283.8599743,28.58337257,-24.57762929,0.134376947,#VALUE!,1,0,3,0,1,0,0
BBTN.JK,2019Q4,33.35603067,246.9469911,28.86543883,6.027475876,-0.188602278,#VALUE!,0,1,3,0,0,0,0
BBYB.JK,2020Q4,29.28144741,0.285187296,24.7992707,6.963472976,-0.362351079,#VALUE!,1,0,3,0,1,0,0
BBYB.JK,2019Q4,29.21748441,0.426906945,24.73195348,-33.4515734,0.060994024,#VALUE!,0,1,3,0,0,0,0
BCAP.JK,2020Q4,30.56547462,37.19009534,27.28578196,11.27855826,0.046469727,0.19048883,1,0,3,0,1,0,0
BCAP.JK,2019Q4,30.55875021,46.53004683,27.17891556,14.46007667,0.190867542,0.666856917,0,1,3,0,0,0,0
BCIC.JK,2020Q4,30.46598598,29.86226956,24.16365188,-78.4788472,-0.634903699,#VALUE!,1,0,3,0,1,0,0
BCIC.JK,2019Q4,30.51274985,29.58799967,25.69978576,-42.93390333,0.873107531,#VALUE!,0,1,3,0,0,0,0
BDMN.JK,2020Q4,32.89647417,53.12173002,29.67374382,68.27154565,-0.227569944,#VALUE!,1,0,3,0,1,0,0
BDMN.JK,2019Q4,32.86085721,52.62847754,29.15333499,1.090198646,0.815654729,#VALUE!,0,1,3,0,0,0,0
BELL.JK,2020Q4,27.10488631,81.20221949,26.29717509,27.91224037,-3.008747649,-6.271477913,1,0,2,0,1,0,0
BELL.JK,2019Q4,27.09442147,44.3440861,26.05100086,56.19779788,0.428581494,1.587285604,0,1,2,0,0,0,0
BEST.JK,2020Q4,29.48723747,39.41480531,26.56080902,-22.44446657,-0.121538282,-0.176669749,1,0,9,0,1,0,0
BEST.JK,2019Q4,29.47000231,45.48208823,26.81498497,20.48240424,2.650548729,3.863102185,0,1,9,0,0,0,0
BFIN.JK,2020Q4,30.58016653,188.9469921,27.9172296,5.517482423,1.133006362,2.804624112,1,0,3,0,1,0,0
BFIN.JK,2019Q4,30.58161878,194.978813,27.86352314,14.14106508,-2.003428901,-6.016802274,0,1,3,0,0,0,0
BHIT.JK,2020Q4,31.7387119,148.575409,29.03350128,10.21974161,0.947355911,1.771999529,1,0,4,1,1,1,0
BHIT.JK,2019Q4,31.65986122,194.9942745,28.93619544,12.45267763,0.823028428,0.575608253,0,1,4,1,0,0,0
BIKA.JK,2020Q4,28.48357616,395.143899,25.35482562,26.37833688,-3.765191983,-7.003490342,1,0,9,0,1,0,0
BIKA.JK,2019Q4,28.48566743,391.2560922,25.12071572,-27.73100964,-0.180319287,-1.375508873,0,1,9,0,0,0,0
BIPP.JK,2020Q4,28.42008814,49.34442307,24.69814468,48.89659258,0.807446255,0.532115916,1,0,9,0,1,0,0
BIPP.JK,2019Q4,28.17910342,47.95336967,24.30006281,6.560688551,-0.249732354,-0.201696784,0,1,9,0,0,0,0
BIRD.JK,2020Q4,29.63578006,20.53543394,27.7144326,-2.140859171,-0.071197333,-0.10377371,1,0,8,1,1,1,0
BIRD.JK,2019Q4,29.57050451,13.68053015,27.73607368,3.549474501,1.157000205,1.616862337,0,1,8,1,0,0,0
BISI.JK,2020Q4,28.70978982,6.476300841,27.47309398,19.04929204,4.268760913,5.068268542,1,0,1,0,1,0,0
BISI.JK,2019Q4,28.64806537,4.329924672,27.29872654,-15.34908312,5.921465227,7.468140988,0,1,1,0,0,0,0
BJBR.JK,2020Q4,32.44755756,142.3169658,28.25788586,1.947741062,0.338117105,#VALUE!,1,0,3,0,1,0,0
BJBR.JK,2019Q4,32.42010648,131.6999086,28.2385957,0.981559594,0.347359511,#VALUE!,0,1,3,0,0,0,0
BJTM.JK,2020Q4,31.97165675,32.22658437,27.79683127,8.825940121,0.470069996,#VALUE!,1,0,3,0,1,0,0
BJTM.JK,2019Q4,31.76920899,15.25344384,27.71225173,14.0383471,0.317111312,#VALUE!,0,1,3,0,0,0,0
BKDP.JK,2020Q4,27.38235981,32.41460885,23.14083289,-5.259227505,-0.912898195,-1.504818229,1,0,9,0,1,0,0
BKDP.JK,2019Q4,27.36576356,29.94111715,23.19485862,7.858555905,-1.477304431,-2.610026827,0,1,9,0,0,0,0
BKSL.JK,2020Q4,30.44848275,20.07531645,25.86292559,-17.63328125,-0.255713262,-0.480828845,1,0,9,0,1,0,0
BKSL.JK,2019Q4,30.37606994,20.69832381,26.05691432,-33.63481647,-0.090741338,-0.144620075,0,1,9,0,0,0,0
BLTA.JK,2020Q4,27.63698913,107.1838219,24.97840593,-13.37819596,-2.031840318,-4.370448063,1,0,8,1,1,1,0
BLTA.JK,2019Q4,27.73155938,113.2285763,25.12202456,-18.27550515,-0.280033113,-0.675102745,0,1,8,1,0,0,0
BLTZ.JK,2020Q4,28.25672416,28.45985478,26.56700986,13.93017856,-4.352969911,-11.76302882,1,0,2,0,1,0,0
BLTZ.JK,2019Q4,28.14812507,23.00754577,26.43659426,43.32977565,0.72135567,1.118215395,0,1,2,0,0,0,0
BMRI.JK,2020Q4,34.81507871,85.1816263,30.89985366,-9.078256217,0.226532498,#VALUE!,1,0,3,0,1,0,0
BMRI.JK,2019Q4,34.72297294,90.16367692,30.99502467,16.57551991,0.579595009,#VALUE!,0,1,3,0,0,0,0
BMSR.JK,2020Q4,27.23282062,145.5682398,27.39391031,-9.14578335,2.947173791,9.647310381,1,0,6,1,1,1,0
BMSR.JK,2019Q4,27.27706258,279.5529008,27.48982429,21.43500568,0.119701993,0.498683617,0,1,6,1,0,0,0
BMTR.JK,2020Q4,31.05107165,95.24218239,28.82814784,10.09628879,1.29342668,1.702719065,1,0,4,1,1,1,0
BMTR.JK,2019Q4,30.99634939,133.6949821,28.73196269,11.57535558,1.83441234,2.905142745,0,1,4,1,0,0,0
BNBR.JK,2020Q4,30.29578365,92.29766566,27.3597385,-24.55986717,-4.67945315,-39.41897813,1,0,4,1,1,1,0
BNBR.JK,2019Q4,30.29373275,88.51594888,27.64156929,36.16274793,3.464455938,18.5720139,0,1,4,1,0,0,0
BNGA.JK,2020Q4,33.24585298,51.85446411,29.09072787,6.255862379,0.052515696,#VALUE!,1,0,3,0,1,0,0
BNGA.JK,2019Q4,33.21745108,53.43410215,29.03004807,-1.269018709,0.359464321,#VALUE!,0,1,3,0,0,0,0
BNII.JK,2020Q4,32.76140983,83.1118295,28.65314897,-1.483017877,0.095607784,#VALUE!,1,0,3,0,1,0,0
BNII.JK,2019Q4,32.81017682,95.71201066,28.66809022,8.193304062,0.441448131,#VALUE!,0,1,3,0,0,0,0
BNLI.JK,2020Q4,32.71522441,29.2253956,28.44830488,17.71481538,0.160133266,#VALUE!,1,0,#N/A,0,1,0,0
BNLI.JK,2019Q4,32.66075857,21.38461529,28.28521019,-19.79370327,0.257669716,#VALUE!,0,1,#N/A,0,0,0,0
BOGA.JK,2020Q4,27.0447043,9.856695823,26.00346385,19.05501822,0.204513817,0.274669559,1,0,2,0,1,0,0
BOGA.JK,2019Q4,27.04914053,14.25905228,25.82904831,83.41688438,0.404370511,0.524613572,0,1,2,0,0,0,0
BOLT.JK,2020Q4,27.86681419,43.44363395,26.41108336,-5.171526245,-3.111979353,-5.826097299,1,0,2,0,1,0,0
BOLT.JK,2019Q4,27.90286111,48.15415119,26.46418383,12.22943855,0.166595852,0.085988708,0,1,2,0,0,0,0
BPFI.JK,2020Q4,28.23075043,115.8371311,25.40184956,8.722407827,1.009609318,1.748615724,1,0,3,0,1,0,0
BPFI.JK,2019Q4,28.23409069,131.5707151,25.31822183,-4.218259384,0.868973727,1.940590286,0,1,3,0,0,0,0
BPII.JK,2020Q4,28.75281478,125.3802269,26.34138531,265.7409952,1.41862489,2.914972331,1,0,3,0,1,0,0
BPII.JK,2019Q4,28.70060161,144.2883479,25.04463008,-8.951238215,0.905834346,1.909480326,0,1,3,0,0,0,0
BRNA.JK,2020Q4,28.44776238,98.43285249,26.31569177,-17.61826341,-5.157302241,-11.01755109,1,0,6,1,1,1,0
BRNA.JK,2019Q4,28.53172142,83.89318226,26.50949819,-2.903702697,-3.007945668,-7.554216236,0,1,6,1,0,0,0
BRPT.JK,2020Q4,32.23310853,215.702454,29.79988213,-15.24993158,0.876034328,1.909509255,1,0,6,1,1,1,0
BRPT.JK,2019Q4,32.24847365,225.9169947,29.96534576,1.349395534,0.643655998,2.682878052,0,1,6,1,0,0,0
BSDE.JK,2020Q4,31.62997343,45.87186799,28.24851924,0.688361884,-0.24191483,-0.646299303,1,0,9,0,1,0,0
BSDE.JK,2019Q4,31.58421471,53.4601251,28.24165921,-59.25868675,1.141860006,1.688656499,0,1,9,0,0,0,0
BSIM.JK,2020Q4,31.22996372,71.37870459,28.16983052,125.6039372,0.053218202,#VALUE!,1,0,3,0,1,0,0
BSIM.JK,2019Q4,31.0568702,48.5846776,27.35621973,4.585257738,-0.010247458,#VALUE!,0,1,3,0,0,0,0
BSSR.JK,2020Q4,28.87789329,8.440162302,28.06659164,-11.095955,2.27683077,3.131246554,1,0,7,1,1,1,0
BSSR.JK,2019Q4,28.89042353,15.13310467,28.18420418,25.21398228,3.164725363,4.782187694,0,1,7,1,0,0,0
BTEK.JK,2020Q4,29.30037838,97.83725009,25.97901086,1.892203292,-4.442715288,-11.75332516,1,0,1,0,1,0,0
BTEK.JK,2019Q4,29.31679943,94.45089782,25.96026562,155.4290498,0.006158071,0.014648094,0,1,1,0,0,0,0
BUDI.JK,2020Q4,28.72955573,105.0376014,27.24352607,16.75737695,1.534443954,3.664075238,1,0,1,0,1,0,0
BUDI.JK,2019Q4,28.85272971,129.1690109,27.08859818,-10.45606966,0.755880697,2.137987847,0,1,1,0,0,0,0
BUKK.JK,2020Q4,29.18688199,31.10070417,27.80235932,-27.83732512,2.46142206,4.319368785,1,0,5,1,1,1,0
BUKK.JK,2019Q4,29.11586957,47.73928255,28.12860656,64.22368273,-1.278924822,-2.512451665,0,1,5,1,0,0,0
BULL.JK,2020Q4,29.44238374,59.85369821,26.63558614,20.25968681,1.375763774,2.951481994,1,0,7,1,1,1,0
BULL.JK,2019Q4,29.20160593,60.51203661,26.45110286,39.56949799,1.172364831,1.888822169,0,1,7,1,0,0,0
BUVA.JK,2020Q4,29.05155252,77.896358,25.826163,20.73259821,-0.873686161,-1.755448041,1,0,2,0,1,0,0
BUVA.JK,2019Q4,28.94106199,100.1900543,25.63775502,105.2806117,-0.782736015,-0.782971995,0,1,2,0,0,0,0
BVIC.JK,2020Q4,31.0473192,155.7315673,25.89490713,-18.8538388,-1.033975851,#VALUE!,1,0,3,0,1,0,0
BVIC.JK,2019Q4,31.03794591,166.1828485,26.10382533,-20.48831573,-0.163374508,#VALUE!,0,1,3,0,0,0,0
BWPT.JK,2020Q4,30.39080761,203.9466232,27.38103552,8.235980821,-2.254693161,-9.374091914,1,0,1,0,1,0,0
BWPT.JK,2019Q4,30.41376231,144.7601767,27.30189185,-11.05323208,-2.311663148,-7.649096949,0,1,1,0,0,0,0
BYAN.JK,2020Q4,30.50679782,61.04873794,28.87375674,-44.50332853,15.19883967,31.3765448,1,0,7,1,1,1,0
BYAN.JK,2019Q4,30.43702457,19.88611586,29.46260388,31.60229215,1.272049674,2.353575446,0,1,7,1,0,0,0
CARS.JK,2020Q4,29.74468088,330.4594216,28.23288024,-3.959354753,-2.088705726,-10.03011195,1,0,2,0,1,0,0
CARS.JK,2019Q4,29.86292407,433.6652517,28.27327893,9.243218392,0.453035552,1.870562132,0,1,2,0,0,0,0
CASS.JK,2020Q4,28.32453113,62.4770152,26.98948492,5.021712787,-3.420257914,-9.843516076,1,0,5,1,1,1,0
CASS.JK,2019Q4,28.33794585,82.00443124,26.94048799,-1.221320239,3.421562741,3.852717462,0,1,5,1,0,0,0
CENT.JK,2020Q4,29.37657695,70.70419106,26.15684373,5.948794832,-5.41955194,-17.10237445,1,0,5,1,1,1,0
CENT.JK,2019Q4,29.28109067,55.02191268,26.099058,4.523646002,-0.063638417,-0.119900263,0,1,5,1,0,0,0
CINT.JK,2020Q4,26.97996319,13.03863756,25.75774728,46.09408531,0.253355774,0.380149596,1,0,2,0,1,0,0
CINT.JK,2019Q4,26.92048774,8.090371683,25.37866663,-4.003483915,1.242770503,1.620637328,0,1,2,0,0,0,0
CITA.JK,2020Q4,28.98202712,57.43699128,27.73298912,92.07079915,-1.225340129,-1.473173783,1,0,6,1,1,1,0
CITA.JK,2019Q4,28.81537301,95.16826597,27.08029526,53.86664013,-2.113722179,-3.972469529,0,1,6,1,0,0,0
CLEO.JK,2020Q4,27.85027255,37.44851479,26.46942252,31.87267954,2.922630046,4.392387434,1,0,1,0,1,0,0
CLEO.JK,2019Q4,27.44941993,5.913215279,26.1927558,36.47628705,2.983070313,4.911946061,0,1,1,0,0,0,0
CLPI.JK,2020Q4,27.26214668,25.2709394,26.02523535,-17.25788559,1.690635439,2.278155119,1,0,6,1,1,1,0
CLPI.JK,2019Q4,27.2865405,32.8006756,26.21467682,51.15561492,1.221793146,1.79145302,0,1,6,1,0,0,0
CMNP.JK,2020Q4,30.32477129,89.72777263,27.45166282,9.414860478,0.553596131,1.57506155,1,0,5,1,1,1,0
CMNP.JK,2019Q4,30.118522,85.22774872,27.36168628,10.68419423,1.189843761,3.040068619,0,1,5,1,0,0,0
COWL.JK,2020Q4,28.88119464,192.1205052,25.6774601,-4.564921476,-0.007851168,-0.03300408,1,0,9,0,1,0,0
COWL.JK,2019Q4,28.89100335,155.8388729,25.72418407,9.875405608,-2.118006827,-7.027520377,0,1,9,0,0,0,0
CPIN.JK,2020Q4,30.99327138,25.90268329,30.29309188,4.01874177,1.985728327,2.807665267,1,0,1,0,1,0,0
CPIN.JK,2019Q4,30.91475961,24.34286368,30.25369097,9.805264598,2.913497771,4.275575131,0,1,1,0,0,0,0
CPRO.JK,2020Q4,29.50643369,1186.326857,28.27379773,-5.008763601,7.20333754,332.9171452,1,0,1,0,1,0,0
CPRO.JK,2019Q4,29.58238522,438.3657011,28.32518328,24.60577385,-5.25563636,-65.69197414,0,1,1,0,0,0,0
CSAP.JK,2020Q4,29.51575273,96.20976938,28.8343795,11.07858889,-0.090124077,-0.008182168,1,0,2,0,1,0,0
CSAP.JK,2019Q4,29.38633918,83.24523234,28.72931173,11.74812392,0.306355002,1.091433283,0,1,2,0,0,0,0
CTRA.JK,2020Q4,31.21997039,59.76811167,28.71378989,-0.907052079,2.877047572,7.24573695,1,0,9,0,1,0,0
CTRA.JK,2019Q4,31.16584621,58.82205328,28.7229018,42.27533743,2.289841749,4.990407101,0,1,9,0,0,0,0
CTTH.JK,2020Q4,27.34142022,93.11992614,23.98203951,-65.14838852,-0.98802749,-2.705614825,1,0,4,1,1,1,0
CTTH.JK,2019Q4,27.27810534,83.10315576,25.03611032,36.48166619,-1.448375497,-3.380470999,0,1,4,1,0,0,0
DART.JK,2020Q4,29.55977803,96.0505501,25.49775217,5.15294684,-1.596633094,-3.585968598,1,0,9,0,1,0,0
DART.JK,2019Q4,29.56330838,82.3063263,25.44750643,2.476137017,-3.242159505,-6.602568283,0,1,9,0,0,0,0
DEWA.JK,2020Q4,29.6246414,53.13345937,28.06118242,41.65801737,0.02833234,0.06248913,1,0,7,1,1,1,0
DEWA.JK,2019Q4,29.36651893,8.80705925,27.71293678,37.05783777,0.547247945,1.202136719,0,1,7,1,0,0,0
DGIK.JK,2020Q4,28.11667048,32.22148726,26.40494339,34.21674368,-0.902553228,-1.618605264,1,0,5,1,1,1,0
DGIK.JK,2019Q4,28.12604565,23.45155938,26.11065759,-52.34423584,0.877343114,2.236619437,0,1,5,1,0,0,0
DILD.JK,2020Q4,30.32412662,80.04836397,27.50552454,562.2301371,0.251772657,0.722400651,1,0,9,0,1,0,0
DILD.JK,2019Q4,30.28535651,85.79231826,25.61508159,-72.00207058,2.401685622,4.032090443,0,1,9,0,0,0,0
DKFT.JK,2020Q4,28.60653232,98.2465873,25.18480589,-58.03417353,-0.956539796,-0.706779117,1,0,6,1,1,1,0
DKFT.JK,2019Q4,28.5452053,98.30473642,26.05312044,16.3177181,-1.456575706,-2.705615548,0,1,6,1,0,0,0
DNET.JK,2020Q4,30.35143461,61.3646614,24.91344234,93.60297372,0.248226533,0.425040156,1,0,3,0,1,0,0
DNET.JK,2019Q4,30.05391958,28.77474368,24.25280299,100.3994035,0.405322714,0.677138506,0,1,3,0,0,0,0
DOID.JK,2020Q4,30.43927287,231.975537,28.91700801,-4.034667411,0.387716258,1.487911572,1,0,7,1,1,1,0
DOID.JK,2019Q4,30.46329209,308.1552639,28.95819119,41.47215022,2.049170442,8.617809321,0,1,7,1,0,0,0
DPUM.JK,2020Q4,28.36884882,42.14385277,25.63605911,-67.78699792,-1.630584255,-2.811793787,1,0,1,0,1,0,0
DPUM.JK,2019Q4,28.40360902,42.63746721,26.76885914,23.55229143,-1.305612902,-1.963417693,0,1,1,0,0,0,0
DSFI.JK,2020Q4,26.64807546,54.03542276,25.02217219,-44.92206952,0.007689359,0.015142491,1,0,1,0,1,0,0
DSFI.JK,2019Q4,26.65509397,72.1330289,25.61859327,-18.01157515,-0.277116191,-0.569507914,0,1,1,0,0,0,0
DSNG.JK,2020Q4,30.08381952,175.9245679,28.20123483,24.22510539,2.449193585,6.335423373,1,0,1,0,1,0,0
DSNG.JK,2019Q4,30.09392855,182.3985793,27.98430973,8.177135689,1.015320496,3.25673117,0,1,1,0,0,0,0
DSSA.JK,2020Q4,31.58934413,87.0884905,29.26017912,-41.1795551,0.117389815,0.278164352,1,0,7,1,1,1,0
DSSA.JK,2019Q4,31.5381342,70.80353959,29.79085981,106.4671993,-0.126032741,-0.585383783,0,1,7,1,0,0,0
DUTI.JK,2020Q4,30.25483626,4.237340329,27.42326064,40.97120909,1.46398115,2.18932961,1,0,9,0,1,0,0
DUTI.JK,2019Q4,30.16811657,4.876432668,27.07987515,11.66083362,3.787663971,5.187221928,0,1,9,0,0,0,0
DVLA.JK,2020Q4,28.23531561,4.918652975,26.71466431,-13.45216467,0.758871381,1.102475113,1,0,11,1,1,1,0
DVLA.JK,2019Q4,28.15149311,3.361902702,26.85913722,28.17052436,2.399515778,3.401908049,0,1,11,1,0,0,0
DYAN.JK,2020Q4,27.82579926,17.16839302,26.5601898,-5.187080753,-9.496849335,-14.56642269,1,0,4,1,1,1,0
DYAN.JK,2019Q4,27.83797512,23.45012168,26.61345431,38.10514584,0.869349684,1.277659764,0,1,4,1,0,0,0
ECII.JK,2020Q4,28.29689431,0.282742732,26.91927971,3.845973285,0.243373499,0.323574638,1,0,2,0,1,0,0
ECII.JK,2019Q4,28.28190151,0.235022508,26.88154113,8.915637615,0.709661583,0.788897731,0,1,2,0,0,0,0
EKAD.JK,2020Q4,27.59873999,3.431490613,25.90702611,-2.164639939,2.089449922,2.355641436,1,0,6,1,1,1,0
EKAD.JK,2019Q4,27.47233888,5.655736785,25.92891023,12.69327965,0.231977107,0.331418991,0,1,6,1,0,0,0
ELSA.JK,2020Q4,29.54868419,31.52525931,28.53446893,24.26062076,0.818638158,1.673003925,1,0,7,1,1,1,0
ELSA.JK,2019Q4,29.36397264,24.90272079,28.31725798,19.83190458,1.821298323,3.363600847,0,1,7,1,0,0,0
ELTY.JK,2020Q4,30.24147082,20.10770818,26.18423176,-9.330173809,-1.517783956,-2.315216762,1,0,9,0,1,0,0
ELTY.JK,2019Q4,30.27223209,19.06443699,26.28217732,-7.118736693,-0.543574021,-0.77211066,0,1,9,0,0,0,0
EMDE.JK,2020Q4,28.39417626,119.8606982,24.0177966,-16.42617593,-0.995260171,-2.98172723,1,0,9,0,1,0,0
EMDE.JK,2019Q4,28.35462751,113.6620891,24.19723642,-50.56966115,0.004013904,0.006188284,0,1,9,0,0,0,0
EMTK.JK,2020Q4,30.49554147,22.25077909,28.72430639,24.09949452,17.90301187,31.62071834,1,0,4,1,1,1,0
EMTK.JK,2019Q4,30.6027379,5.885220837,28.50839295,61.80889919,9.482032895,20.18164147,0,1,4,1,0,0,0
ENRG.JK,2020Q4,29.99875275,103.866641,27.70181118,11.84774346,1.708388881,5.501243793,1,0,7,1,1,1,0
ENRG.JK,2019Q4,30.21778294,169.7897002,27.58984285,-4.615529779,-2.111285121,-6.989722801,0,1,7,1,0,0,0
ERAA.JK,2020Q4,29.9080528,56.10169846,29.86449839,-0.835166493,3.251733696,6.021065314,1,0,2,0,1,0,0
ERAA.JK,2019Q4,30.17127595,91.35926838,29.87288512,24.21866635,1.528387708,2.720029053,0,1,2,0,0,0,0
ERTX.JK,2020Q4,27.61191579,139.3041131,26.36124029,50.90615599,-1.007271298,-3.62917915,1,0,2,0,1,0,0
ERTX.JK,2019Q4,27.54727898,135.6367413,25.94975231,-11.87059077,0.060707162,0.20903774,0,1,2,0,0,0,0
ESSA.JK,2020Q4,30.15088752,266.0138874,27.3336338,-29.69875529,-0.961703299,-2.506525231,1,0,6,1,1,1,0
ESSA.JK,2019Q4,30.2044369,297.2199501,27.68601448,606.693485,-0.435961484,-0.989363914,0,1,6,1,0,0,0
ESTI.JK,2020Q4,27.46642353,195.8354172,25.29243919,-10.32711966,-0.14217214,-0.609125384,1,0,2,0,1,0,0
ESTI.JK,2019Q4,27.51633781,149.2521478,25.40144099,-11.02723751,-3.469819114,-14.81986583,0,1,2,0,0,0,0
EXCL.JK,2020Q4,31.76978507,140.8285581,29.48920888,6.044818576,-2.502426317,-8.515325439,1,0,5,1,1,1,0
EXCL.JK,2019Q4,31.68478591,125.7740541,29.43051725,1.242771513,0.34629305,1.126573121,0,1,5,1,0,0,0
FAST.JK,2020Q4,28.81054369,12.99268247,28.24095791,12.67778113,-4.408888187,-10.07247444,1,0,2,0,1,0,0
FAST.JK,2019Q4,28.71633971,14.67301607,28.12159584,16.61275876,3.353675404,6.831680641,0,1,2,0,0,0,0
FASW.JK,2020Q4,30.00611224,90.53036029,28.27375884,-23.54639263,1.095315868,2.75682754,1,0,6,1,1,1,0
FASW.JK,2019Q4,30.02574032,98.2141076,28.54224491,2.607564037,1.495448225,3.53483074,0,1,6,1,0,0,0
FIRE.JK,2020Q4,27.02084843,40.69848238,26.10453186,-25.80702952,-0.56753847,-0.823859159,1,0,7,1,1,1,0
FIRE.JK,2019Q4,27.07456878,49.26139794,26.40303264,226.6594252,-0.506332082,-0.828469441,0,1,7,1,0,0,0
FISH.JK,2020Q4,29.2091891,94.17078099,28.87680142,-12.14486146,1.085801804,3.773040297,1,0,1,0,1,0,0
FISH.JK,2019Q4,29.39768376,76.27144919,29.0062823,17.52547782,0.788994737,3.20369306,0,1,1,0,0,0,0
FMII.JK,2020Q4,27.59204133,28.45035482,22.46702801,-59.2307194,0.618137086,0.865036607,1,0,9,0,1,0,0
FMII.JK,2019Q4,27.57366423,33.65570014,23.36426932,6.585653272,-0.988152946,-1.435814434,0,1,9,0,0,0,0
FREN.JK,2020Q4,30.95066356,66.51997871,28.32902466,30.45477612,0.612983017,1.955327158,1,0,5,1,1,1,0
FREN.JK,2019Q4,30.85840445,66.03829955,28.06316822,14.14918981,-2.017260102,-4.403383017,0,1,5,1,0,0,0
GAMA.JK,2020Q4,27.96380232,21.46863318,22.93614952,-67.08211234,-0.308920631,-0.397100543,1,0,9,0,1,0,0
GAMA.JK,2019Q4,27.94562541,21.30839252,24.0473035,68.81082076,0.003500555,0.002141236,0,1,9,0,0,0,0
GDYR.JK,2020Q4,28.14420321,40.15472864,26.93979406,-6.548717324,-2.330119037,-6.006301372,1,0,2,0,1,0,0
GDYR.JK,2019Q4,28.22516816,21.94550375,27.00752399,-8.489200028,0.786033721,1.849076437,0,1,2,0,0,0,0
GEMA.JK,2020Q4,27.58975682,74.54530856,26.5626046,17.36821129,0.230715063,0.489218264,1,0,2,0,1,0,0
GEMA.JK,2019Q4,27.64049303,63.75833017,26.40245869,21.65905458,0.934311833,1.91492855,0,1,2,0,0,0,0
GEMS.JK,2020Q4,30.01383679,38.24824608,29.22666269,23.40484045,3.87306151,8.398574905,1,0,7,1,1,1,0
GEMS.JK,2019Q4,29.94133083,38.40655659,29.01636254,-2.168911778,2.611667178,5.739474685,0,1,7,1,0,0,0
GGRM.JK,2020Q4,31.99599408,34.18980099,30.99149327,11.55952366,2.579287556,3.476095817,1,0,1,0,1,0,0
GGRM.JK,2019Q4,31.8665356,38.38002254,30.88210516,18.52607919,4.830031546,7.400341537,0,1,1,0,0,0,0
GJTL.JK,2020Q4,30.56785626,108.4854444,29.01822132,-2.597797541,2.368867473,6.507508054,1,0,2,0,1,0,0
GJTL.JK,2019Q4,30.61222222,129.2042826,29.04454268,23.03507501,0.68041178,2.120523696,0,1,2,0,0,0,0
GMFI.JK,2020Q4,30.02656941,92.27293995,28.20822693,15.78204884,-10.76151612,-48.27334635,1,0,5,1,1,1,0
GMFI.JK,2019Q4,29.82226751,56.32584009,28.06168758,22.67356395,0.541003625,1.258562894,0,1,5,1,0,0,0
GMTD.JK,2020Q4,27.73314271,10.14243839,24.87569498,3.287522618,-11.178587,-18.12252703,1,0,9,0,1,0,0
GMTD.JK,2019Q4,27.85645177,9.161448343,24.84334859,17.03044297,0.309798307,0.503843634,0,1,9,0,0,0,0
GOLL.JK,2020Q4,28.56502589,228.6515377,24.28786158,-23.63140982,-0.801835941,-3.123538643,1,0,1,0,1,0,0
GOLL.JK,2019Q4,28.5244408,187.2232172,24.55746028,46.71518729,-1.832294579,-5.173635581,0,1,1,0,0,0,0
GPRA.JK,2020Q4,28.18912991,35.95849657,25.49611969,13.48010986,0.923181376,1.107476546,1,0,9,0,1,0,0
GPRA.JK,2019Q4,28.06201488,30.29814512,25.3696623,44.84527817,1.087854811,1.170974501,0,1,9,0,0,0,0
GSMF.JK,2020Q4,29.25961443,35.06158059,26.40768671,4.799561198,0.640291485,#VALUE!,1,0,3,0,1,0,0
GSMF.JK,2019Q4,29.20316247,39.48320141,26.36080731,6.227227243,0.32959832,#VALUE!,0,1,3,0,0,0,0
GWSA.JK,2020Q4,29.6532133,6.18646472,23.8254047,11.05613907,0.218429978,0.263298462,1,0,9,0,1,0,0
GWSA.JK,2019Q4,29.63191873,5.824497349,23.72053905,1.624503,0.468546273,0.510444466,0,1,9,0,0,0,0
GZCO.JK,2020Q4,28.09819011,145.111278,25.06239802,-40.96864385,-0.590641351,-1.465539629,1,0,1,0,1,0,0
GZCO.JK,2019Q4,28.80003906,106.9900201,25.58949944,-22.67131243,-8.79433461,-29.50482076,0,1,1,0,0,0,0
HDTX.JK,2020Q4,26.83688227,122.2078899,21.01897932,-98.7764471,1.63543349,12.4838328,1,0,2,0,1,0,0
HDTX.JK,2019Q4,28.99115292,13216.72229,25.42239067,-69.12230629,-2.039512895,-7.473850765,0,1,2,0,0,0,0
HEAL.JK,2020Q4,29.19521561,60.24227032,27.52519494,16.39787798,3.957993189,6.90002058,1,0,11,1,1,1,0
HEAL.JK,2019Q4,29.00477644,39.73722739,27.37335082,13.3319158,2.188133421,4.289305662,0,1,11,1,0,0,0
HEXA.JK,2020Q4,29.11804302,5.421734438,28.2845483,20.46812924,1.390928019,2.031484348,1,0,4,1,1,1,0
HEXA.JK,2019Q4,29.19908145,10.03957804,28.09833326,35.11813988,4.326707439,8.309597786,0,1,4,1,0,0,0
HITS.JK,2020Q4,28.72172878,159.7647725,26.41946587,-13.88642258,-0.169772584,-2.017055133,1,0,7,1,1,1,0
HITS.JK,2019Q4,28.68302373,168.732528,26.56896897,57.92861431,1.327083005,4.878767722,0,1,7,1,0,0,0
HMSP.JK,2020Q4,31.56093917,1.169319387,30.98260449,-2.256834864,3.538692804,5.672668747,1,0,1,0,1,0,0
HMSP.JK,2019Q4,31.47267359,0.325412005,31.00543141,8.9913862,7.053185118,10.41648644,0,1,1,0,0,0,0
HOKI.JK,2020Q4,27.45261471,32.76311825,26.62690703,23.92787895,0.536144939,0.702861082,1,0,1,0,1,0,0
HOKI.JK,2019Q4,27.31918241,28.24874521,26.41237744,48.2405418,2.360505322,3.255314113,0,1,1,0,0,0,0
HOME.JK,2020Q4,28.45915164,0.001846297,22.59906182,-34.30690607,-0.085306317,-0.098875493,1,0,2,0,1,0,0
HOME.JK,2019Q4,26.39092672,26.46995575,23.0192382,-48.64832861,-0.56243201,-0.616009,0,1,2,0,0,0,0
HOTL.JK,2020Q4,27.91326002,0.333725268,24.07497551,-7.615799388,-1.219673359,-4.749964647,1,0,2,0,1,0,0
HOTL.JK,2019Q4,27.75272656,113.9213947,24.15418972,60.01339439,0.02641413,0.091047765,0,1,2,0,0,0,0
IATA.JK,2020Q4,27.53964939,29.60010314,24.7349089,-34.80885278,-0.043958323,-0.100731489,1,0,8,1,1,1,0
IATA.JK,2019Q4,27.67407841,33.02320701,25.16275541,61.72272562,-2.022120103,-3.635064607,0,1,8,1,0,0,0
IBFN.JK,2020Q4,28.12826401,259.6030055,25.39221933,2420.111186,-1.791118756,-10.88418128,1,0,3,0,1,0,0
IBFN.JK,2019Q4,28.28904037,311.6623198,22.16533121,-104.3426666,0.495483282,2.037983276,0,1,3,0,0,0,0
IBST.JK,2020Q4,29.81628905,44.0640196,26.56917737,49.27184633,-0.182150432,-0.306606066,1,0,5,1,1,1,0
IBST.JK,2019Q4,29.67556075,39.13477335,26.16857845,13.9506117,0.478320319,0.711920276,0,1,5,1,0,0,0
ICBP.JK,2020Q4,31.26266325,11.01910051,29.99754158,6.400529476,1.033387853,2.099419804,1,0,1,0,1,0,0
ICBP.JK,2019Q4,31.15208127,10.58911856,29.93550121,11.69835217,3.703394121,5.609428555,0,1,1,0,0,0,0
ICON.JK,2020Q4,26.68146133,4.284332614,24.94758863,-12.40786729,0.414788176,0.445162039,1,0,4,1,1,1,0
ICON.JK,2019Q4,26.81969052,14.08557538,25.08006763,318.7489532,4.031919435,6.784812399,0,1,4,1,0,0,0
IDPR.JK,2020Q4,28.31460178,38.10026134,26.30166841,-8.201662167,-4.778958223,-7.72510334,1,0,5,1,1,1,0
IDPR.JK,2019Q4,28.26853974,31.37921349,26.38724441,-3.332281115,0.583854281,0.865500535,0,1,5,1,0,0,0
IMAS.JK,2020Q4,31.40660228,350.6466135,29.27048193,13.67130867,-0.300723465,-1.521174576,1,0,2,0,1,0,0
IMAS.JK,2019Q4,31.25978996,283.6230822,29.14234109,17.2981206,-0.330340739,-1.589339601,0,1,2,0,0,0,0
IMPC.JK,2020Q4,28.54776489,62.81587032,26.8400885,3.280717094,1.403002378,3.045193455,1,0,4,1,1,1,0
IMPC.JK,2019Q4,28.49399496,64.58539678,26.80780799,13.62598278,1.923995096,4.151778858,0,1,4,1,0,0,0
INAF.JK,2020Q4,27.95595215,95.7186489,27.37695142,-9.155377295,1.180360463,4.126940796,1,0,11,1,1,1,0
INAF.JK,2019Q4,27.99729527,112.4225277,27.472971,-0.136185027,3.159251675,8.855187509,0,1,11,1,0,0,0
INAI.JK,2020Q4,27.88066219,192.8142649,26.56610907,21.39579406,-0.078645293,-0.332292616,1,0,6,1,1,1,0
INAI.JK,2019Q4,27.95576589,255.9419935,26.37222302,31.34613936,0.226861258,0.93713149,0,1,6,1,0,0,0
INCF.JK,2020Q4,27.02714285,197.670299,25.50630385,-42.51871851,1.156257944,3.783423194,1,0,6,1,1,1,0
INCF.JK,2019Q4,26.98064493,214.954579,26.06001468,44.10209626,0.153005239,0.535876587,0,1,6,1,0,0,0
INCI.JK,2020Q4,26.7282328,0.158049717,25.37954679,0.055646118,2.793411329,3.355835107,1,0,6,1,1,1,0
INCI.JK,2019Q4,26.54861488,0.470245749,25.37899048,47.75314793,1.373040638,1.636659613,0,1,6,1,0,0,0
INCO.JK,2020Q4,31.06018735,0.057681621,28.97248752,34.84762816,0.269059741,0.305988718,1,0,6,1,1,1,0
INCO.JK,2019Q4,31.08608299,1.938656716,28.67351225,15.75721857,2.610774325,2.991699133,0,1,6,1,0,0,0
INDF.JK,2020Q4,32.20636727,75.93713447,30.58781576,2.633400995,0.954779544,2.265862163,1,0,1,0,1,0,0
INDF.JK,2019Q4,32.19525687,92.55947795,30.56182252,7.29473161,1.295453899,2.765956677,0,1,1,0,0,0,0
INDR.JK,2020Q4,29.97852114,39.76380254,28.50491628,-17.806559,0.519121289,1.03183653,1,0,2,0,1,0,0
INDR.JK,2019Q4,30.08574693,54.67792287,28.70101096,5.647691131,-0.371156419,-0.760495849,0,1,2,0,0,0,0
INDS.JK,2020Q4,28.53094959,2.745108044,27.0535794,-11.62950447,0.310737561,0.346529125,1,0,2,0,1,0,0
INDS.JK,2019Q4,28.54865335,1.411776754,27.17721143,16.14090614,0.676303813,0.768619132,0,1,2,0,0,0,0
INDY.JK,2020Q4,31.54688361,177.7151756,29.90878861,-13.27071386,-1.717722235,-9.055665329,1,0,7,1,1,1,0
INDY.JK,2019Q4,31.59669047,153.9816594,30.05116719,105.1942312,-0.122136819,-1.094199002,0,1,7,1,0,0,0
INKP.JK,2020Q4,32.44313508,102.9968971,30.16950822,0.353742971,1.017391274,1.988157585,1,0,6,1,1,1,0
INKP.JK,2019Q4,32.49837294,118.8197267,30.16597703,16.27804083,1.042113549,2.322349184,0,1,6,1,0,0,0
INPP.JK,2020Q4,29.70109096,22.07591142,26.24838686,33.38920442,-0.710758889,-0.974003441,1,0,9,0,1,0,0
INPP.JK,2019Q4,29.52427464,40.06640894,25.96028584,-0.975114799,1.129764858,1.364164538,0,1,9,0,0,0,0
INPS.JK,2020Q4,26.89452414,207.7693179,25.34875756,-0.672707674,-1.351121007,-4.943295409,1,0,7,1,1,1,0
INPS.JK,2019Q4,26.89766075,216.436843,25.35550736,-34.92566329,-0.247915754,-0.83166292,0,1,7,1,0,0,0
INRU.JK,2020Q4,29.57598182,130.3475558,26.84686875,-17.50001491,-1.341420552,-4.324758898,1,0,6,1,1,1,0
INRU.JK,2019Q4,29.4016351,104.1765973,27.03924083,-5.579487682,-1.185827028,-3.594981825,0,1,6,1,0,0,0
INTD.JK,2020Q4,24.62362308,0.988871368,23.74317188,-9.08875123,-4.961095897,-5.700496897,1,0,6,1,1,1,0
INTD.JK,2019Q4,24.67821436,1.669218299,23.83845832,47.33481422,-0.889675492,-1.108259186,0,1,6,1,0,0,0
INTP.JK,2020Q4,30.95273324,0.477823886,29.1552146,3.939239729,2.56915413,3.097811144,1,0,6,1,1,1,0
INTP.JK,2019Q4,30.95564561,0.500103589,29.11657829,12.72869252,2.43874363,2.901998048,0,1,6,1,0,0,0
IPOL.JK,2020Q4,28.97968328,53.89140007,27.30114587,-11.70151986,1.434585387,2.272708511,1,0,6,1,1,1,0
IPOL.JK,2019Q4,29.06594496,65.56546644,27.42559316,14.1305542,0.466199763,0.753082874,0,1,6,1,0,0,0
ISAT.JK,2020Q4,31.77118317,236.6406435,29.61401949,14.04659329,-0.34044595,-2.146049543,1,0,5,1,1,1,0
ISAT.JK,2019Q4,31.60394328,223.2439487,29.48258259,-13.45756155,3.113508832,15.69881425,0,1,5,1,0,0,0
ISSP.JK,2020Q4,29.49114101,88.58640491,27.87466666,17.96764121,2.049270022,3.899245955,1,0,6,1,1,1,0
ISSP.JK,2019Q4,29.50191057,105.3776697,27.70942648,13.67084084,0.963452521,2.067989287,0,1,6,1,0,0,0
JAWA.JK,2020Q4,28.88867402,573.4063552,26.0332264,-11.65173853,-2.351270398,-42.71589492,1,0,1,0,1,0,0
JAWA.JK,2019Q4,28.90530144,346.1698564,26.15711006,73.13279559,-1.993694012,-14.56589242,0,1,1,0,0,0,0
JECC.JK,2020Q4,28.26693839,94.73586702,27.36577847,-6.122410333,-0.027596613,-0.054407694,1,0,4,1,1,1,0
JECC.JK,2019Q4,28.37397991,128.2426451,27.42895696,40.42460004,1.621894169,4.552725034,0,1,4,1,0,0,0
JGLE.JK,2020Q4,28.86477588,24.99702512,24.90154361,-3.585696326,-0.517687786,-0.825227645,1,0,2,0,1,0,0
JGLE.JK,2019Q4,28.98599799,24.61512835,24.93805923,-10.31410023,-1.506570599,-2.464063027,0,1,2,0,0,0,0
JKON.JK,2020Q4,29.22597643,33.48845862,28.46589529,2.157158087,2.21249401,3.8867854,1,0,5,1,1,1,0
JKON.JK,2019Q4,29.20052347,37.31182888,28.44455308,37.98892416,3.130171434,6.072475568,0,1,5,1,0,0,0
JPFA.JK,2020Q4,30.91384385,81.96564972,29.88915085,10.2564806,3.481260946,8.236171094,1,0,1,0,1,0,0
JPFA.JK,2019Q4,30.84296719,66.61834485,29.79151174,9.697918894,2.450589074,5.944099983,0,1,1,0,0,0,0
JRPT.JK,2020Q4,30.04379919,0.299845973,27.22942415,-0.350388508,2.599222073,3.003512148,1,0,9,0,1,0,0
JRPT.JK,2019Q4,29.98631708,0.404479266,27.23293419,-15.17990757,2.544194009,3.96991748,0,1,9,0,0,0,0
JSKY.JK,2020Q4,26.96207262,91.40562536,25.52806186,12.69148365,2.298972105,4.960580374,1,0,7,1,1,1,0
JSKY.JK,2019Q4,26.98008177,102.9037277,25.40857819,90.60285517,1.73223736,4.022090895,0,1,7,1,0,0,0
JSMR.JK,2020Q4,32.17721706,201.2353942,29.6214168,-16.11048619,-0.101848747,0.27544544,1,0,5,1,1,1,0
JSMR.JK,2019Q4,31.95520806,191.0675079,29.79708637,-12.53465154,0.432212647,2.473339633,0,1,5,1,0,0,0
JSPT.JK,2020Q4,29.29376013,53.0306309,26.62975,16.50902602,-2.104174995,-2.941795453,1,0,2,0,1,0,0
JSPT.JK,2019Q4,29.21714307,45.01685665,26.47695144,-1.920687401,1.182589027,1.951701517,0,1,2,0,0,0,0
JTPE.JK,2020Q4,27.82412927,37.50636476,26.34817449,58.35426706,4.383519661,7.357712337,1,0,4,1,1,1,0
JTPE.JK,2019Q4,27.81711881,55.73975732,25.88850996,-36.39785225,3.001843314,4.784932492,0,1,4,1,0,0,0
KAEF.JK,2020Q4,30.54080747,114.5647518,28.5559268,2.54081739,-0.141284117,-0.28340383,1,0,11,1,1,1,0
KAEF.JK,2019Q4,30.05839495,122.0054202,28.53083605,34.71064826,-0.249096574,-0.747725773,0,1,11,1,0,0,0
KBLI.JK,2020Q4,28.89979092,11.04568291,28.22650016,9.979345443,1.124959351,1.54260003,1,0,4,1,1,1,0
KBLI.JK,2019Q4,28.8080815,9.351120969,28.13137776,59.00055362,4.193832368,7.326767794,0,1,4,1,0,0,0
KBLM.JK,2020Q4,27.88134189,17.67977622,26.49540309,-38.91956697,0.525021402,0.658244229,1,0,4,1,1,1,0
KBLM.JK,2019Q4,27.89212187,3.65202974,26.98838171,55.84539207,0.990948262,1.52378772,0,1,4,1,0,0,0
KBLV.JK,2020Q4,29.60694475,124.3887106,24.35607746,-84.60063195,-1.021941621,-3.174457264,1,0,5,1,1,1,0
KBLV.JK,2019Q4,29.82812335,71.42640313,26.22692117,-7.074208049,0.664338964,2.409810118,0,1,5,1,0,0,0
KDSI.JK,2020Q4,27.85708074,54.05213473,26.99373757,-3.451730669,1.193133795,2.25386762,1,0,6,1,1,1,0
KDSI.JK,2019Q4,27.96134338,87.52580211,27.02886467,-9.555988788,0.80423197,1.747285741,0,1,6,1,0,0,0
KIAS.JK,2020Q4,27.91854446,2.481251633,25.91484575,-23.02438071,-1.770166937,-2.409378689,1,0,4,1,1,1,0
KIAS.JK,2019Q4,28.18181748,2.897345941,26.1765272,18.80236423,-18.59931396,-21.97798821,0,1,4,1,0,0,0
KICI.JK,2020Q4,25.76109535,9.685308084,23.85615456,24.55743451,-0.354714952,-0.653985012,1,0,2,0,1,0,0
KICI.JK,2019Q4,25.748593,14.91245102,23.63655782,-42.34020855,-0.586167748,-0.971011173,0,1,2,0,0,0,0
KIJA.JK,2020Q4,30.13119493,77.75286417,27.45778754,-25.68855798,1.76063036,4.251912641,1,0,9,0,1,0,0
KIJA.JK,2019Q4,30.09774447,82.86696655,27.75469279,70.08172957,0.643849877,0.986366851,0,1,9,0,0,0,0
KINO.JK,2020Q4,29.17768215,42.06318931,27.80921276,17.81925051,-0.890404738,-1.851424809,1,0,1,0,1,0,0
KINO.JK,2019Q4,28.90977598,27.41801503,27.64523127,24.37936569,1.579224069,2.8340304,0,1,1,0,0,0,0
KIOS.JK,2020Q4,26.33075139,128.7898164,27.42711287,18.79569406,-0.933665948,-2.418562551,1,0,10,0,1,0,0
KIOS.JK,2019Q4,26.31214971,125.1506253,27.2548779,2552.251374,0.225258876,0.536124947,0,1,10,0,0,0,0
KKGI.JK,2020Q4,28.20056203,9.431834543,26.74592,35.7990621,-6.236058383,-7.76024433,1,0,7,1,1,1,0
KKGI.JK,2019Q4,28.11810935,8.09051391,26.43991388,42.83067034,1.516040134,2.135803246,0,1,7,1,0,0,0
KLBF.JK,2020Q4,30.6399029,5.139614262,29.39002814,7.610514375,3.231815985,4.096592639,1,0,11,1,1,1,0
KLBF.JK,2019Q4,30.52948263,2.444070946,29.31667997,5.965617761,2.969346851,3.788426467,0,1,11,1,0,0,0
KMTR.JK,2020Q4,29.03830081,113.0463514,28.36274868,-3.130727352,2.256806446,5.571542906,1,0,6,1,1,1,0
KMTR.JK,2019Q4,28.89747259,125.4478672,28.3945565,-18.77018579,-0.680117453,-1.56140851,0,1,6,1,0,0,0
KOBX.JK,2020Q4,28.16949965,139.9649647,26.16156025,-49.97908307,-4.318220972,-21.00798335,1,0,4,1,1,1,0
KOBX.JK,2019Q4,28.10655585,23.01729847,26.85428918,12.39002371,-0.967468802,-3.747202582,0,1,4,1,0,0,0
KONI.JK,2020Q4,25.47308414,552.7554656,24.3429624,-6.602366923,-6.03280549,-31.95658237,1,0,4,1,1,1,0
KONI.JK,2019Q4,25.68087432,956.525697,24.41126658,18.71139206,2.662515466,22.62285087,0,1,4,1,0,0,0
KOPI.JK,2020Q4,25.72583866,19.64395184,24.42064586,108.9275079,-0.708762767,-1.49452058,1,0,7,1,1,1,0
KOPI.JK,2019Q4,25.71551267,29.0132245,23.6838287,-19.17166004,-2.547407386,-4.351229529,0,1,7,1,0,0,0
KPIG.JK,2020Q4,30.84211103,19.77081969,26.45310724,-5.1396139,0.267684825,0.418945448,1,0,2,0,1,0,0
KPIG.JK,2019Q4,30.44618005,28.92930902,26.50587124,36.17250542,0.076728521,0.037782447,0,1,2,0,0,0,0
KRAH.JK,2020Q4,27.15862336,344.2787585,24.89030284,-13.78626237,0.015650051,0.230699021,1,0,4,1,1,1,0
KRAH.JK,2019Q4,27.09147723,180.7296603,25.03864349,-17.76986587,-1.427959364,-8.394987055,0,1,4,1,0,0,0
KRAS.JK,2020Q4,31.4517608,547.754122,29.26023945,-23.82738177,1.446610284,10.78210421,1,0,6,1,1,1,0
KRAS.JK,2019Q4,31.57220629,239.2531524,29.53240758,20.64407622,-7.645870424,-28.93874792,0,1,6,1,0,0,0
KREN.JK,2020Q4,28.93679223,9.839233906,28.86636286,26.64026722,-7.216414264,-20.21645123,1,0,3,0,1,0,0
KREN.JK,2019Q4,28.76608644,21.17599259,28.63018252,647.732844,2.536046353,1.425914869,0,1,3,0,0,0,0
LEAD.JK,2020Q4,28.38953217,235.1510182,25.30344767,-12.05903319,-0.919623136,-3.425880663,1,0,7,1,1,1,0
LEAD.JK,2019Q4,28.6996718,115.528657,25.4319521,30.20260268,-0.549962134,-1.962094587,0,1,7,1,0,0,0
LINK.JK,2020Q4,29.52608509,19.13859445,27.61958598,5.839857571,3.142306701,5.289210901,1,0,5,1,1,1,0
LINK.JK,2019Q4,29.42670803,2.121046992,27.562829,4.507882165,1.88191711,2.631486179,0,1,5,1,0,0,0
LION.JK,2020Q4,27.25036728,7.296803598,25.17871606,-17.59755768,1.001727299,1.439971401,1,0,4,1,1,1,0
LION.JK,2019Q4,27.24609592,7.533441927,25.37227117,20.68191879,0.676498566,0.959973405,0,1,4,1,0,0,0
LMPI.JK,2020Q4,27.3267248,97.61078855,25.67196369,18.31936109,-1.612214678,-4.483545794,1,0,2,0,1,0,0
LMPI.JK,2019Q4,27.39111886,87.83205721,25.50374645,22.09647426,-1.820391994,-4.588238747,0,1,2,0,0,0,0
LMSH.JK,2020Q4,25.73423987,4.559663387,24.5844901,-30.76397346,-2.002107148,-2.488615526,1,0,6,1,1,1,0
LMSH.JK,2019Q4,25.84087173,5.662559535,24.95213894,0.46870341,-4.019860791,-4.924979338,0,1,6,1,0,0,0
LPCK.JK,2020Q4,30.13403189,3.555917532,27.15419909,88.38612368,-35.96622713,-50.36119296,1,0,9,0,1,0,0
LPCK.JK,2019Q4,29.85300573,3.203547398,26.52087557,18.0323817,0.135026254,-0.334884683,0,1,9,0,0,0,0
LPGI.JK,2020Q4,28.51720032,0.688027542,26.49377816,16.14015746,0.902835141,#VALUE!,1,0,3,0,1,0,0
LPGI.JK,2019Q4,28.54136888,0.527818016,26.34415063,-11.00182946,1.551156435,#VALUE!,0,1,3,0,0,0,0
LPKR.JK,2020Q4,31.63980026,42.58156303,29.01701693,28.19693595,-13.23952636,-28.62301634,1,0,9,0,1,0,0
LPKR.JK,2019Q4,31.52454323,83.85164227,28.76861947,20.33326248,-0.658749891,-0.888275431,0,1,9,0,0,0,0
LPLI.JK,2020Q4,27.84844434,20.14570628,23.60599737,-11.90076938,0.686603195,0.892364292,1,0,9,0,1,0,0
LPLI.JK,2019Q4,27.95317997,19.59487219,23.73270376,-13.52780621,-0.948057245,-1.21569153,0,1,9,0,0,0,0
LRNA.JK,2020Q4,26.48597923,6.602731903,24.08249976,9.071077569,-4.825636346,-5.856710078,1,0,8,1,1,1,0
LRNA.JK,2019Q4,26.24339293,4.089841564,23.99567019,-9.911444728,-0.818139764,-0.970348558,0,1,8,1,0,0,0
LTLS.JK,2020Q4,29.39971733,113.7809492,28.09598519,-10.72991481,0.953166226,2.448395399,1,0,6,1,1,1,0
LTLS.JK,2019Q4,29.47449362,136.8940772,28.20948894,7.758172182,0.709568516,1.577549466,0,1,6,1,0,0,0
MAIN.JK,2020Q4,29.16758228,100.1038023,28.21067322,-4.389544438,0.699421379,1.706672446,1,0,1,0,1,0,0
MAIN.JK,2019Q4,29.09793751,94.61837488,28.25556123,34.96673545,-0.912079726,-2.10597875,0,1,1,0,0,0,0
MAMI.JK,2020Q4,28.15801643,20.09924367,24.63518441,97.33313955,-0.121670929,-0.064059158,1,0,2,0,1,0,0
MAMI.JK,2019Q4,27.56578893,29.13279548,23.95546124,4.77884764,0.300613571,0.150962161,0,1,2,0,0,0,0
MAPB.JK,2020Q4,28.35725824,0.146396296,27.49247029,23.53901909,-0.649432103,-1.593596868,1,0,2,0,1,0,0
MAPB.JK,2019Q4,28.18547216,0.161648594,27.28108343,22.83338853,2.993374005,5.02003884,0,1,2,0,0,0,0
MAPI.JK,2020Q4,30.26557654,30.91186812,29.45998822,22.26390757,0.482578862,0.971229381,1,0,2,0,1,0,0
MAPI.JK,2019Q4,30.16730751,50.8059508,29.25897652,10.20235522,2.596399163,4.808682434,0,1,2,0,0,0,0
MARI.JK,2020Q4,26.54924525,21.03262606,24.11594555,7.6764921,-0.968543384,-1.140806799,1,0,2,0,1,0,0
MARI.JK,2019Q4,26.46857905,26.07426625,24.04198445,22.4284694,1.263498854,2.271327306,0,1,2,0,0,0,0
MARK.JK,2020Q4,26.81288666,38.14284665,25.27006737,10.94486379,8.085406814,13.86955675,1,0,4,1,1,1,0
MARK.JK,2019Q4,26.48556979,18.75468936,25.1662042,37.14688002,5.149183425,7.819892073,0,1,4,1,0,0,0
MASA.JK,2020Q4,29.69732547,54.61135044,27.84709406,-5.721941126,3.615649487,7.706669572,1,0,2,0,1,0,0
MASA.JK,2019Q4,29.92398165,65.90356652,27.90601576,22.09957581,-0.442135575,-0.799553883,0,1,2,0,0,0,0
MAYA.JK,2020Q4,32.16800701,22.18717289,27.49419287,10.69422629,-0.160843442,#VALUE!,1,0,3,0,1,0,0
MAYA.JK,2019Q4,32.09660611,25.32106653,27.39259137,7.552310599,-0.198720493,#VALUE!,0,1,3,0,0,0,0
MBAP.JK,2020Q4,28.6139527,6.453853736,27.51592047,-11.72564789,1.071472129,1.410542416,1,0,7,1,1,1,0
MBAP.JK,2019Q4,28.54498739,5.246523419,27.64064106,35.38160968,4.579070923,6.060105905,0,1,7,1,0,0,0
MBSS.JK,2020Q4,28.7388309,22.3146762,26.20131938,-29.28493024,-3.654427161,-5.038656169,1,0,7,1,1,1,0
MBSS.JK,2019Q4,28.86818028,33.77762185,26.54783086,42.60466802,0.608831904,0.644099084,0,1,7,1,0,0,0
MBTO.JK,2020Q4,27.10519002,79.48483904,25.71995143,23.38651744,-16.05147282,-32.54570255,1,0,1,0,1,0,0
MBTO.JK,2019Q4,27.19718258,56.45459595,25.50979976,-47.08485575,-6.570284372,-15.44700053,0,1,1,0,0,0,0
MCAS.JK,2020Q4,28.21834442,19.86236478,28.82849755,44.4764696,8.495777564,40.60938377,1,0,10,0,1,0,0
MCAS.JK,2019Q4,27.7419358,32.23833508,28.46055108,535.3411289,4.374572192,6.786144066,0,1,10,0,0,0,0
MDIA.JK,2020Q4,29.41484387,64.62326098,26.70825865,-12.08433319,-1.994955651,-5.34908419,1,0,2,0,1,0,0
MDIA.JK,2019Q4,29.38346024,62.99690821,26.83705081,-2.243334602,0.776781015,1.857425493,0,1,2,0,0,0,0
MDKA.JK,2020Q4,30.21149502,58.15382284,27.70721038,-3.37678008,-2.386841288,-3.893965414,1,0,6,1,1,1,0
MDKA.JK,2019Q4,30.07062612,71.61622294,27.74156149,16.901618,-0.01034729,0.953749562,0,1,6,1,0,0,0
MDKI.JK,2020Q4,27.55175602,0.486732286,25.30717153,-3.70727389,1.016325427,1.131925481,1,0,6,1,1,1,0
MDKI.JK,2019Q4,27.54116752,0.488209139,25.34494893,5.079017271,0.191020007,0.201636484,0,1,6,1,0,0,0
MDLN.JK,2020Q4,30.38875135,80.93684887,26.57079359,17.33589546,-6.275219656,-15.60659596,1,0,9,0,1,0,0
MDLN.JK,2019Q4,30.37911466,84.47017667,26.41092305,-33.59007113,0.408052276,0.90686215,0,1,9,0,0,0,0
MEDC.JK,2020Q4,32.11056864,269.7236408,29.29835382,8.19574433,-1.113854671,-6.363908633,1,0,7,1,1,1,0
MEDC.JK,2019Q4,31.97667985,218.228322,29.21958197,89.92629052,-0.271097859,-1.45280685,0,1,7,1,0,0,0
MEGA.JK,2020Q4,32.24419748,25.316158,28.17687927,15.99296552,1.151612139,#VALUE!,1,0,3,0,1,0,0
MEGA.JK,2019Q4,32.05899993,33.29810553,28.02851991,-15.76624181,0.659292774,#VALUE!,0,1,3,0,0,0,0
META.JK,2020Q4,29.21712798,42.23597586,27.28612407,260.1011806,0.509719742,0.745648946,1,0,5,1,1,1,0
META.JK,2019Q4,28.95866267,56.04405299,26.00490921,0.417717454,1.186390277,1.58843643,0,1,5,1,0,0,0
MFIN.JK,2020Q4,29.18413288,94.46818225,26.94348815,17.64286115,-0.045702782,-0.08144457,1,0,3,0,1,0,0
MFIN.JK,2019Q4,28.9179547,65.94505565,26.7810049,8.93178001,2.190976791,4.485829111,0,1,3,0,0,0,0
MICE.JK,2020Q4,27.67432237,37.58800089,25.76193237,-12.33454994,0.25916431,-0.234975081,1,0,2,0,1,0,0
MICE.JK,2019Q4,27.55719373,33.44787278,25.89357469,9.722784822,1.581853848,1.765411903,0,1,2,0,0,0,0
MIDI.JK,2020Q4,29.23851895,156.5377021,28.71077197,9.677707783,1.08211117,4.660865384,1,0,1,0,1,0,0
MIDI.JK,2019Q4,29.23245609,211.8592859,28.61839602,3.639976262,1.246168117,5.145206173,0,1,1,0,0,0,0
MINA.JK,2020Q4,25.84421652,0.306890319,21.77998241,-13.30999466,-3.733727708,-3.762346047,1,0,2,0,1,0,0
MINA.JK,2019Q4,25.55628671,0.057769676,21.922814,60.73750001,-1.177010644,-1.322630973,0,1,2,0,0,0,0
MIRA.JK,2020Q4,26.58542734,34.65398152,24.27797867,6.550374797,-0.219647467,-0.29583969,1,0,8,1,1,1,0
MIRA.JK,2019Q4,26.49401389,29.56910874,24.21453098,-9.647608575,-4.146247944,-6.025748801,0,1,8,1,0,0,0
MKNT.JK,2020Q4,27.35123433,722.9355348,27.84518494,12.37062124,-4.071697662,-35.08123809,1,0,2,0,1,0,0
MKNT.JK,2019Q4,27.7038697,305.061752,27.7285526,-39.46903628,0.294070988,1.284491253,0,1,2,0,0,0,0
MKPI.JK,2020Q4,29.61549716,12.08446871,27.06584995,1.04601913,0.416622815,0.567041615,1,0,9,0,1,0,0
MKPI.JK,2019Q4,29.57810983,13.74082689,27.05544409,-8.322787793,2.709476882,3.590011696,0,1,9,0,0,0,0
MLBI.JK,2020Q4,28.69467958,30.55348956,27.85229171,6.732383089,4.41425784,9.708485402,1,0,1,0,1,0,0
MLBI.JK,2019Q4,28.69210494,31.70101657,27.78713729,10.78727867,15.47744591,46.12847095,0,1,1,0,0,0,0
MLIA.JK,2020Q4,29.38162913,79.04577864,27.63241772,0.703165523,0.747707788,1.637670893,1,0,4,1,1,1,0
MLIA.JK,2019Q4,29.29186028,67.98007452,27.62541067,-39.06593136,0.922797799,2.105841073,0,1,4,1,0,0,0
MLPL.JK,2020Q4,30.40251812,83.8932518,28.69371361,-17.73103735,-1.609984659,-4.886415133,1,0,4,1,1,1,0
MLPL.JK,2019Q4,30.5548832,91.15027479,28.88888988,-16.20743609,-0.026288194,0.275345682,0,1,4,1,0,0,0
MLPT.JK,2020Q4,28.37594732,19.10463011,27.36653721,-16.02904626,1.994718103,6.358854575,1,0,10,0,1,0,0
MLPT.JK,2019Q4,28.35325126,19.13262941,27.54123644,35.74524198,1.652879472,4.359789418,0,1,10,0,0,0,0
MMLP.JK,2020Q4,29.48203443,16.47489811,25.1160779,6.928717414,0.829943394,1.053054655,1,0,9,0,1,0,0
MMLP.JK,2019Q4,29.38271858,12.14161905,25.04908567,38.74658488,2.201807996,1.445069972,0,1,9,0,0,0,0
MNCN.JK,2020Q4,30.48693398,42.45611698,28.33368041,9.705176659,2.397201729,3.188971952,1,0,2,0,1,0,0
MNCN.JK,2019Q4,30.40406205,46.88231517,28.24105404,4.792878722,3.217952988,4.694335078,0,1,2,0,0,0,0
MPMX.JK,2020Q4,29.88899381,5.720941586,29.04035722,-2.82683239,1.968724908,2.870118152,1,0,2,0,1,0,0
MPMX.JK,2019Q4,30.11120053,4.022733611,29.06903278,23.73954813,1.159502479,1.437410173,0,1,2,0,0,0,0
MPOW.JK,2020Q4,26.34018741,85.60312108,22.66018223,-36.5487934,2.060124549,3.791073572,1,0,5,1,1,1,0
MPOW.JK,2019Q4,26.46886859,110.5543946,23.11508121,-31.8685941,-2.032463543,-3.880035333,0,1,5,1,0,0,0
MPPA.JK,2020Q4,29.01882758,141.0215514,28.32321935,-17.00806658,-2.432018935,-44.40341338,1,0,1,0,1,0,0
MPPA.JK,2019Q4,29.32624068,82.84232237,28.50964612,-16.82611638,-1.886146376,-8.550029582,0,1,1,0,0,0,0
MRAT.JK,2020Q4,26.95927902,15.02576092,25.15675892,8.03034683,-0.153973166,-0.230740591,1,0,1,0,1,0,0
MRAT.JK,2019Q4,26.99225789,15.00416714,25.07951693,-14.42164141,0.003557371,0.004923354,0,1,1,0,0,0,0
MREI.JK,2020Q4,28.99598947,0.243500498,27.0235344,4.128821661,1.066861061,#VALUE!,1,0,3,0,1,0,0
MREI.JK,2019Q4,28.86259497,0.2087679,26.98307578,18.17635153,1.348942435,#VALUE!,0,1,3,0,0,0,0
MSKY.JK,2020Q4,29.14280959,36.34486454,27.13366109,-7.502509658,-1.286928186,-1.974075778,1,0,2,0,1,0,0
MSKY.JK,2019Q4,29.20094139,123.6739772,27.21164976,3.634767284,-0.207652717,-0.395033754,0,1,2,0,0,0,0
MTDL.JK,2020Q4,29.35829131,9.206929115,29.20918609,32.76630218,2.559824821,4.209759632,1,0,10,0,1,0,0
MTDL.JK,2019Q4,29.21057203,9.953694724,28.92576582,2.006189012,2.831833914,4.793552478,0,1,10,0,0,0,0
MTLA.JK,2020Q4,29.44051637,38.67490413,27.14332357,42.94791434,1.282465775,2.129283139,1,0,9,0,1,0,0
MTLA.JK,2019Q4,29.27851806,33.60377927,26.78601343,-18.98303127,4.119753003,6.752009111,0,1,9,0,0,0,0
MYOH.JK,2020Q4,28.4300239,4.091061799,27.5364949,-3.976088016,5.564519329,6.625779947,1,0,7,1,1,1,0
MYOH.JK,2019Q4,28.40819353,8.779352999,27.57706784,27.52338542,4.651841024,6.255609201,0,1,7,1,0,0,0
MYOR.JK,2020Q4,30.57745383,60.10953367,29.58651709,5.312875128,2.622026719,4.67419315,1,0,1,0,1,0,0
MYOR.JK,2019Q4,30.49844868,72.00745124,29.53475159,2.961793246,4.954690237,9.788510789,0,1,1,0,0,0,0
MYRX.JK,2020Q4,30.0588293,33.1633751,26.45147035,30.4540542,0.116088,0.123885109,1,0,9,0,1,0,0
MYRX.JK,2019Q4,29.888017,30.42449174,26.18561944,-68.6703506,0.061815526,-0.029294311,0,1,9,0,0,0,0
NELY.JK,2020Q4,26.99135382,9.137855242,24.93224951,-8.774097674,2.599978114,2.964125594,1,0,8,1,1,1,0
NELY.JK,2019Q4,26.88520174,5.021634226,25.02408082,52.38958724,3.796436158,4.373424918,0,1,8,1,0,0,0
NIKL.JK,2020Q4,28.37554703,163.0555865,27.02470748,-4.370399919,2.945822407,8.118470866,1,0,6,1,1,1,0
NIKL.JK,2019Q4,28.38446223,159.2662996,27.06939527,0.63021723,0.590181603,1.856145416,0,1,6,1,0,0,0
NIPS.JK,2020Q4,28.23406556,62.85171225,26.41368467,28.17949985,0.809684273,1.695244073,1,0,2,0,1,0,0
NIPS.JK,2019Q4,28.09445193,83.1806729,26.16542324,6.551072978,1.091224029,2.242481118,0,1,2,0,0,0,0
NIRO.JK,2020Q4,29.72487424,49.48769231,25.61386389,11.60869921,-0.587279105,-1.627145167,1,0,9,0,1,0,0
NIRO.JK,2019Q4,29.24841816,47.92001065,25.50403508,26.20381093,-0.096400875,-0.170574651,0,1,9,0,0,0,0
NISP.JK,2020Q4,32.82789798,47.03020286,28.39865081,5.344129871,0.076841127,#VALUE!,1,0,3,0,1,0,0
NISP.JK,2019Q4,32.78767638,59.04433039,28.34658857,4.898089179,0.404116348,#VALUE!,0,1,3,0,0,0,0
NOBU.JK,2020Q4,30.12294716,10.88970612,25.60247039,-8.913620089,0.130356463,#VALUE!,1,0,3,0,1,0,0
NOBU.JK,2019Q4,29.93779771,6.313873723,25.69583229,56.60430562,0.089689019,#VALUE!,0,1,3,0,0,0,0
NRCA.JK,2020Q4,28.53232531,8.938191753,27.27776452,17.36761266,-0.452825271,-0.876764857,1,0,5,1,1,1,0
NRCA.JK,2019Q4,28.44404326,0.720459858,27.11762371,-9.094284281,-0.210388215,-0.423734479,0,1,5,1,0,0,0
OMRE.JK,2020Q4,29.07388383,2.111725939,24.50982638,-7.165512344,-1.228848855,-1.422335866,1,0,9,0,1,0,0
OMRE.JK,2019Q4,29.07076651,1.934900198,24.58417836,13.43818849,-0.335580199,-0.369922896,0,1,9,0,0,0,0
PALM.JK,2020Q4,28.59178691,6.935315866,24.74990811,-36.74708055,7.404650898,7.961061981,1,0,1,0,1,0,0
PALM.JK,2019Q4,28.40591664,31.94437458,25.20793701,-57.53136736,-1.044425938,-1.223522229,0,1,1,0,0,0,0
PANR.JK,2020Q4,28.28614104,100.1156673,26.77269201,-20.80033088,-1.872805222,-4.223807889,1,0,2,0,1,0,0
PANR.JK,2019Q4,28.46593095,104.0587178,27.00589008,15.52935866,0.240054436,-0.304521938,0,1,2,0,0,0,0
PANS.JK,2020Q4,28.49229721,45.27065127,25.12199996,-29.2753132,7.93847743,14.94695264,1,0,3,0,1,0,0
PANS.JK,2019Q4,28.4473249,19.11966411,25.46837546,-2.972496096,0.419801121,0.71569274,0,1,3,0,0,0,0
PBRX.JK,2020Q4,29.84351816,121.5377285,28.50809389,1.769897708,0.158619855,1.129337904,1,0,2,0,1,0,0
PBRX.JK,2019Q4,29.75017309,107.9854447,28.49054971,20.07796494,0.046738066,1.847168437,0,1,2,0,0,0,0
PCAR.JK,2020Q4,25.40686456,4.761690393,22.51869464,-90.30837667,-2.00951673,-3.012165436,1,0,1,0,1,0,0
PCAR.JK,2019Q4,25.53222053,2.093035165,24.85260289,94.15597995,-0.57090569,-0.74745954,0,1,1,0,0,0,0
PDES.JK,2020Q4,26.87830004,59.09057165,25.91533497,-8.111117632,-5.552550327,-14.79871665,1,0,2,0,1,0,0
PDES.JK,2019Q4,26.92315261,66.3297643,25.99992511,6.11625704,1.116155387,2.110738253,0,1,2,0,0,0,0
PGAS.JK,2020Q4,32.25939147,108.6488417,30.29766584,2.079512506,-3.992521883,-13.33489051,1,0,7,1,1,1,0
PGAS.JK,2019Q4,32.36833343,136.1002295,30.27708398,29.0943166,-0.863766395,-2.385184674,0,1,7,1,0,0,0
PGLI.JK,2020Q4,25.17037417,2.684688838,22.30518277,-9.97604945,-3.506088863,-5.017740019,1,0,2,0,1,0,0
PGLI.JK,2019Q4,25.27271467,3.367645432,22.4102772,-14.67555868,1.46598552,2.117322023,0,1,2,0,0,0,0
PICO.JK,2020Q4,27.48351754,122.7289915,26.02497017,24.53883471,-2.304268736,-9.565132731,1,0,6,1,1,1,0
PICO.JK,2019Q4,27.30491351,118.5358283,25.80552277,-7.384302333,0.599010447,1.670656984,0,1,6,1,0,0,0
PJAA.JK,2020Q4,28.9856185,42.48995465,26.63094105,11.07051017,-2.42749169,-5.480627795,1,0,2,0,1,0,0
PJAA.JK,2019Q4,29.0836221,66.96003734,26.52594601,9.559363504,2.142349985,4.095334915,0,1,2,0,0,0,0
PLAS.JK,2020Q4,25.95690803,11.55257572,21.30520209,-80.34364083,-0.300139149,-0.340329729,1,0,3,0,1,0,0
PLAS.JK,2019Q4,26.58231348,38.48231684,22.93197137,137.2025628,-0.403471382,-0.464850416,0,1,3,0,0,0,0
PLIN.JK,2020Q4,30.14364094,0.544980642,26.61354945,1.598296713,0.809190262,0.897064169,1,0,9,0,1,0,0
PLIN.JK,2019Q4,29.24139282,311.5009184,26.59769287,-11.85495492,1.829688921,2.339799935,0,1,9,0,0,0,0
PNBN.JK,2020Q4,32.98424027,62.43992746,28.77286529,-11.75998346,0.359798397,#VALUE!,1,0,3,0,1,0,0
PNBN.JK,2019Q4,32.96472695,58.46726132,28.89797492,39.32828484,0.463677136,#VALUE!,0,1,3,0,0,0,0
PNBS.JK,2020Q4,30.04118849,0.042775626,24.92494505,-21.86031859,-0.001055192,#VALUE!,1,0,3,0,1,0,0
PNBS.JK,2019Q4,29.80247853,0.008182845,25.17161723,26.86847812,0.048073318,#VALUE!,0,1,3,0,0,0,0
PORT.JK,2020Q4,28.43018125,61.350741,27.15733075,39.34020855,0.743833717,-0.272066714,1,0,5,1,1,1,0
PORT.JK,2019Q4,28.35856968,78.74657683,26.82558245,110.7926225,-0.286607257,-0.796488971,0,1,5,1,0,0,0
POWR.JK,2020Q4,30.54274023,81.8623816,28.35433019,-2.979085619,1.968100887,3.918459028,1,0,5,1,1,1,0
POWR.JK,2019Q4,30.56577223,84.12622972,28.38457381,7.754494756,2.623240662,5.27404757,0,1,5,1,0,0,0
PPRO.JK,2020Q4,30.52173607,180.7449097,26.25177151,-65.70665332,0.126956326,0.313221944,1,0,9,0,1,0,0
PPRO.JK,2019Q4,30.37974535,142.3124319,27.32199034,-19.94540693,0.132519105,0.832885253,0,1,9,0,0,0,0
PRAS.JK,2020Q4,28.13610666,130.6988202,24.41883136,-67.13040623,0.101562185,0.320984437,1,0,2,0,1,0,0
PRAS.JK,2019Q4,28.12299599,121.50402,25.53145352,155.3178197,-2.713833238,-6.785845767,0,1,2,0,0,0,0
PRDA.JK,2020Q4,28.32963682,1.317366424,26.9485725,4.620346583,6.809407805,8.474785648,1,0,11,1,1,1,0
PRDA.JK,2019Q4,28.28873851,2.755469009,26.90340464,13.86758719,4.51363693,5.516075297,0,1,11,1,0,0,0
PSAB.JK,2020Q4,30.26609415,130.832532,27.57808184,22.09722154,0.078699922,-0.382221343,1,0,6,1,1,1,0
PSAB.JK,2019Q4,30.24991371,119.0427851,27.3784344,2.559532534,0.604638426,1.313002362,0,1,6,1,0,0,0
PTBA.JK,2020Q4,30.89288179,3.455660516,29.34184363,7.837018025,2.744934546,3.970589769,1,0,7,1,1,1,0
PTBA.JK,2019Q4,30.81625465,5.197541156,29.26639282,-17.88457482,3.5664422,5.40088818,0,1,7,1,0,0,0
PTPP.JK,2020Q4,31.65870092,139.3479646,29.66799785,-25.79422783,0.40217397,0.950140318,1,0,5,1,1,1,0
PTPP.JK,2019Q4,31.52929461,105.5910666,29.96632609,33.48339794,0.626721695,2.429295693,0,1,5,1,0,0,0
PTRO.JK,2020Q4,29.66552945,96.86271734,27.93560612,-32.41479293,3.737098458,8.67339019,1,0,7,1,1,1,0
PTRO.JK,2019Q4,29.70878884,109.6676008,28.32738717,65.47737945,1.898355278,5.116948473,0,1,7,1,0,0,0
PTSN.JK,2020Q4,28.43666932,40.40927061,27.4326499,-62.24248966,0.356408422,0.607111819,1,0,10,0,1,0,0
PTSN.JK,2019Q4,29.05024408,13.78213329,28.40663568,652.1006824,-0.590412436,-1.631911639,0,1,10,0,0,0,0
PTSP.JK,2020Q4,26.58834844,15.01960529,25.98231554,-0.49253227,2.808827546,10.8170791,1,0,2,0,1,0,0
PTSP.JK,2019Q4,26.45363413,24.92349575,25.98725303,32.79837791,2.546535471,4.619640912,0,1,2,0,0,0,0
PUDP.JK,2020Q4,26.92952015,36.72314014,23.57185925,-8.892764863,-0.97960588,-1.626616183,1,0,9,0,1,0,0
PUDP.JK,2019Q4,26.95816218,36.96514922,23.66499221,-41.43160439,-0.369304174,-0.546647744,0,1,9,0,0,0,0
PWON.JK,2020Q4,30.89277072,32.03909919,28.30477472,5.920273366,1.488402232,2.273705471,1,0,9,0,1,0,0
PWON.JK,2019Q4,30.85061989,44.30089547,28.24725823,39.90320449,2.87955744,3.875507889,0,1,9,0,0,0,0
PYFA.JK,2020Q4,25.97441931,15.5620969,24.8567935,-3.8949859,2.676051928,4.009314784,1,0,11,1,1,1,0
PYFA.JK,2019Q4,25.9546801,20.61876848,24.8965222,18.89718626,2.321933887,3.585328398,0,1,11,1,0,0,0
RBMS.JK,2020Q4,27.41608313,24.80402616,23.9867599,-70.96643093,-1.742113386,-2.356650197,1,0,9,0,1,0,0
RBMS.JK,2019Q4,27.5234003,30.37727877,25.22347738,-5.32307349,-1.266118977,-1.677617591,0,1,9,0,0,0,0
RDTX.JK,2020Q4,28.65913528,0.008320601,25.3167148,-0.409873303,1.759480085,1.931379844,1,0,9,0,1,0,0
RDTX.JK,2019Q4,28.55785202,0.005921124,25.32082195,-2.108097479,1.967377241,2.186888385,0,1,9,0,0,0,0
RELI.JK,2020Q4,27.18459457,24.44827601,23.1802178,46.13279155,0.613749589,0.782907435,1,0,3,0,1,0,0
RELI.JK,2019Q4,27.11346263,21.3173579,22.80087225,21.14105928,1.93842937,2.657726688,0,1,3,0,0,0,0
RICY.JK,2020Q4,28.11335759,212.8761348,27.39898472,33.6954654,0.191087928,0.809048594,1,0,2,0,1,0,0
RICY.JK,2019Q4,28.06254509,147.6352081,27.10859034,16.58446788,0.591463209,3.347810399,0,1,2,0,0,0,0
RIMO.JK,2020Q4,29.49566227,14.94526159,25.26963348,8.665517854,0.238385177,0.278103324,1,0,9,0,1,0,0
RIMO.JK,2019Q4,29.32484169,2.919576747,25.18652915,1467.264172,0.29863921,0.536716551,0,1,9,0,0,0,0
RISE.JK,2020Q4,28.49028509,17.60284043,25.30074973,-12.49304104,-0.449489307,-0.380054991,1,0,2,0,1,0,0
RISE.JK,2019Q4,28.49112149,17.73408136,25.43420159,1.885128107,0.157379254,0.535719817,0,1,2,0,0,0,0
RMBA.JK,2020Q4,30.38780256,32.22147755,29.17739739,-18.60576445,-2.653898822,-4.947245114,1,0,1,0,1,0,0
RMBA.JK,2019Q4,30.26380653,11.80422504,29.38326312,19.31658252,2.093119708,3.937686629,0,1,1,0,0,0,0
RODA.JK,2020Q4,29.0291418,28.80312018,24.85165052,38.93368949,-0.307156128,-0.531441241,1,0,9,0,1,0,0
RODA.JK,2019Q4,28.99161013,24.9125517,24.52282394,-3.659260723,-0.179337054,-0.463144214,0,1,9,0,0,0,0
ROTI.JK,2020Q4,29.17476439,24.68697321,27.49685727,11.91227897,1.924587059,2.966831719,1,0,1,0,1,0,0
ROTI.JK,2019Q4,29.11121793,26.28963074,27.38431212,17.3562469,1.294141074,2.945849264,0,1,1,0,0,0,0
RUIS.JK,2020Q4,27.85525,125.3861087,26.87917969,36.93192439,0.376091526,1.092320061,1,0,7,1,1,1,0
RUIS.JK,2019Q4,27.62134679,95.04038695,26.56486597,22.48980322,0.959057845,2.747723373,0,1,7,1,0,0,0
SAME.JK,2020Q4,28.43431982,108.9794542,25.61602585,-48.46125337,0.44068886,1.48595834,1,0,11,1,1,1,0
SAME.JK,2019Q4,28.5588577,77.30477173,26.27886215,25.85136175,-0.958292711,-2.16510418,0,1,11,1,0,0,0
SCMA.JK,2020Q4,29.53562166,0.235818219,27.95170149,-6.948028887,3.498574515,5.692539775,1,0,2,0,1,0,0
SCMA.JK,2019Q4,29.44555699,0.369249458,28.02371351,43.98266215,0.861460095,1.23919882,0,1,2,0,0,0,0
SCPI.JK,2020Q4,27.98005991,93.18423663,26.72845625,-30.66921099,1.548816841,3.179152494,1,0,11,1,1,1,0
SCPI.JK,2019Q4,28.12309366,190.7603141,27.09473734,39.25707253,1.127636847,2.603429735,0,1,11,1,0,0,0
SDMU.JK,2020Q4,26.5612099,85.28641971,23.99648454,7.466133812,-6.57128131,-116.7105985,1,0,8,1,1,1,0
SDMU.JK,2019Q4,26.61418101,72.16948158,23.92447896,-26.60135411,-1.623971912,-3.143359898,0,1,8,1,0,0,0
SDPC.JK,2020Q4,27.83872137,209.2645484,27.27434171,9.973720849,-0.077391357,-0.386628185,1,0,1,0,1,0,0
SDPC.JK,2019Q4,27.80740107,181.382021,27.17927046,15.84202784,-0.098734999,-0.521196563,0,1,1,0,0,0,0
SDRA.JK,2020Q4,31.24032789,115.7042876,26.54997071,-14.16951091,0.303335851,#VALUE!,1,0,3,0,1,0,0
SDRA.JK,2019Q4,31.01986561,75.59156079,26.7027666,7.560237521,0.205212047,#VALUE!,0,1,3,0,0,0,0
SGRO.JK,2020Q4,29.87882716,95.85065161,27.63207027,8.593565524,-2.241583882,-5.747972814,1,0,1,0,1,0,0
SGRO.JK,2019Q4,29.83033739,93.85130879,27.5496283,-14.40133846,0.232069102,0.423594842,0,1,1,0,0,0,0
SHID.JK,2020Q4,28.0210991,51.71381259,24.31925663,-23.60609537,-0.913885586,-1.455138199,1,0,2,0,1,0,0
SHID.JK,2019Q4,28.04083576,50.71850414,24.5885239,31.25236137,-0.081467725,-0.132196219,0,1,2,0,0,0,0
SHIP.JK,2020Q4,28.84709297,130.8705868,26.65386462,36.6782948,2.265483596,4.512218906,1,0,7,1,1,1,0
SHIP.JK,2019Q4,28.91419396,158.6222832,26.34140486,55.90930009,2.756848272,6.01981487,0,1,7,1,0,0,0
SILO.JK,2020Q4,29.67765301,4.232491472,28.22004202,14.88984498,1.963527422,2.792475393,1,0,11,1,1,1,0
SILO.JK,2019Q4,29.67158435,2.832803149,28.08123841,0.818421135,-4.912821621,-6.220049413,0,1,11,1,0,0,0
SIMP.JK,2020Q4,31.18767435,85.12389211,28.90999276,-3.052138702,0.402080378,0.906788486,1,0,1,0,1,0,0
SIMP.JK,2019Q4,31.20096091,80.13230001,28.94098962,-0.24488884,-0.459513797,-1.104106374,0,1,1,0,0,0,0
SIPD.JK,2020Q4,28.53556027,94.75973382,27.71891843,26.31532673,-0.121025847,-0.321695263,1,0,1,0,1,0,0
SIPD.JK,2019Q4,28.4139537,108.5746614,27.48530725,41.99834741,0.76616481,2.004561521,0,1,1,0,0,0,0
SKBM.JK,2020Q4,28.20167858,56.13944912,26.95121331,8.654694436,0.91920553,1.792038703,1,0,1,0,1,0,0
SKBM.JK,2019Q4,28.14643945,42.30855121,26.86820859,26.28282624,0.112738529,0.20005401,0,1,1,0,0,0,0
SKLT.JK,2020Q4,27.39636852,50.63473374,26.52488362,17.66404404,2.119692775,4.029237057,1,0,1,0,1,0,0
SKLT.JK,2019Q4,27.33972415,57.81956374,26.36222033,21.72576922,1.307681892,2.768507504,0,1,1,0,0,0,0
SMAR.JK,2020Q4,30.95560837,119.0201442,29.91495047,1.342634734,3.953929018,11.17020399,1,0,1,0,1,0,0
SMAR.JK,2019Q4,31.00896045,111.1054404,29.90161346,1.54141584,1.348591544,3.413693213,0,1,1,0,0,0,0
SMBR.JK,2020Q4,29.34864419,45.04597157,27.0787961,-7.66110176,2.153858069,3.656671962,1,0,6,1,1,1,0
SMBR.JK,2019Q4,29.3426689,39.98742373,27.1585008,12.95615789,0.131529925,0.211499468,0,1,6,1,0,0,0
SMCB.JK,2020Q4,30.60489104,124.0575876,28.8307428,18.20016438,1.036685798,2.844888146,1,0,6,1,1,1,0
SMCB.JK,2019Q4,30.55778839,128.6321351,28.66353349,12.24581813,1.873440142,5.394984954,0,1,6,1,0,0,0
SMDM.JK,2020Q4,28.79828007,12.01516292,25.79965567,-2.976370091,-0.125455014,-0.37881016,1,0,9,0,1,0,0
SMDM.JK,2019Q4,28.78116343,11.59689465,25.8298713,16.24743193,0.470106645,0.242882182,0,1,9,0,0,0,0
SMDR.JK,2020Q4,29.60219328,91.75009256,28.13753823,-7.257423566,-1.947128441,-5.062054793,1,0,8,1,1,1,0
SMDR.JK,2019Q4,29.78533727,79.39583062,28.21288076,15.63001119,-4.946639532,-9.330597087,0,1,8,1,0,0,0
SMGR.JK,2020Q4,32.01063318,93.07593392,30.13614542,32.63255145,1.432418974,3.687428862,1,0,6,1,1,1,0
SMGR.JK,2019Q4,31.55859923,30.78492509,29.85373307,27.13758535,1.352508982,3.457797661,0,1,6,1,0,0,0
SMMA.JK,2020Q4,32.23334308,31.91079157,30.04700337,37.83730602,0.597372843,#VALUE!,1,0,3,0,1,0,0
SMMA.JK,2019Q4,32.26432177,25.89019197,29.72609951,-26.33511562,4.822833258,#VALUE!,0,1,3,0,0,0,0
SMMT.JK,2020Q4,27.46304324,42.72376434,24.75887977,-1.244471753,-0.871702991,-1.004187337,1,0,7,1,1,1,0
SMMT.JK,2019Q4,27.42089728,57.98618757,24.77140258,219.994311,0.294651534,0.598656693,0,1,7,1,0,0,0
SMRA.JK,2020Q4,30.82731006,121.7350372,28.05834282,-6.658593161,0.868640085,2.746091384,1,0,9,0,1,0,0
SMRA.JK,2019Q4,30.77944195,124.6684691,28.12724919,-0.220175031,0.817051863,2.75958784,0,1,9,0,0,0,0
SMRU.JK,2020Q4,28.19828934,79.27221701,25.95136551,-15.72994487,-3.208298426,-7.735520792,1,0,7,1,1,1,0
SMRU.JK,2019Q4,28.25885119,97.8182611,26.12250911,-2.497477756,-1.335849051,-2.751855344,0,1,7,1,0,0,0
SMSM.JK,2020Q4,28.76467263,3.881967138,27.77089349,6.417467562,4.518886299,6.005520692,1,0,2,0,1,0,0
SMSM.JK,2019Q4,28.66107008,4.818647928,27.70869394,12.96713428,6.198531538,8.258382759,0,1,2,0,0,0,0
SOCI.JK,2020Q4,29.90759137,96.66347514,26.94809082,-5.655804073,0.084510309,0.170828155,1,0,7,1,1,1,0
SOCI.JK,2019Q4,29.90732302,96.52094613,27.00631125,10.77056125,0.775248136,1.575866276,0,1,7,1,0,0,0
SONA.JK,2020Q4,27.76811012,5.802605372,26.78325389,-11.80817759,-3.935662435,-5.217318831,1,0,2,0,1,0,0
SONA.JK,2019Q4,27.93786402,13.39375368,26.90890983,0.415962488,0.728114267,1.089409641,0,1,2,0,0,0,0
SPMA.JK,2020Q4,28.49480972,54.27426438,27.17918618,-8.201319384,3.341222822,5.275285243,1,0,6,1,1,1,0
SPMA.JK,2019Q4,28.45644387,66.94721523,27.26475844,22.13252149,0.993388168,1.67676116,0,1,6,1,0,0,0
SRAJ.JK,2020Q4,28.74549606,12.27337462,26.31306571,26.78043454,0.203917599,0.499719939,1,0,11,1,1,1,0
SRAJ.JK,2019Q4,28.60340018,7.265411513,26.07577916,30.79371501,0.145160589,0.234161054,0,1,11,1,0,0,0
SRIL.JK,2020Q4,30.65730627,132.6406523,28.94961101,13.94075752,1.412984556,3.686409374,1,0,2,0,1,0,0
SRIL.JK,2019Q4,30.61018484,140.3503469,28.81910255,41.77828384,0.623855999,1.548451793,0,1,2,0,0,0,0
SRSN.JK,2020Q4,27.38159372,35.78086641,25.94365334,15.41022187,1.807679844,2.90441221,1,0,6,1,1,1,0
SRSN.JK,2019Q4,27.25527578,32.74962217,25.8003306,30.67175309,1.447285887,2.15692029,0,1,6,1,0,0,0
SSIA.JK,2020Q4,29.72195225,46.82148578,27.84413109,20.92845276,1.373539245,2.958886775,1,0,5,1,1,1,0
SSIA.JK,2019Q4,29.63306408,38.2055524,27.65410221,11.42603641,1.267560375,2.555052628,0,1,5,1,0,0,0
SSMS.JK,2020Q4,30.10294423,157.1825493,27.4787259,16.34620628,2.535988223,7.034916694,1,0,1,0,1,0,0
SSMS.JK,2019Q4,30.05547974,147.0511981,27.3273258,-14.16044053,0.113431712,0.321957223,0,1,1,0,0,0,0
SSTM.JK,2020Q4,26.96697774,79.915931,24.31039884,-66.26597375,-2.30205395,-5.796419547,1,0,2,0,1,0,0
SSTM.JK,2019Q4,27.05507757,90.09571836,25.39706202,-8.064924084,-3.544429331,-8.72220003,0,1,2,0,0,0,0
STAR.JK,2020Q4,27.10573541,18.2925207,22.82141382,-78.75046178,0.5618235,0.664699832,1,0,3,0,1,0,0
STAR.JK,2019Q4,27.14478566,23.49518861,24.37024884,18.25205954,0.113949727,0.139538761,0,1,3,0,0,0,0
STTP.JK,2020Q4,28.64776424,9.923015746,27.56279759,28.44632021,6.272441621,8.249629195,1,0,1,0,1,0,0
STTP.JK,2019Q4,28.57374058,32.31707951,27.3124567,-5.037331781,4.796482994,6.599680379,0,1,1,0,0,0,0
SUPR.JK,2020Q4,30.00319701,238.2559551,26.78962216,-8.304956046,0.383801653,1.481115264,1,0,5,1,1,1,0
SUPR.JK,2019Q4,30.13592555,199.8232833,26.87632401,-2.411316603,-0.042182763,-0.151722856,0,1,5,1,0,0,0
TALF.JK,2020Q4,27.91551038,13.43485411,26.19094571,-3.145571988,-0.051169391,-0.092992242,1,0,6,1,1,1,0
TALF.JK,2019Q4,27.72992984,3.146903829,26.22290678,36.74529756,0.390150093,0.528446478,0,1,6,1,0,0,0
TARA.JK,2020Q4,27.74720226,5.065322807,22.39439705,90.39592679,-0.640084517,-0.691993,1,0,9,0,1,0,0
TARA.JK,2019Q4,27.75034161,5.295513571,21.75046151,-78.53828881,0.011845883,0.003883615,0,1,9,0,0,0,0
TBIG.JK,2020Q4,31.06086135,459.7912276,27.83753516,6.872933191,0.776048095,3.566866537,1,0,5,1,1,1,0
TBIG.JK,2019Q4,31.00223158,678.2346228,27.77106476,9.770653495,0.734312648,4.856829199,0,1,5,1,0,0,0
TBLA.JK,2020Q4,30.44000987,151.9835476,28.4296889,-2.866740029,0.427334986,1.495160705,1,0,1,0,1,0,0
TBLA.JK,2019Q4,30.3990735,172.5971386,28.45877524,-3.279865143,0.862628061,2.781925742,0,1,1,0,0,0,0
TBMS.JK,2020Q4,28.39060564,102.9063225,28.20461426,-34.11942406,1.855911755,5.180369538,1,0,6,1,1,1,0
TBMS.JK,2019Q4,28.64078982,146.3232466,28.6219408,11.18059157,1.21528757,4.054934941,0,1,6,1,0,0,0
TCPI.JK,2020Q4,28.71665049,89.1026401,27.05870477,174.0926602,0.594936916,0.717495641,1,0,7,1,1,1,0
TCPI.JK,2019Q4,27.77820329,26.45216504,26.05040873,100.376712,1.607565531,3.749904552,0,1,7,1,0,0,0
TGKA.JK,2020Q4,28.7282566,1.795992338,28.75908742,-23.96105215,3.369144653,7.641562221,1,0,1,0,1,0,0
TGKA.JK,2019Q4,28.87963561,34.97707318,29.03301193,51.2090444,3.826300697,8.558976519,0,1,1,0,0,0,0
TGRA.JK,2020Q4,27.01339315,34.30047072,23.22199688,25.81512767,-1.127017963,-2.450699159,1,0,5,1,1,1,0
TGRA.JK,2019Q4,26.68999542,2.26341206,22.99235348,-47.09508569,0.11422405,0.187652735,0,1,5,1,0,0,0
TIFA.JK,2020Q4,27.82334759,187.8910214,24.67158762,-11.12460771,-0.494735107,-1.341701307,1,0,3,0,1,0,0
TIFA.JK,2019Q4,28.04641599,292.6886084,24.7895225,10.43874765,0.564581781,1.91490249,0,1,3,0,0,0,0
TINS.JK,2020Q4,30.64465608,219.8561299,29.19644591,13.52291358,-0.515998456,-1.635074361,1,0,6,1,1,1,0
TINS.JK,2019Q4,30.35367647,99.93297184,29.06961139,62.35273271,-2.084082078,-7.571041163,0,1,6,1,0,0,0
TIRA.JK,2020Q4,26.58461724,53.51143769,24.95286586,1.273705223,0.082809003,0.175354131,1,0,4,1,1,1,0
TIRA.JK,2019Q4,26.51411321,47.76954579,24.94020925,21.69372976,-0.043431087,-0.127448416,0,1,4,1,0,0,0
TKIM.JK,2020Q4,31.40517102,107.9355607,28.89577914,-11.67462602,2.530242391,5.213131149,1,0,6,1,1,1,0
TKIM.JK,2019Q4,31.40903935,124.3250742,29.0199219,15.74243211,1.572474517,3.535460301,0,1,6,1,0,0,0
TLKM.JK,2020Q4,33.00161263,51.01110509,31.136158,-4.446677192,3.135308714,5.757506767,1,0,5,1,1,1,0
TLKM.JK,2019Q4,32.95350901,51.55749475,31.18164374,5.618215997,3.576594712,5.560521435,0,1,5,1,0,0,0
TMAS.JK,2020Q4,28.7671706,127.7197473,27.18901508,6.423921587,-1.086547828,-2.960934358,1,0,8,1,1,1,0
TMAS.JK,2019Q4,28.69954658,140.0759904,27.12675489,13.31392469,0.818720126,2.016952634,0,1,8,1,0,0,0
TOBA.JK,2020Q4,29.69852313,105.1267058,28.19945397,1.435860098,1.683424406,3.811125316,1,0,7,1,1,1,0
TOBA.JK,2019Q4,29.39135155,54.96867689,28.18519748,54.94813538,1.954919293,3.25801697,0,1,7,1,0,0,0
TOPS.JK,2020Q4,28.64285246,80.70317425,24.63568759,-83.73523734,-2.654968554,-6.828468402,1,0,5,1,1,1,0
TOPS.JK,2019Q4,28.84729383,82.41323821,26.4518568,-30.95628325,-5.57530827,-12.99092679,0,1,5,1,0,0,0
TOTO.JK,2020Q4,28.70207968,4.76850785,27.0068909,6.376049018,0.774641141,1.249797929,1,0,4,1,1,1,0
TOTO.JK,2019Q4,28.69473818,6.308354389,26.94508064,-12.25301948,1.765476128,2.633382715,0,1,4,1,0,0,0
TOWR.JK,2020Q4,30.95121431,173.8557378,28.21856553,18.17964506,2.744338785,9.35326833,1,0,5,1,1,1,0
TOWR.JK,2019Q4,30.76475805,142.9684602,28.05152983,11.96077826,2.820630369,8.748264145,0,1,5,1,0,0,0
TPIA.JK,2020Q4,31.50019525,44.87832804,29.55493973,-17.99953235,2.058466399,4.015819433,1,0,6,1,1,1,0
TPIA.JK,2019Q4,31.45134237,34.46316604,29.75338497,-0.791626475,-0.253804425,-0.48614862,0,1,6,1,0,0,0
TPMA.JK,2020Q4,28.0689564,30.84963438,26.11045991,31.10525635,0.886876367,1.206966406,1,0,7,1,1,1,0
TPMA.JK,2019Q4,28.10257965,37.51458824,25.83962962,16.32812523,3.933008022,5.644926427,0,1,7,1,0,0,0
TRIM.JK,2020Q4,28.74634518,73.53440545,25.45593189,5.56171059,0.691510753,2.325284646,1,0,3,0,1,0,0
TRIM.JK,2019Q4,28.61385467,85.21172071,25.40180636,-2.481798996,0.669156592,1.889882092,0,1,3,0,0,0,0
TRIS.JK,2020Q4,27.76838567,75.51053483,26.58460671,-54.4445651,-2.0726214,-3.941407384,1,0,2,0,1,0,0
TRIS.JK,2019Q4,27.77761565,71.63798962,27.37084697,282.281843,-0.022397858,-0.542950004,0,1,2,0,0,0,0
TRUS.JK,2020Q4,26.47343823,3.035991721,23.27294725,6.422719541,2.625124552,2.861136583,1,0,3,0,1,0,0
TRUS.JK,2019Q4,26.46329889,9.615806492,23.21069836,15.24039245,0.527791257,0.58213345,0,1,3,0,0,0,0
TSPC.JK,2020Q4,29.75600584,10.97896937,28.66839754,5.835283941,3.330086951,4.944062297,1,0,11,1,1,1,0
TSPC.JK,2019Q4,29.69407601,9.530428755,28.61168377,5.305549328,1.876932253,2.536738241,0,1,11,1,0,0,0
TURI.JK,2020Q4,29.47041214,32.34188993,28.71939147,0.974265331,-1.488875054,-2.187380277,1,0,2,0,1,0,0
TURI.JK,2019Q4,29.42873681,38.19098015,28.70969597,-4.503076848,2.400973021,3.846040235,0,1,2,0,0,0,0
ULTJ.JK,2020Q4,29.51936601,0.922583811,28.12444704,14.65437465,1.714923803,2.7328337,1,0,1,0,1,0,0
ULTJ.JK,2019Q4,29.34587632,2.987400735,27.98769506,9.598636241,3.312413558,4.004974453,0,1,1,0,0,0,0
UNIC.JK,2020Q4,28.74623909,4.130654649,27.81054528,1.57177249,5.906955895,7.613908839,1,0,6,1,1,1,0
UNIC.JK,2019Q4,28.85432566,19.48283898,27.7949498,1.236249491,2.254729204,3.166942831,0,1,6,1,0,0,0
UNIT.JK,2020Q4,26.76154047,126.8359612,24.14745741,-9.397510809,0.062806067,0.119041497,1,0,2,0,1,0,0
UNIT.JK,2019Q4,26.77746672,133.2878564,24.24614591,7.58004365,0.096229579,0.163393107,0,1,2,0,0,0,0
UNTR.JK,2020Q4,32.34695756,24.20537766,30.56607642,-19.90171626,0.435047906,1.098814331,1,0,4,1,1,1,0
UNTR.JK,2019Q4,32.38703094,19.16427743,30.78799217,28.40572022,2.225206637,4.685799995,0,1,4,1,0,0,0
UNVR.JK,2020Q4,30.65870597,75.06811045,29.98824372,2.83336647,8.291454853,30.20482397,1,0,1,0,1,0,0
UNVR.JK,2019Q4,30.64296472,20.27583873,29.96030403,2.798217276,9.083857731,30.95020102,0,1,1,0,0,0,0
VRNA.JK,2020Q4,28.60660782,283.336062,25.42326452,123.7653806,0.059051054,0.251588585,1,0,3,0,1,0,0
VRNA.JK,2019Q4,28.07922035,426.1573719,24.61783661,-41.16569376,1.198890517,4.945398023,0,1,3,0,0,0,0
WEHA.JK,2020Q4,26.48064301,73.74839813,24.50730941,7.760102875,-2.504830322,-4.658882742,1,0,8,1,1,1,0
WEHA.JK,2019Q4,26.6003245,82.94543842,24.43257211,17.20694835,0.561286773,0.711079969,0,1,8,1,0,0,0
WIIM.JK,2020Q4,27.89301732,5.553439252,26.67967588,7.122366623,4.0180168,5.506783668,1,0,1,0,1,0,0
WIIM.JK,2019Q4,27.85861389,1.924935237,26.61087428,6.421094637,0.915146149,1.166529981,0,1,1,0,0,0,0
WIKA.JK,2020Q4,31.75994176,91.37865902,29.81888178,-12.19658926,0.280072434,0.996795495,1,0,5,1,1,1,0
WIKA.JK,2019Q4,31.71244931,91.85978068,29.94895162,-1.412889367,1.687938295,5.772078074,0,1,5,1,0,0,0
WINS.JK,2020Q4,28.86610966,40.14032358,26.06391468,14.7860231,-2.828981679,-3.88672481,1,0,7,1,1,1,0
WINS.JK,2019Q4,29.00560126,42.36300525,25.92601514,-25.52208313,-3.959906447,-5.413683707,0,1,7,1,0,0,0
WOMF.JK,2020Q4,29.74379709,472.3861556,27.32270903,13.09978125,0.019526708,0.093656204,1,0,3,0,1,0,0
WOMF.JK,2019Q4,29.8088711,613.5134651,27.19960877,8.240451764,1.265458554,7.878560635,0,1,3,0,0,0,0
WOOD.JK,2020Q4,29.33919791,85.53338334,27.31294251,0.688743138,2.159747442,4.219831363,1,0,2,0,1,0,0
WOOD.JK,2019Q4,29.15457372,69.922046,27.30607868,55.92037796,0.678897691,1.341443734,0,1,2,0,0,0,0
WSKT.JK,2020Q4,32.55275204,453.5430544,29.60785439,-45.84870408,-1.79134115,-10.92298318,1,0,5,1,1,1,0
WSKT.JK,2019Q4,32.49272908,353.5944479,30.22124267,2.667857946,0.066313757,0.842963984,0,1,5,1,0,0,0
WTON.JK,2020Q4,29.96683739,84.29558612,28.62879779,-3.994594652,0.819006447,2.223623999,1,0,6,1,1,1,0
WTON.JK,2019Q4,29.81502291,61.35849854,28.66956348,45.85784388,2.150811228,6.279234198,0,1,6,1,0,0,0
YPAS.JK,2020Q4,26.35173743,59.7941817,25.36318398,-9.6707797,1.87443589,3.983787482,1,0,6,1,1,1,0
YPAS.JK,2019Q4,26.52524907,133.4346768,25.46489317,27.69487101,2.434889579,5.702841055,0,1,6,1,0,0,0
ZINC.JK,2020Q4,27.98820675,45.2242002,26.20053955,2.768142604,0.196052801,0.417420851,1,0,6,1,1,1,0
ZINC.JK,2019Q4,27.90664069,51.34707646,26.17323433,15.4940485,1.4782228,2.722806569,0,1,6,1,0,0,0
