Firm,Period,SIZE,LEV,REV,GROWTH,ROA,ROE,FE_2020Q2,FE_2019Q2,FE_2018Q2,FE_Sector,Treat,After,DiD,Delete
AALI.JK,2020Q2,30.93283383,29.81276377,29.08814363,-6.153257685,0.093413644,0.110357465,1,0,0,8,0,1,0,0
AALI.JK,2019Q2,30.92075693,25.6131294,29.15165077,12.81282649,0.050227578,0.033592246,0,1,0,8,0,0,0,0
ABBA.JK,2020Q2,26.97390741,38.53573432,24.82142982,-17.9356426,-6.905750142,-18.01807798,1,0,0,2,1,1,1,0
ABBA.JK,2019Q2,26.78291692,67.5899529,25.01909622,-14.07237165,-3.575364787,-5.931062393,0,1,0,2,1,0,0,0
ABMM.JK,2020Q2,30.08662257,135.9484899,28.35504536,-18.77551513,0.34515499,0.683327751,1,0,0,6,0,1,0,0
ABMM.JK,2019Q2,30.29446106,274.804689,28.56299881,12.75992591,-0.02156834,-0.075400823,0,1,0,6,0,0,0,0
ACES.JK,2020Q2,29.3266326,1.399722223,28.26329637,19.57469753,3.576190336,5.148362188,1,0,0,2,1,1,1,0
ACES.JK,2019Q2,29.17242886,1.420567066,28.0845253,21.54219331,4.205699787,5.47606836,0,1,0,2,1,0,0,0
ADES.JK,2020Q2,27.48700408,30.04321843,25.97653353,1.012289062,2.542870175,3.666451759,1,0,0,8,0,1,0,0
ADES.JK,2019Q2,27.46973789,52.32984023,25.96646154,-3.787031577,1.992962245,3.548578428,0,1,0,8,0,0,0,0
ADHI.JK,2020Q2,31.0777195,164.6213044,28.76180005,5.346770191,-0.008797047,-0.059116764,1,0,0,7,1,1,1,0
ADHI.JK,2019Q2,30.90830251,109.4489623,28.70971275,0.179165936,0.456134476,2.194431129,0,1,0,7,1,0,0,0
ADMF.JK,2020Q2,31.1479259,339.880477,28.61194836,9.568456251,0.230515734,1.026339636,1,0,0,4,0,1,0,0
ADMF.JK,2019Q2,31.02398879,356.5756969,28.52056902,11.42739818,1.455344315,7.180789784,0,1,0,4,0,0,0,0
ADRO.JK,2020Q2,32.24711041,35.29860606,30.20504848,8.205786937,0.897641377,1.530234883,1,0,0,3,1,1,1,0
ADRO.JK,2019Q2,32.20760548,35.33045824,30.12618382,10.587916,2.67227577,4.730159084,0,1,0,3,1,0,0,0
AGII.JK,2020Q2,29.55687753,105.5603829,26.99646921,16.49951877,-0.030523205,-0.069695084,1,0,0,1,1,1,1,0
AGII.JK,2019Q2,29.51188107,88.81624941,26.84375225,4.506238188,0.214508061,0.450009466,0,1,0,1,1,0,0,0
AKPI.JK,2020Q2,28.70310001,90.01256706,27.027962,-3.895162852,0.68465805,1.47320278,1,0,0,1,1,1,1,0
AKPI.JK,2019Q2,28.7398528,93.52624938,27.06769253,15.73236712,-0.04410534,-0.106926411,0,1,0,1,1,0,0,0
AKRA.JK,2020Q2,30.57772497,58.28698363,29.17362673,-13.08261086,1.052883528,2.397564748,1,0,0,3,1,1,1,0
AKRA.JK,2019Q2,30.5887601,45.37165331,29.3138388,10.26521061,0.893692075,2.247507906,0,1,0,3,1,0,0,0
AKSI.JK,2020Q2,26.31935536,97.01741012,25.18716671,-3.05685226,-5.763673747,-14.38769544,1,0,0,11,1,1,1,0
AKSI.JK,2019Q2,25.64509402,0.262216325,25.2182122,5283.50284,3.199225889,7.627217413,0,1,0,11,1,0,0,0
ALDO.JK,2020Q2,27.56168818,59.46810975,26.29363938,1.789307302,1.529189215,2.378251671,1,0,0,1,1,1,1,0
ALDO.JK,2019Q2,27.00618126,67.38082824,26.2759045,54.4367148,1.590222368,3.112086379,0,1,0,1,1,0,0,0
ALMI.JK,2020Q2,28.65407128,440.0277637,27.67646631,11.73413916,-8.430587605,-191.7322155,1,0,0,1,1,1,1,0
ALMI.JK,2019Q2,28.49655811,239.0855282,27.5655142,31.529354,-0.335920815,-3.10742452,0,1,0,1,1,0,0,0
ALTO.JK,2020Q2,27.72541504,92.07870713,24.98092331,16.88002646,-0.30683951,-0.895928296,1,0,0,8,0,1,0,0
ALTO.JK,2019Q2,27.73225525,136.6110395,24.8249455,-2.664823802,-0.017098446,-0.045814389,0,1,0,8,0,0,0,0
AMFG.JK,2020Q2,29.81095756,114.9502224,27.60603659,0.30008011,2.267613283,6.619369901,1,0,0,6,0,1,0,0
AMFG.JK,2019Q2,29.64506737,67.27823275,27.60304028,12.32077492,-0.50510519,-1.249748534,0,1,0,6,0,0,0,0
AMIN.JK,2020Q2,26.72646639,59.04356926,25.31595082,34.38233334,-0.318273226,-0.631515626,1,0,0,6,0,1,0,0
AMIN.JK,2019Q2,26.61188398,62.29948857,25.02043204,7.555038146,1.502345935,2.983692067,0,1,0,6,0,0,0,0
AMRT.JK,2020Q2,30.7456562,74.95085338,30.59842583,7.185410424,0.565764741,2.079482329,1,0,0,8,0,1,0,0
AMRT.JK,2019Q2,30.74799329,128.9435377,30.52903587,8.247425572,0.904854751,3.256828614,0,1,0,8,0,0,0,0
ANJT.JK,2020Q2,29.78540767,50.44939544,26.79390774,-22.14157228,-0.702139732,-1.129824599,1,0,0,8,0,1,0,0
ANJT.JK,2019Q2,29.74751457,36.42180071,27.04418578,26.90454408,-1.101873068,-1.760055106,0,1,0,8,0,0,0,0
ANTM.JK,2020Q2,31.14455757,53.88095307,29.73601782,34.88648278,1.206031969,2.029743005,1,0,0,1,1,1,1,0
ANTM.JK,2019Q2,31.07582808,54.90546808,29.43675445,347.2964607,0.750074548,1.269609282,0,1,0,1,1,0,0,0
APIC.JK,2020Q2,28.72193649,31.55829472,25.97832836,18.94604798,2.153429698,4.639461587,1,0,0,4,0,1,0,0
APIC.JK,2019Q2,28.71605068,11.70196131,25.80482853,439.3881587,0.736438678,1.224958702,0,1,0,4,0,0,0,0
APII.JK,2020Q2,26.85560877,40.57895172,24.72449925,20.42324161,1.261048592,2.043340291,1,0,0,6,0,1,0,0
APII.JK,2019Q2,26.78407981,50.76857645,24.53865689,19.24229838,1.087004782,1.740513366,0,1,0,6,0,0,0,0
APLI.JK,2020Q2,26.88030514,86.31364698,25.49228357,14.12427818,0.488520499,0.973683601,1,0,0,1,1,1,1,0
APLI.JK,2019Q2,26.70846761,39.84925357,25.36016574,20.74004063,0.443542744,1.050132387,0,1,0,1,1,0,0,0
APLN.JK,2020Q2,31.01768851,113.2813634,27.3486991,-44.60505675,-1.073551472,-5.092445322,1,0,0,9,0,1,0,0
APLN.JK,2019Q2,30.98101518,107.7436061,27.93938098,13.00063339,0.61930858,1.821981127,0,1,0,9,0,0,0,0
ARII.JK,2020Q2,29.2052705,137.6017972,26.12988766,84.67090528,-1.938574373,-13.1820365,1,0,0,3,1,1,1,0
ARII.JK,2019Q2,29.14629772,223.4883773,25.51648249,61.47401937,-0.434437517,-5.164570879,0,1,0,3,1,0,0,0
ARNA.JK,2020Q2,28.12247288,2.101684959,26.90852939,13.23204261,3.182686535,5.112592489,1,0,0,6,0,1,0,0
ARNA.JK,2019Q2,28.09589712,12.96411373,26.78426039,14.80719236,2.898428075,4.467317703,0,1,0,6,0,0,0,0
ARTI.JK,2020Q2,28.60491249,47.39946074,24.9384238,-22.62988082,0.328291581,0.155403103,1,0,0,3,1,1,1,0
ARTI.JK,2019Q2,28.55458353,41.66984876,25.19499333,85.96366708,0.245807001,0.185471797,0,1,0,3,1,0,0,0
ASII.JK,2020Q2,33.48977679,66.5076986,31.66658831,-0.276739759,2.097368577,4.274093837,1,0,0,6,0,1,0,0
ASII.JK,2019Q2,33.36544918,63.26602516,31.66935954,15.1895393,1.593431759,3.262716987,0,1,0,6,0,0,0,0
ASRI.JK,2020Q2,30.70352493,85.27010716,27.11682362,-49.41335543,3.871606489,9.08514539,1,0,0,9,0,1,0,0
ASRI.JK,2019Q2,30.67489975,87.08510665,27.79830621,20.21341804,-0.035988626,-0.083289444,0,1,0,9,0,0,0,0
ASSA.JK,2020Q2,29.11494643,237.6282625,26.9550715,12.82790009,0.523118203,2.87952096,1,0,0,11,1,1,1,0
ASSA.JK,2019Q2,28.84093461,191.4603366,26.83437803,9.714093555,0.62622412,2.850473911,0,1,0,11,1,0,0,0
ATIC.JK,2020Q2,29.08815411,387.5218679,27.97015099,21.12139038,-0.142794161,-2.195321484,1,0,0,10,1,1,1,0
ATIC.JK,2019Q2,28.81551731,231.5809973,27.7785279,13.14063335,-0.13929218,-2.158305992,0,1,0,10,1,0,0,0
AUTO.JK,2020Q2,30.4003114,10.22147041,28.924358,1.815621586,-2.795635407,-3.951966189,1,0,0,2,1,1,1,0
AUTO.JK,2019Q2,30.34794813,6.43799681,28.90636464,19.32789103,0.502910994,0.837826107,0,1,0,2,1,0,0,0
BAJA.JK,2020Q2,27.37834888,257.6558672,25.92410743,-21.16189008,11.38741992,395.6026723,1,0,0,1,1,1,1,0
BAJA.JK,2019Q2,27.59332718,199.7227709,26.16188111,-20.742233,-1.88070951,-20.71821443,0,1,0,1,1,0,0,0
BALI.JK,2020Q2,28.97626044,80.87526525,25.75714935,42.52268192,0.514035532,1.10847216,1,0,0,7,1,1,1,0
BALI.JK,2019Q2,28.62646313,94.80917415,25.40281838,37.12846144,0.337887824,0.683684083,0,1,0,7,1,0,0,0
BAPA.JK,2020Q2,25.86818458,0.754825305,20.43891678,-93.41176841,-1.955167936,-2.083872808,1,0,0,9,0,1,0,0
BAPA.JK,2019Q2,25.92351509,14.91817291,23.158802,-30.54142337,-1.205059089,-1.580234498,0,1,0,9,0,0,0,0
BATA.JK,2020Q2,27.62074947,1.564060025,25.95389275,-4.928779702,-0.878800031,-1.243338254,1,0,0,2,1,1,1,0
BATA.JK,2019Q2,27.50299419,1.288773802,26.00443664,-1.701656999,0.276985164,0.405142889,0,1,0,2,1,0,0,0
BBLD.JK,2020Q2,29.27098726,322.944688,26.04270359,17.04819588,-0.0558596,-0.227960425,1,0,0,4,0,1,0,0
BBLD.JK,2019Q2,29.18938634,304.3277385,25.885288,-4.022944256,0.318769344,1.377831336,0,1,0,4,0,0,0,0
BBRM.JK,2020Q2,27.80924371,250.5540503,24.85262669,-11.09887332,-1.748550492,-7.571840651,1,0,0,3,1,1,1,0
BBRM.JK,2019Q2,27.89456208,190.1339797,24.97027206,-25.73252651,-1.59986551,-6.158225561,0,1,0,3,1,0,0,0
BCAP.JK,2020Q2,30.55058516,41.68519878,27.23046295,8.455517512,0.080337574,0.26811893,1,0,0,4,0,1,0,0
BCAP.JK,2019Q2,30.60099205,55.05820107,27.14929302,4.501207901,0.066280691,0.212420855,0,1,0,4,0,0,0,0
BCIP.JK,2020Q2,27.47386441,23.18714834,24.36413989,-6.869412769,0.696270627,1.337629614,1,0,0,9,0,1,0,0
BCIP.JK,2019Q2,27.49462793,26.93738227,24.43530741,-27.78130427,0.490611817,0.910258123,0,1,0,9,0,0,0,0
BELL.JK,2020Q2,27.03916632,72.89071094,25.75419695,71.28061569,-0.372605638,-1.103580417,1,0,0,2,1,1,1,0
BELL.JK,2019Q2,26.90190543,69.61366211,25.21606389,-10.18743633,1.016048109,2.116615024,0,1,0,2,1,0,0,0
BEST.JK,2020Q2,29.46710119,45.14245363,25.54172339,-35.09881494,2.9321689,4.361161829,1,0,0,9,0,1,0,0
BEST.JK,2019Q2,29.37947399,42.15181515,25.97402769,-20.45925467,0.30062747,0.450254792,0,1,0,9,0,0,0,0
BFIN.JK,2020Q2,30.54169342,187.1691637,27.84074219,0.326113924,0.022606467,0.067099105,1,0,0,4,0,1,0,0
BFIN.JK,2019Q2,30.57553057,238.3772892,27.83748635,28.83035359,1.918747726,5.592924377,0,1,0,4,0,0,0,0
BHIT.JK,2020Q2,31.67214994,223.365661,28.92205902,11.60607638,-1.059836363,-6.153625784,1,0,0,6,0,1,0,0
BHIT.JK,2019Q2,31.66322111,227.9666329,28.81225371,2.721512203,0.778770222,0.636062176,0,1,0,6,0,0,0,0
BIKA.JK,2020Q2,28.47844902,403.7123747,25.48419497,0.768940831,-3.105621681,-5.576474482,1,0,0,9,0,1,0,0
BIKA.JK,2019Q2,28.49578416,372.0535653,25.47653497,-17.60383121,-1.156136159,-4.445200335,0,1,0,9,0,0,0,0
BIPI.JK,2020Q2,30.49352168,193.8908056,26.16912295,2912.709993,0.550716995,2.296948004,1,0,0,3,1,1,1,0
BIPI.JK,2019Q2,30.53377341,210.108355,22.76369785,-27.49184695,1.892157659,7.343324922,0,1,0,3,1,0,0,0
BIPP.JK,2020Q2,28.37827914,48.77721908,24.2049807,12.60374592,2.050846997,3.044979999,1,0,0,9,0,1,0,0
BIPP.JK,2019Q2,28.18138453,47.98599477,24.08627591,19.77589849,-0.658756511,-0.939891652,0,1,0,9,0,0,0,0
BIRD.JK,2020Q2,29.58921325,15.31310665,27.56712132,-6.004552988,-1.418491616,-2.038534885,1,0,0,11,1,1,1,0
BIRD.JK,2019Q2,29.51184966,13.30075282,27.62904517,-4.231274487,0.965567963,1.333695428,0,1,0,11,1,0,0,0
BKDP.JK,2020Q2,27.35525277,30.93393518,23.20702038,-24.34003464,-0.83828537,-1.364644541,1,0,0,9,0,1,0,0
BKDP.JK,2019Q2,27.37811635,28.72048584,23.48594141,-10.70068089,-0.761199567,-1.257254911,0,1,0,9,0,0,0,0
BKSL.JK,2020Q2,30.41928214,20.5563939,26.96867575,-43.23403793,0.238065054,0.244485755,1,0,0,9,0,1,0,0
BKSL.JK,2019Q2,30.33753955,16.28154135,27.53490905,24.70173724,2.024671778,3.133239652,0,1,0,9,0,0,0,0
BLTA.JK,2020Q2,27.65586385,111.7926853,25.07629746,-12.79174702,0.844960178,1.848822297,1,0,0,11,1,1,1,0
BLTA.JK,2019Q2,27.73050747,115.0084669,25.21316868,22.68236864,0.834290331,2.043403707,0,1,0,11,1,0,0,0
BLTZ.JK,2020Q2,28.19784666,27.49319489,26.40089768,19.94092324,-2.224329463,-4.463516516,1,0,0,2,1,1,1,0
BLTZ.JK,2019Q2,28.10895393,20.59777902,26.21906855,48.85332404,-0.20623035,-0.313881546,0,1,0,2,1,0,0,0
BMSR.JK,2020Q2,27.04948657,159.160699,27.39701501,-1.819093812,0.183333734,1.089776037,1,0,0,1,1,1,1,0
BMSR.JK,2019Q2,27.0662696,158.3324671,27.41537344,31.44541846,0.783191209,3.097682789,0,1,0,1,1,0,0,0
BMTR.JK,2020Q2,31.0017417,113.5980346,28.69823527,12.97411123,0.829669895,1.291858574,1,0,0,6,0,1,0,0
BMTR.JK,2019Q2,30.98344329,119.8805208,28.57624677,3.381707333,1.686553528,2.695353782,0,1,0,6,0,0,0,0
BOGA.JK,2020Q2,27.0428154,12.81806063,25.8770692,26.09535018,0.048871982,0.06757079,1,0,0,2,1,1,1,0
BOGA.JK,2019Q2,26.9975428,16.2718655,25.64520102,72.33804084,0.220981882,0.297308242,0,1,0,2,1,0,0,0
BOLT.JK,2020Q2,27.84397707,47.81189983,26.34620971,1.680336917,-1.796213688,-2.850843202,1,0,0,2,1,1,1,0
BOLT.JK,2019Q2,27.84226998,51.8272384,26.32954595,1.75770615,-0.629073367,-0.826250241,0,1,0,2,1,0,0,0
BOSS.JK,2020Q2,27.00901756,12.06582027,25.21392702,0.110837591,0.112129283,0.492389054,1,0,0,3,1,1,1,0
BOSS.JK,2019Q2,26.62578809,451.9541118,25.21281926,213.9697425,-1.569615017,-4.066920906,0,1,0,3,1,0,0,0
BPFI.JK,2020Q2,28.19507766,111.9287926,25.37028379,-0.78845148,0.231099563,0.474473201,1,0,0,4,0,1,0,0
BPFI.JK,2019Q2,28.30201425,152.421719,25.37819955,18.75600357,1.091532355,2.361685296,0,1,0,4,0,0,0,0
BRAM.JK,2020Q2,29.06015066,14.45362412,27.50141501,-4.921524838,-0.128162378,-0.00617364,1,0,0,2,1,1,1,0
BRAM.JK,2019Q2,29.11640083,18.85470208,27.55188259,15.61127704,1.133363879,1.528921527,0,1,0,2,1,0,0,0
BRNA.JK,2020Q2,28.53956607,93.80818981,26.42107891,-3.378929682,-0.756952744,-1.817397505,1,0,0,1,1,1,1,0
BRNA.JK,2019Q2,28.36923551,118.4837372,26.45545226,2.947860441,-1.583855028,-3.860785726,0,1,0,1,1,0,0,0
BRPT.JK,2020Q2,32.22304672,225.323681,29.8058437,-27.96245657,0.142462559,-0.558440544,1,0,0,1,1,1,1,0
BRPT.JK,2019Q2,32.20276675,215.1367285,30.13382647,24.52504841,0.452365564,0.446783406,0,1,0,1,1,0,0,0
BSDE.JK,2020Q2,31.60707207,47.08674515,28.30995563,39.03403316,-0.538147555,-1.216916334,1,0,0,9,0,1,0,0
BSDE.JK,2019Q2,31.57016506,54.14584376,27.98040707,-43.29360051,2.905582431,5.343769609,0,1,0,9,0,0,0,0
BSSR.JK,2020Q2,28.84060449,13.18531971,28.0288477,-4.358633513,2.953514518,4.179369018,1,0,0,3,1,1,1,0
BSSR.JK,2019Q2,28.76794063,6.799391325,28.07341246,13.16432637,3.921492205,6.324320265,0,1,0,3,1,0,0,0
BTEK.JK,2020Q2,29.2791727,97.28686706,25.6926309,-30.8730305,0.019610558,0.048400471,1,0,0,8,0,1,0,0
BTEK.JK,2019Q2,29.32911603,107.5173889,26.06185613,101.2986432,0.006966795,0.016123346,0,1,0,8,0,0,0,0
BUDI.JK,2020Q2,28.76708942,117.6615607,27.08173875,-3.109450858,0.271640163,0.558634996,1,0,0,8,0,1,0,0
BUDI.JK,2019Q2,28.72928734,121.7611937,27.11332696,17.64265746,0.403724275,0.875427889,0,1,0,8,0,0,0,0
BUKK.JK,2020Q2,29.16390268,35.34601839,27.85158581,32.22464056,2.110012701,3.879724815,1,0,0,7,1,1,1,0
BUKK.JK,2019Q2,29.00636965,61.30551617,27.5722537,80.25417407,1.537555844,3.245968136,0,1,0,7,1,0,0,0
BULL.JK,2020Q2,29.21745235,63.3677187,26.53185087,14.71518434,3.1999183,6.909338388,1,0,0,3,1,1,1,0
BULL.JK,2019Q2,29.08824977,87.42947502,26.39456866,35.75103017,1.21992864,1.914861743,0,1,0,3,1,0,0,0
BUVA.JK,2020Q2,29.04364746,75.9961658,25.62259164,156.2990227,-0.574161142,-0.239598126,1,0,0,2,1,1,1,0
BUVA.JK,2019Q2,28.82018482,92.94691568,24.68141701,-2.89766957,1.862479075,4.446367872,0,1,0,2,1,0,0,0
BWPT.JK,2020Q2,30.43150135,178.0877268,27.06255225,-26.88631203,-1.802662494,-6.437387386,1,0,0,8,0,1,0,0
BWPT.JK,2019Q2,30.45047625,142.3612146,27.37570684,17.55138026,-1.492579635,-4.449784231,0,1,0,8,0,0,0,0
BYAN.JK,2020Q2,30.60898108,38.2175431,29.57204618,13.32696819,2.588452261,5.929446344,1,0,0,3,1,1,1,0
BYAN.JK,2019Q2,30.33856924,17.75467758,29.44693921,95.78858836,7.698277481,14.50618326,0,1,0,3,1,0,0,0
CARS.JK,2020Q2,29.7847861,362.6899347,28.20504693,-5.227835431,0.288709073,1.142459315,1,0,0,2,1,1,1,0
CARS.JK,2019Q2,29.79244713,410.5975966,28.25874137,13.69929388,0.684650281,3.269990881,0,1,0,2,1,0,0,0
CASS.JK,2020Q2,28.29492793,85.05094174,27.17873273,18.25395571,-11.80376743,-37.48106306,1,0,0,7,1,1,1,0
CASS.JK,2019Q2,28.27657071,78.40632153,27.01106843,11.48840736,-2.758065842,-16.20106961,0,1,0,7,1,0,0,0
CENT.JK,2020Q2,29.33786991,64.85742918,26.02957121,-2.332160955,-0.475020975,-1.252855237,1,0,0,7,1,1,1,0
CENT.JK,2019Q2,29.25679762,45.52954361,26.05316908,21.63844005,0.062973806,0.114174687,0,1,0,7,1,0,0,0
CFIN.JK,2020Q2,30.12779237,160.7719004,27.01377681,16.38011579,0.082650493,0.198655354,1,0,0,4,0,1,0,0
CFIN.JK,2019Q2,30.02734692,154.342289,26.8620853,29.25889527,0.689538179,1.835266316,0,1,0,4,0,0,0,0
CINT.JK,2020Q2,26.89944872,10.47050263,25.08271647,10.11206258,0.095305069,0.166743503,1,0,0,2,1,1,1,0
CINT.JK,2019Q2,26.88166092,8.045616367,24.98638806,-0.817634205,-0.54591158,-0.675528369,0,1,0,2,1,0,0,0
CITA.JK,2020Q2,28.94988751,62.84148685,27.54824378,116.236587,4.212568879,5.236238699,1,0,0,1,1,1,1,0
CITA.JK,2019Q2,28.7067392,125.167564,26.77704084,321.9116937,6.517878323,12.31482456,0,1,0,1,1,0,0,0
CLEO.JK,2020Q2,27.69511051,24.68878361,26.31588457,34.47502657,2.194226497,3.587987895,1,0,0,8,0,1,0,0
CLEO.JK,2019Q2,27.31687255,77.45521833,26.01967625,36.3541865,3.838508627,5.683268192,0,1,0,8,0,0,0,0
CLPI.JK,2020Q2,27.28687209,30.34476655,26.00167717,23.1339115,0.463878089,0.686655378,1,0,0,1,1,1,1,0
CLPI.JK,2019Q2,27.15556303,18.06489984,25.79357488,9.280732343,0.633669899,0.951544609,0,1,0,1,1,0,0,0
CMNP.JK,2020Q2,30.25662936,81.46957458,27.37327863,20.46200279,1.068166915,2.514287353,1,0,0,7,1,1,1,0
CMNP.JK,2019Q2,30.0438532,75.58347549,27.18711445,13.600132,1.532936025,3.351677688,0,1,0,7,1,0,0,0
COWL.JK,2020Q2,28.90603921,168.806631,25.49530536,-40.75525579,-0.527877028,-2.096596817,1,0,0,9,0,1,0,0
COWL.JK,2019Q2,28.88179794,156.7379371,26.01879848,11.61088516,-1.267206769,-3.923809867,0,1,0,9,0,0,0,0
CPIN.JK,2020Q2,30.98365411,21.30543329,30.30207892,21.93274069,3.076026742,4.303205396,1,0,0,8,0,1,0,0
CPIN.JK,2019Q2,30.87848545,33.49805733,30.10377952,-1.319025618,2.894829047,4.121874126,0,1,0,8,0,0,0,0
CSAP.JK,2020Q2,29.41740422,90.3526613,28.6366242,10.43770242,0.212796852,0.529718805,1,0,0,2,1,1,1,0
CSAP.JK,2019Q2,29.29937446,99.00185689,28.5373428,10.21874289,-0.011483947,-0.131360163,0,1,0,2,1,0,0,0
CTRA.JK,2020Q2,31.18855661,60.64851147,28.03560984,3.556626732,-0.058586788,-0.054091247,1,0,0,9,0,1,0,0
CTRA.JK,2019Q2,31.12392495,60.29281429,28.00066144,-6.955808937,0.065420669,0.091389589,0,1,0,9,0,0,0,0
CTTH.JK,2020Q2,27.34460978,86.73717106,24.99393698,-2.83557756,-2.704230391,-7.018954072,1,0,0,6,0,1,0,0
CTTH.JK,2019Q2,27.28179308,74.76631611,25.02270254,42.0429184,0.954587146,2.149104712,0,1,0,6,0,0,0,0
DART.JK,2020Q2,29.58334601,86.99835987,25.45818664,21.06010918,-1.694180748,-3.589719218,1,0,0,9,0,1,0,0
DART.JK,2019Q2,29.50709259,74.89452693,25.26706964,-11.52304211,0.052062003,0.102291806,0,1,0,9,0,0,0,0
DEWA.JK,2020Q2,29.41236384,5.330565338,27.57043871,19.31536367,0.126779927,0.293669454,1,0,0,3,1,1,1,0
DEWA.JK,2019Q2,29.3486773,14.84545433,27.3938388,-15.23609169,0.064523268,0.115356347,0,1,0,3,1,0,0,0
DGIK.JK,2020Q2,28.18877035,46.23219935,26.26779167,8.325832212,-0.685298099,-1.34945542,1,0,0,7,1,1,1,0
DGIK.JK,2019Q2,28.19261144,24.58006262,26.1878182,-11.19467393,-0.761788731,-2.013460687,0,1,0,7,1,0,0,0
DILD.JK,2020Q2,30.31046375,86.22219647,26.85078528,-58.23862242,0.0001501,0.102303304,1,0,0,9,0,1,0,0
DILD.JK,2019Q2,30.2563514,83.90468616,27.72398353,16.62623073,-0.183575757,-0.659008375,0,1,0,9,0,0,0,0
DNET.JK,2020Q2,30.31459613,60.15006617,24.38512207,57.68473078,0.315317727,0.533698022,1,0,0,4,0,1,0,0
DNET.JK,2019Q2,30.01264609,27.68317315,23.92969459,162.0766818,0.345727706,0.573745286,0,1,0,4,0,0,0,0
DOID.JK,2020Q2,30.47153387,277.1402854,28.74454867,21.70069831,-1.973582804,-8.432532318,1,0,0,3,1,1,1,0
DOID.JK,2019Q2,30.26148748,328.1888691,28.54815412,3.55950138,0.114061369,0.518616491,0,1,0,3,1,0,0,0
DPUM.JK,2020Q2,28.37628147,42.28115906,25.12431965,-70.04436855,-8.955560067,-14.5510914,1,0,0,8,0,1,0,0
DPUM.JK,2019Q2,28.36313723,45.01735876,26.32977251,-14.08766019,-1.292366065,-1.936657007,0,1,0,8,0,0,0,0
DSFI.JK,2020Q2,26.70425225,59.24267425,25.81380119,-5.110951183,0.005935928,0.011874231,1,0,0,8,0,1,0,0
DSFI.JK,2019Q2,26.70472471,78.61442342,25.86626307,9.033043338,0.967186838,2.104036064,0,1,0,8,0,0,0,0
DSNG.JK,2020Q2,30.055435,178.8240819,27.82276233,4.422106481,0.821271894,2.674498953,1,0,0,8,0,1,0,0
DSNG.JK,2019Q2,29.83161534,131.7069926,27.77949112,-17.63894007,0.0198857,0.09113767,0,1,0,8,0,0,0,0
DSSA.JK,2020Q2,31.56103016,86.9849963,29.48785403,13.49862027,0.729234041,0.885063405,1,0,0,3,1,1,1,0
DSSA.JK,2019Q2,31.33632153,63.30591009,29.36123354,97.66898817,1.122081288,2.20857865,0,1,0,3,1,0,0,0
DUTI.JK,2020Q2,30.19660047,4.568684383,27.21841478,34.75979192,0.321069245,0.300782273,1,0,0,9,0,1,0,0
DUTI.JK,2019Q2,30.0587433,5.209436811,26.92009109,23.59202213,2.070969739,3.011429538,0,1,0,9,0,0,0,0
DVLA.JK,2020Q2,28.23425708,9.719163186,26.79217735,12.55897357,4.182345086,5.947249987,1,0,0,5,0,1,0,0
DVLA.JK,2019Q2,28.13644356,5.270183918,26.67387025,-2.626972678,1.67664971,2.426963774,0,1,0,5,0,0,0,0
DYAN.JK,2020Q2,27.80919227,18.20759307,26.38412995,-8.456544673,-6.900033624,-10.36658646,1,0,0,6,0,1,0,0
DYAN.JK,2019Q2,27.89276845,42.0969399,26.47248635,22.23660357,1.362920531,2.276295872,0,1,0,6,0,0,0,0
ECII.JK,2020Q2,28.29987461,0.215934557,26.95204026,13.7481309,-0.228976128,-0.3029894,1,0,0,2,1,1,1,0
ECII.JK,2019Q2,28.28579791,2.387522393,26.82322382,7.724927457,0.282392229,0.338996194,0,1,0,2,1,0,0,0
EKAD.JK,2020Q2,27.46697576,5.200796844,25.88090295,11.11273275,1.694572904,1.927592586,1,0,0,1,1,1,1,0
EKAD.JK,2019Q2,27.44059811,7.750439076,25.77552784,2.117433089,1.294645358,1.413032011,0,1,0,1,1,0,0,0
ELSA.JK,2020Q2,29.43406484,34.08287388,28.25645568,27.97104069,1.059394792,2.144478475,1,0,0,3,1,1,1,0
ELSA.JK,2019Q2,29.29086845,28.28610767,28.00982187,42.98012811,1.319817412,2.339428403,0,1,0,3,1,0,0,0
ELTY.JK,2020Q2,30.24154522,19.8121305,26.40973361,-8.86740343,-3.142095557,-4.474704542,1,0,0,9,0,1,0,0
ELTY.JK,2019Q2,30.27595525,100.602136,26.50258824,-64.0807984,-2.564782748,-4.137824925,0,1,0,9,0,0,0,0
EMDE.JK,2020Q2,28.36205756,111.9663294,24.15802965,-50.25958732,-0.618933091,-1.743059206,1,0,0,9,0,1,0,0
EMDE.JK,2019Q2,28.32839039,113.9269829,24.8563821,-21.99830077,-0.643707605,-1.686264978,0,1,0,9,0,0,0,0
EMTK.JK,2020Q2,30.51704607,5.834214855,28.64550612,23.641899,-0.09751506,-0.559638492,1,0,0,6,0,1,0,0
EMTK.JK,2019Q2,30.73357112,4.387746708,28.43328683,-4.068184283,-5.564095142,-7.751321142,0,1,0,6,0,0,0,0
ENRG.JK,2020Q2,30.01062901,131.0020436,27.34099,-18.50311036,3.123576502,5.748923087,1,0,0,3,1,1,1,0
ENRG.JK,2019Q2,29.98116271,236.2647554,27.54559533,-23.70928464,0.760766838,3.859195989,0,1,0,3,1,0,0,0
EPMT.JK,2020Q2,29.70762325,0.801468685,29.40545723,10.05581759,1.628602339,2.346797249,1,0,0,8,0,1,0,0
EPMT.JK,2019Q2,29.6332712,0.885244629,29.30963974,3.599056068,2.183974358,3.089941089,0,1,0,8,0,0,0,0
ERAA.JK,2020Q2,30.04157139,66.01893407,29.74790192,-5.75513112,0.147783565,0.217444463,1,0,0,2,1,1,1,0
ERAA.JK,2019Q2,30.10991199,81.66694584,29.80717572,49.60164503,0.579315559,1.317903389,0,1,0,2,1,0,0,0
ERTX.JK,2020Q2,27.56574273,130.6362162,26.38291154,-4.577643723,0.791197073,2.919753624,1,0,0,2,1,1,1,0
ERTX.JK,2019Q2,27.51819712,143.5015259,26.42976883,19.34807312,0.60981679,2.038012109,0,1,0,2,1,0,0,0
ESSA.JK,2020Q2,30.20834325,260.1448083,27.44575151,500.0427377,-1.475568127,-4.279567331,1,0,0,1,1,1,1,0
ESSA.JK,2019Q2,30.16204846,353.5604792,25.65392081,40.76014064,-0.208465469,-0.288469654,0,1,0,1,1,0,0,0
ESTI.JK,2020Q2,27.51018518,144.5250797,25.28315174,-63.70308137,0.464290809,2.00380456,1,0,0,2,1,1,1,0
ESTI.JK,2019Q2,27.44569563,146.9191992,26.29658908,160.0384575,0.32030324,1.211065232,0,1,0,2,1,0,0,0
EXCL.JK,2020Q2,31.697971,131.4896141,29.46991939,13.43501163,0.31708657,1.087323213,1,0,0,7,1,1,1,0
EXCL.JK,2019Q2,31.66309392,88.27268265,29.34385948,-2.17189285,0.389150114,1.214946588,0,1,0,7,1,0,0,0
FAST.JK,2020Q2,28.7261919,13.5306128,28.08698159,12.19735599,2.001257603,4.039024346,1,0,0,2,1,1,1,0
FAST.JK,2019Q2,28.64241197,15.74670278,27.97189235,6.859066286,3.946778655,7.883308274,0,1,0,2,1,0,0,0
FASW.JK,2020Q2,30.01653011,98.89618416,28.29147463,-13.8715084,4.764128244,12.98337767,1,0,0,1,1,1,1,0
FASW.JK,2019Q2,29.94532314,126.2232043,28.44080455,76.1709244,2.034526923,4.935302674,0,1,0,1,1,0,0,0
FIRE.JK,2020Q2,27.04772944,43.23362388,26.25559414,33.20174329,1.270275492,2.073410491,1,0,0,3,1,1,1,0
FIRE.JK,2019Q2,26.93594445,78.19068289,25.96889948,335.9421757,1.456623068,2.474851056,0,1,0,3,1,0,0,0
FISH.JK,2020Q2,29.2807746,106.8885268,28.90783746,8.340806121,2.156971177,8.587008094,1,0,0,8,0,1,0,0
FISH.JK,2019Q2,29.07292044,70.96023245,28.82772577,21.60484073,0.904393799,3.406007351,0,1,0,8,0,0,0,0
FMII.JK,2020Q2,27.55990101,31.76912929,24.08406076,193.7828489,0.030306252,0.0428502,1,0,0,9,0,1,0,0
FMII.JK,2019Q2,27.48808942,21.21943564,23.00639006,14.10306721,1.174289779,1.74933006,0,1,0,9,0,0,0,0
FREN.JK,2020Q2,30.86445975,80.81530889,28.11350022,21.12722084,1.635931728,4.939976478,1,0,0,7,1,1,1,0
FREN.JK,2019Q2,30.81319502,150.8226829,27.921829,19.39489684,-2.548542973,-5.532267131,0,1,0,7,1,0,0,0
GAMA.JK,2020Q2,27.95452413,21.41740098,23.9098953,35.28507754,-0.2612408,-0.326418585,1,0,0,9,0,1,0,0
GAMA.JK,2019Q2,27.97422018,24.97476089,23.60768125,69.61202096,0.051796181,0.057799653,0,1,0,9,0,0,0,0
GDYR.JK,2020Q2,28.21254687,43.95604121,26.83859479,-9.005516387,-6.491151606,-15.78296211,1,0,0,2,1,1,1,0
GDYR.JK,2019Q2,28.31160471,24.47957124,26.93296609,-1.381633554,-0.821454808,-1.961646214,0,1,0,2,1,0,0,0
GEMA.JK,2020Q2,27.69280746,81.00711194,26.36698505,-0.640878912,0.471540673,0.358567273,1,0,0,2,1,1,1,0
GEMA.JK,2019Q2,27.54331893,58.57026747,26.37341446,47.65407596,1.348463378,2.923164948,0,1,0,2,1,0,0,0
GEMS.JK,2020Q2,29.92592688,41.3964345,28.77622496,5.418765372,2.6342845,5.087252335,1,0,0,3,1,1,1,0
GEMS.JK,2019Q2,29.60757833,19.9805178,28.72345449,62.25566851,2.060225357,4.280905354,0,1,0,3,1,0,0,0
GGRM.JK,2020Q2,31.83122755,8.946635564,30.9099848,13.82298486,1.761928732,2.541772029,1,0,0,8,0,1,0,0
GGRM.JK,2019Q2,31.82033077,19.95127784,30.78051051,15.03625068,2.909721231,4.19077376,0,1,0,8,0,0,0,0
GIAA.JK,2020Q2,31.7209384,307.0882518,30.40129955,10.42379013,-2.623358914,-14.80928106,1,0,0,11,1,1,1,0
GIAA.JK,2019Q2,31.56380819,191.7181622,30.30214414,7.450643601,-2.871046319,-17.1957641,0,1,0,11,1,0,0,0
GJTL.JK,2020Q2,30.59124144,124.4904866,28.9189143,9.216817832,1.355307229,4.31854361,1,0,0,2,1,1,1,0
GJTL.JK,2019Q2,30.58534383,128.687565,28.83074943,-4.426612657,-0.026458512,-0.086403295,0,1,0,2,1,0,0,0
GMTD.JK,2020Q2,27.83858524,8.952835842,24.60721038,-40.51180094,0.319292981,0.511590912,1,0,0,9,0,1,0,0
GMTD.JK,2019Q2,27.85258215,9.571044108,25.1266026,41.93018944,0.96104051,1.528229316,0,1,0,9,0,0,0,0
GOLD.JK,2020Q2,26.2541902,106.1193384,22.93142856,8.566248953,0.89801304,0.992477843,1,0,0,7,1,1,1,0
GOLD.JK,2019Q2,26.06047971,49.57189245,22.84923817,64.42587321,0.820523139,2.118258098,0,1,0,7,1,0,0,0
GOLL.JK,2020Q2,28.53572423,198.3407083,24.61381914,-45.82434661,-0.337530853,-3.222615331,1,0,0,8,0,1,0,0
GOLL.JK,2019Q2,28.49645748,180.8740985,25.22675772,171.1532271,-0.658255838,-1.529198612,0,1,0,8,0,0,0,0
GPRA.JK,2020Q2,28.06345575,27.91404998,25.06293973,-4.660941379,-0.571854334,-0.795405769,1,0,0,9,0,1,0,0
GPRA.JK,2019Q2,28.04779196,28.4610872,25.11067034,-1.291922045,0.403128435,0.320975637,0,1,0,9,0,0,0,0
GWSA.JK,2020Q2,29.64469395,6.266354126,23.89322258,38.55538517,0.529857429,0.597398304,1,0,0,9,0,1,0,0
GWSA.JK,2019Q2,29.61562765,5.278620801,23.56712263,-24.67631702,0.197882402,0.234852499,0,1,0,9,0,0,0,0
GZCO.JK,2020Q2,28.68209586,143.9971449,25.20209018,-36.38266695,-2.85203786,-7.168112817,1,0,0,8,0,1,0,0
GZCO.JK,2019Q2,28.84379002,101.0404571,25.6543744,-3.780491193,-3.345105349,-9.655337598,0,1,0,8,0,0,0,0
HDFA.JK,2020Q2,27.84995982,548.854021,24.94980187,-65.29509109,-2.479582988,-4.576726795,1,0,0,4,0,1,0,0
HDFA.JK,2019Q2,28.90428455,561.3894074,26.00809092,-6.403081733,-4.017262322,-30.25934319,0,1,0,4,0,0,0,0
HDTX.JK,2020Q2,27.09818957,182.9022396,25.51487692,-21.55553892,-8.39207431,-35.23829637,1,0,0,2,1,1,1,0
HDTX.JK,2019Q2,29.02604883,1480.690315,25.75765624,-66.49375891,10.35462115,503.4977,0,1,0,2,1,0,0,0
HELI.JK,2020Q2,25.91129354,58.39674728,23.4037194,42.16998485,0.142078355,0.206353207,1,0,0,11,1,1,1,0
HELI.JK,2019Q2,26.13271408,84.81932324,23.05186616,0.616836414,0.222570733,0.475538208,0,1,0,11,1,0,0,0
HEXA.JK,2020Q2,29.22631096,24.17977638,28.35973818,45.51266912,1.818455794,2.860206998,1,0,0,6,0,1,0,0
HEXA.JK,2019Q2,28.99171635,2.011325495,27.98464521,9.031635752,4.12622553,8.58586528,0,1,0,6,0,0,0,0
HITS.JK,2020Q2,28.76358012,192.4534736,26.47531927,26.71022208,2.523956522,9.275726924,1,0,0,3,1,1,1,0
HITS.JK,2019Q2,28.58936323,231.3803254,26.23858669,1.019857551,2.296539405,10.2782214,0,1,0,3,1,0,0,0
HMSP.JK,2020Q2,31.39483667,1.296285277,30.92367734,3.431153499,2.974695127,4.764816072,1,0,0,8,0,1,0,0
HMSP.JK,2019Q2,31.41245389,0.42294832,30.88994131,8.360089773,6.98967116,10.37859929,0,1,0,8,0,0,0,0
HOKI.JK,2020Q2,27.41025212,26.78127136,26.71128618,4.786239304,1.688772475,2.256558662,1,0,0,8,0,1,0,0
HOKI.JK,2019Q2,27.26940917,31.00108078,26.6645339,7.754363689,3.265429535,4.421127884,0,1,0,8,0,0,0,0
HOME.JK,2020Q2,26.36230976,29.2480438,22.70379444,-59.14754085,-0.915061926,-1.058644028,1,0,0,2,1,1,1,0
HOME.JK,2019Q2,26.36715632,18.72950624,23.59899761,15.07741339,-2.902372972,-4.43436198,0,1,0,2,1,0,0,0
HOTL.JK,2020Q2,27.81760544,0.431523907,24.14145042,85.64009048,-0.811651801,-2.94636734,1,0,0,2,1,1,1,0
HOTL.JK,2019Q2,27.71752234,112.691846,23.5228108,-22.13354181,-0.73678002,-2.270569633,0,1,0,2,1,0,0,0
HRTA.JK,2020Q2,28.06087411,32.58333525,27.12315768,-3.364718146,1.588597173,2.767830942,1,0,0,2,1,1,1,0
HRTA.JK,2019Q2,27.98058397,37.63112691,27.15738395,13.54898496,1.409123555,1.98269646,0,1,0,2,1,0,0,0
IATA.JK,2020Q2,27.59808351,31.54739747,24.8590229,-1.840072179,-1.349542262,-2.434291298,1,0,0,11,1,1,1,0
IATA.JK,2019Q2,27.68942302,33.14222546,24.87759502,25.57370537,-0.87954447,-1.579066992,0,1,0,11,1,0,0,0
IBST.JK,2020Q2,29.66952192,37.50951644,26.22441926,23.11578978,0.21390919,0.319217412,1,0,0,7,1,1,1,0
IBST.JK,2019Q2,29.58681113,41.51667155,26.01646415,7.479752188,0.321838047,0.466654645,0,1,0,7,1,0,0,0
ICBP.JK,2020Q2,31.22638026,8.684469518,30.0518909,13.91684496,5.20827565,7.538135174,1,0,0,8,0,1,0,0
ICBP.JK,2019Q2,31.19782697,19.5984074,29.92159233,4.466660281,4.009365849,5.981698093,0,1,0,8,0,0,0,0
ICON.JK,2020Q2,26.68090687,0.172104792,24.38812282,0.985662149,1.07363348,1.598147178,1,0,0,6,0,1,0,0
ICON.JK,2019Q2,26.77543769,22.12234721,24.37831446,-4.287267875,0.816825645,1.538877769,0,1,0,6,0,0,0,0
IDPR.JK,2020Q2,28.28457908,36.36747964,26.25012627,24.49574488,-2.864883506,-4.590623673,1,0,0,7,1,1,1,0
IDPR.JK,2019Q2,28.21447989,24.6356915,26.03102492,0.012146388,0.137370911,0.173632337,0,1,0,7,1,0,0,0
IIKP.JK,2020Q2,26.40109887,0.12038714,22.17920048,18.49095523,-0.698079625,-0.746496738,1,0,0,2,1,1,1,0
IIKP.JK,2019Q2,26.45283381,0.211116819,22.00953404,-89.74048712,-1.146584544,-1.250277501,0,1,0,2,1,0,0,0
IKAI.JK,2020Q2,27.90102008,44.74261691,23.55364552,2910.512707,-2.290174635,-2.995236161,1,0,0,2,1,1,1,0
IKAI.JK,2019Q2,26.97363051,42.68543388,20.14895003,-93.8339835,-1.501080323,-2.5482266,0,1,0,2,1,0,0,0
IMAS.JK,2020Q2,31.36889764,283.048843,29.19706928,10.50732835,-0.404945592,-2.060708196,1,0,0,2,1,1,1,0
IMAS.JK,2019Q2,31.16295274,245.8187168,29.09715763,15.68130786,1.529122947,6.713122862,0,1,0,2,1,0,0,0
IMJS.JK,2020Q2,30.67556339,541.9979398,27.56771457,27.49577897,0.060469118,0.823598624,1,0,0,4,0,1,0,0
IMJS.JK,2019Q2,30.35967443,498.7491724,27.3248015,11.94299454,0.28030783,2.020607164,0,1,0,4,0,0,0,0
IMPC.JK,2020Q2,28.50646368,65.58535384,26.50658207,6.724105594,-1.15556387,-2.47832448,1,0,0,6,0,1,0,0
IMPC.JK,2019Q2,28.5044558,71.88042461,26.4415052,19.41394757,0.088707696,0.892444106,0,1,0,6,0,0,0,0
INAF.JK,2020Q2,27.9673844,104.3466421,26.17235619,-13.97937686,1.143135151,3.408884819,1,0,0,5,0,1,0,0
INAF.JK,2019Q2,28.01287433,109.3097691,26.32293931,-1.087033087,-0.184450718,-0.545644053,0,1,0,5,0,0,0,0
INAI.JK,2020Q2,27.95955964,204.493732,26.3566298,13.07381883,0.112763745,0.438974396,1,0,0,1,1,1,1,0
INAI.JK,2019Q2,27.85679476,210.554069,26.23375912,5.388212543,0.931677813,4.18682716,0,1,0,1,1,0,0,0
INCF.JK,2020Q2,27.00864729,201.424912,25.7244748,42.31548846,-1.938595747,-6.259224692,1,0,0,1,1,1,1,0
INCF.JK,2019Q2,26.98622655,237.2814669,25.37159864,-35.68829357,0.300708594,1.058468815,0,1,0,1,1,0,0,0
INCI.JK,2020Q2,26.66204008,0.256124326,25.24767353,15.14792376,3.595787697,4.394103611,1,0,0,1,1,1,1,0
INCI.JK,2019Q2,26.48176803,2.179660873,25.10662612,34.16737885,0.530321918,0.640198505,0,1,0,1,1,0,0,0
INCO.JK,2020Q2,31.02547807,0.032879531,28.48212704,-19.91082376,1.089965074,1.218856905,1,0,0,1,1,1,1,0
INCO.JK,2019Q2,31.06307171,2.962751829,28.70415651,48.35359519,-0.283173711,-0.32361241,0,1,0,1,1,0,0,0
INDF.JK,2020Q2,32.21692062,80.96770427,30.58435933,8.727042989,1.815449857,3.619392836,1,0,0,8,0,1,0,0
INDF.JK,2019Q2,32.16316601,83.79181546,30.50068896,-1.142178408,1.679400823,3.922660102,0,1,0,8,0,0,0,0
INDR.JK,2020Q2,30.01849977,42.08354013,28.63548607,-2.277737048,-0.421193086,-0.866199477,1,0,0,2,1,1,1,0
INDR.JK,2019Q2,30.1501129,85.76717776,28.65852686,27.06398047,0.314093674,0.649924915,0,1,0,2,1,0,0,0
INDS.JK,2020Q2,28.53936437,0.979411978,27.0739883,0.038910678,1.505840632,1.670283221,1,0,0,2,1,1,1,0
INDS.JK,2019Q2,28.53140098,1.827945948,27.07359927,24.00101996,0.911836684,1.031464059,0,1,0,2,1,0,0,0
INDY.JK,2020Q2,31.54887577,168.2993492,29.8928728,5.021626403,0.058023228,-0.111714634,1,0,0,3,1,1,1,0
INDY.JK,2019Q2,31.5635921,148.2658411,29.8438767,197.6336328,0.151420674,0.102994761,0,1,0,3,1,0,0,0
INKP.JK,2020Q2,32.46046184,112.1072778,30.03318264,-4.845070533,2.122853152,4.380895652,1,0,0,1,1,1,1,0
INKP.JK,2019Q2,32.33016561,122.9588353,30.08284643,22.70899644,0.833481168,1.919384688,0,1,0,1,1,0,0,0
INPP.JK,2020Q2,29.54924145,40.1916817,26.18073202,42.21723709,0.116618883,-0.045822378,1,0,0,9,0,1,0,0
INPP.JK,2019Q2,29.53647064,41.00011634,25.82854648,36.90636459,1.192024351,1.842072135,0,1,0,9,0,0,0,0
INRU.JK,2020Q2,29.51112388,113.3106345,26.13441212,-31.44749928,-0.443220272,-1.412411432,1,0,0,1,1,1,1,0
INRU.JK,2019Q2,29.28245969,105.1197594,26.51198242,-4.337490824,-0.095450937,-0.244753393,0,1,0,1,1,0,0,0
INTP.JK,2020Q2,30.8834427,0.516480203,28.80963119,6.731058491,0.255782002,0.296026257,1,0,0,1,1,1,1,0
INTP.JK,2019Q2,30.90670063,0.509215552,28.74448918,-3.864672375,0.910484653,1.069555493,0,1,0,1,1,0,0,0
IPOL.JK,2020Q2,29.00710286,59.11907521,27.23227524,-4.299608552,0.527896332,0.822560188,1,0,0,1,1,1,1,0
IPOL.JK,2019Q2,29.05220717,65.10224924,27.27622304,13.72935447,0.397373356,0.693854487,0,1,0,1,1,0,0,0
ISAT.JK,2020Q2,31.65391529,260.5073322,29.4628607,16.22825709,0.451643542,2.155069588,1,0,0,7,1,1,1,0
ISAT.JK,2019Q2,31.54018927,177.1674437,29.3124749,-31.3096462,-0.073142201,-0.362600229,0,1,0,7,1,0,0,0
ISSP.JK,2020Q2,29.53315207,101.9537664,27.69088404,10.43969247,1.227190978,2.542263684,1,0,0,1,1,1,1,0
ISSP.JK,2019Q2,29.5264085,103.7370685,27.59158462,25.45672842,0.467313803,1.041055932,0,1,0,1,1,0,0,0
JAWA.JK,2020Q2,28.88581225,406.6470352,25.78228699,1.678852525,-1.379207017,-13.62921551,1,0,0,8,0,1,0,0
JAWA.JK,2019Q2,28.84475598,238.8739321,25.76563784,-5.305427516,-2.254573591,-12.56784888,0,1,0,8,0,0,0,0
JECC.JK,2020Q2,28.31733701,125.5864994,27.3645748,14.9285702,-0.297809216,-0.618900854,1,0,0,6,0,1,0,0
JECC.JK,2019Q2,28.40887616,155.6087795,27.22543418,38.22598451,1.393481229,4.59477585,0,1,0,6,0,0,0,0
JGLE.JK,2020Q2,28.97174533,24.26525843,24.81815271,-11.30837261,-0.863276549,-1.365442773,1,0,0,2,1,1,1,0
JGLE.JK,2019Q2,28.99626583,33.52687871,24.9381574,-6.081056245,-0.396018339,-0.670129721,0,1,0,2,1,0,0,0
JIHD.JK,2020Q2,29.52697431,5.244439207,26.57851891,-1.67353554,0.007472271,-0.462656939,1,0,0,2,1,1,1,0
JIHD.JK,2019Q2,29.5338617,9.337629061,26.59539589,6.81593257,0.493986075,0.059722921,0,1,0,2,1,0,0,0
JKON.JK,2020Q2,29.25267635,46.87551958,27.5693156,12.74355513,-0.596569561,-1.035575928,1,0,0,7,1,1,1,0
JKON.JK,2019Q2,29.0944156,34.71462687,27.44936997,-11.30460905,0.060681872,0.132048202,0,1,0,7,1,0,0,0
JPFA.JK,2020Q2,30.85851914,89.70968865,29.90087339,9.434595276,-0.668851728,-1.755018767,1,0,0,8,0,1,0,0
JPFA.JK,2019Q2,30.72174806,70.15268813,29.81071651,17.79795539,2.446431817,5.299318638,0,1,0,8,0,0,0,0
JRPT.JK,2020Q2,30.03132073,0.363762516,27.06276276,7.819310199,1.713650313,2.751643087,1,0,0,9,0,1,0,0
JRPT.JK,2019Q2,29.96681023,0.481747755,26.98747618,-6.711871734,2.30989188,3.802425778,0,1,0,9,0,0,0,0
JSMR.JK,2020Q2,32.08755186,197.975249,29.66381718,-20.75844988,0.519203749,3.085736089,1,0,0,7,1,1,1,0
JSMR.JK,2019Q2,32.0668317,215.0912326,29.89648658,92.84849181,0.665240369,3.398788901,0,1,0,7,1,0,0,0
JSPT.JK,2020Q2,29.25550331,46.25045448,26.3377294,12.12362253,-3.534524843,-4.728573218,1,0,0,2,1,1,1,0
JSPT.JK,2019Q2,29.08367253,34.21363927,26.22329755,-2.915961066,0.185808813,0.461822177,0,1,0,2,1,0,0,0
JTPE.JK,2020Q2,27.66966988,33.23884984,26.15596259,39.15207854,0.828670696,1.446524808,1,0,0,6,0,1,0,0
JTPE.JK,2019Q2,27.6566307,40.6045404,25.82556535,20.04067884,2.699960624,3.650549522,0,1,0,6,0,0,0,0
KAEF.JK,2020Q2,30.45225292,92.31642671,28.62796645,41.74986651,0.208405442,0.326782233,1,0,0,5,0,1,0,0
KAEF.JK,2019Q2,29.70312599,138.2014185,28.27907264,32.98759744,0.331228564,0.563024361,0,1,0,5,0,0,0,0
KBLI.JK,2020Q2,28.75077157,9.85080604,27.461952,16.54009517,-2.568843082,-3.478775598,1,0,0,6,0,1,0,0
KBLI.JK,2019Q2,28.68849397,13.07708251,27.3088868,16.79924569,1.886946364,3.10953837,0,1,0,6,0,0,0,0
KBLM.JK,2020Q2,27.89485227,13.37529345,26.20345363,19.77188682,0.000744085,0.001050233,1,0,0,6,0,1,0,0
KBLM.JK,2019Q2,27.69886484,3.83317694,26.02303482,-27.81172927,0.715595163,1.130582475,0,1,0,6,0,0,0,0
KBLV.JK,2020Q2,29.61843138,100.7650715,24.63716708,-77.28297198,-4.704519337,-17.15311951,1,0,0,7,1,1,1,0
KBLV.JK,2019Q2,30.06993103,62.3199,26.11922249,-8.43396007,0.336279039,1.022029124,0,1,0,7,1,0,0,0
KBRI.JK,2020Q2,27.78907953,237.2660278,23.53073942,-77.19175914,-0.051015332,-0.322075712,1,0,0,1,1,1,1,0
KBRI.JK,2019Q2,27.86508628,168.7406623,25.0087877,1.635437613,-4.119607937,-15.43605604,0,1,0,1,1,0,0,0
KDSI.JK,2020Q2,27.97806967,68.34617057,27.04745215,-3.904970437,0.864123163,1.760226418,1,0,0,1,1,1,1,0
KDSI.JK,2019Q2,27.84709121,84.26712445,27.08728474,9.955861574,1.598368215,3.886126699,0,1,0,1,1,0,0,0
KICI.JK,2020Q2,25.76079456,11.09155353,23.88082094,-7.83875976,-0.455909785,-0.771903523,1,0,0,2,1,1,1,0
KICI.JK,2019Q2,25.73002704,11.05820813,23.96245147,-20.12573345,-0.418636425,-0.692609634,0,1,0,2,1,0,0,0
KIJA.JK,2020Q2,30.11197634,80.55176565,26.4297733,-30.82372815,6.103331222,13.67053209,1,0,0,9,0,1,0,0
KIJA.JK,2019Q2,30.06595141,87.99961179,26.79828558,-51.8334313,-0.20913284,-0.45956577,0,1,0,9,0,0,0,0
KINO.JK,2020Q2,29.15786686,36.43406996,27.83044514,40.03480725,1.159682972,2.281177989,1,0,0,8,0,1,0,0
KINO.JK,2019Q2,28.89309593,31.01355056,27.49372431,15.74542398,1.29126944,2.39387562,0,1,0,8,0,0,0,0
KIOS.JK,2020Q2,26.27707786,128.0831082,27.11002266,-9.780056498,-0.795466677,-2.032139214,1,0,0,10,1,1,1,0
KIOS.JK,2019Q2,26.27334545,164.5343632,27.21294234,3574.732719,0.141368283,0.313369813,0,1,0,10,1,0,0,0
KKGI.JK,2020Q2,28.19554879,9.25353235,26.3698134,103.3455555,-3.621864068,-4.154339122,1,0,0,3,1,1,1,0
KKGI.JK,2019Q2,27.96415851,3.260752998,25.66007681,-53.50047502,-1.458462707,-2.138188897,0,1,0,3,1,0,0,0
KLBF.JK,2020Q2,30.56557192,5.080293109,29.39114429,8.340691039,3.306642516,4.382426597,1,0,0,5,0,1,0,0
KLBF.JK,2019Q2,30.51542964,2.620018457,29.31103366,3.824856637,3.552581494,4.437832311,0,1,0,5,0,0,0,0
KMTR.JK,2020Q2,29.18766091,145.1257104,28.64221651,8.170388231,3.17525077,7.848691111,1,0,0,1,1,1,1,0
KMTR.JK,2019Q2,28.96389996,125.9454679,28.56367904,-17.85726328,1.600153266,4.0265854,0,1,0,1,1,0,0,0
KOBX.JK,2020Q2,28.2311411,47.62420191,25.9535978,-27.06401336,-1.868171163,-7.855337034,1,0,0,6,0,1,0,0
KOBX.JK,2019Q2,27.93075109,26.18233862,26.26918583,29.11991802,-0.123950714,-0.504939936,0,1,0,6,0,0,0,0
KONI.JK,2020Q2,25.53580205,687.2818366,24.15730169,-3.20239195,-12.70225049,-154.5046315,1,0,0,6,0,1,0,0
KONI.JK,2019Q2,25.49809139,445.0488698,24.18984959,50.60967517,0.866095882,8.418890185,0,1,0,6,0,0,0,0
KOPI.JK,2020Q2,25.82411555,21.60017375,24.590989,131.5403514,-2.05767404,-4.050188264,1,0,0,3,1,1,1,0
KOPI.JK,2019Q2,25.86965395,19.39001278,23.75140503,-64.75939591,3.087247613,5.728140072,0,1,0,3,1,0,0,0
KPIG.JK,2020Q2,30.48975207,30.93469596,26.24204966,33.88808961,-0.140676763,-0.165043725,1,0,0,2,1,1,1,0
KPIG.JK,2019Q2,30.38109513,22.30896061,25.95021555,-24.81370699,0.044767434,0.059857191,0,1,0,2,1,0,0,0
KRAH.JK,2020Q2,27.19399291,264.532636,24.18928103,-54.00324747,-10.93193905,-73.22514549,1,0,0,6,0,1,0,0
KRAH.JK,2019Q2,27.11804579,183.2642086,24.96588042,-30.37161458,-9.816841426,-40.30095783,0,1,0,6,0,0,0,0
KRAS.JK,2020Q2,31.73077535,121.6406725,29.01689573,-24.17333245,-2.415378908,-18.57684837,1,0,0,1,1,1,1,0
KRAS.JK,2019Q2,31.7138065,111.9588586,29.29361587,39.41673664,-1.746539301,-4.17333426,0,1,0,1,1,0,0,0
KREN.JK,2020Q2,28.89104327,10.67088014,28.41505273,63.03569993,0.838345523,0.713359898,1,0,0,4,0,1,0,0
KREN.JK,2019Q2,28.39087495,9.027379962,27.92625372,1121.600625,4.637437381,7.301645265,0,1,0,4,0,0,0,0
LEAD.JK,2020Q2,28.41691251,220.3884328,24.8837889,-17.15499985,-0.893950009,-3.337775885,1,0,0,3,1,1,1,0
LEAD.JK,2019Q2,28.63925366,112.9728236,25.07198769,3.47269023,-2.246079486,-7.347054131,0,1,0,3,1,0,0,0
LINK.JK,2020Q2,29.4396749,14.00344287,27.54182153,-2.5571396,3.574672838,5.835336162,1,0,0,7,1,1,1,0
LINK.JK,2019Q2,29.40942699,2.675988055,27.56772556,11.53364013,4.294482333,5.545455935,0,1,0,7,1,0,0,0
LION.JK,2020Q2,27.26188404,7.327260204,25.22260339,-14.24728723,1.898098064,2.77059635,1,0,0,6,0,1,0,0
LION.JK,2019Q2,27.25705409,7.612126275,25.37630586,17.825695,0.360029728,0.524275025,0,1,0,6,0,0,0,0
LMAS.JK,2020Q2,26.7535567,248.9168595,24.9509362,47.70064147,-5.210897236,-13.35882199,1,0,0,10,1,1,1,0
LMAS.JK,2019Q2,26.79951436,316.660507,24.56091885,4.111753533,0.913342314,3.459133507,0,1,0,10,1,0,0,0
LMPI.JK,2020Q2,27.34699584,90.06469279,25.4204457,6.881241125,-1.046226366,-2.754716451,1,0,0,2,1,1,1,0
LMPI.JK,2019Q2,27.38869444,81.29991802,25.35389757,5.387529843,-1.365949658,-3.316610978,0,1,0,2,1,0,0,0
LMSH.JK,2020Q2,25.780303,3.221292941,24.60455352,-18.78532367,0.10936162,0.139131907,1,0,0,1,1,1,1,0
LMSH.JK,2019Q2,25.809807,1.081833595,24.81262773,26.12317529,-0.901801477,-1.083549962,0,1,0,1,1,0,0,0
LPKR.JK,2020Q2,31.59938523,60.00440449,28.57967758,-14.58760232,1.206871233,3.271329602,1,0,0,9,0,1,0,0
LPKR.JK,2019Q2,31.62195288,69.2950709,28.7373565,35.96174689,-2.974811414,-6.575425005,0,1,0,9,0,0,0,0
LRNA.JK,2020Q2,26.45786398,5.935567113,23.84261147,17.19438956,-3.796167796,-4.487077413,1,0,0,11,1,1,1,0
LRNA.JK,2019Q2,26.25101088,4.702272776,23.68394765,-15.98188064,-1.720647543,-2.014709114,0,1,0,11,1,0,0,0
LTLS.JK,2020Q2,29.45436969,142.4829086,28.08562299,-3.394432297,2.200716473,6.465347567,1,0,0,1,1,1,1,0
LTLS.JK,2019Q2,29.48773246,147.0561048,28.1201568,-6.549155914,1.129132007,3.062200859,0,1,0,1,1,0,0,0
MAIN.JK,2020Q2,29.15700691,97.69118537,28.28716394,20.55021917,-1.180984943,-2.891392,1,0,0,8,0,1,0,0
MAIN.JK,2019Q2,29.04168977,92.9502763,28.10026771,10.89762398,1.205484718,2.740570012,0,1,0,8,0,0,0,0
MAMI.JK,2020Q2,27.62590005,38.96182186,24.42156707,-16.93120082,-0.371958807,-0.211428378,1,0,0,2,1,1,1,0
MAMI.JK,2019Q2,27.50750805,20.40080149,24.60706809,78.15601512,-0.014547794,-0.263493067,0,1,0,2,1,0,0,0
MAPB.JK,2020Q2,28.29536236,0.17225418,27.32365321,21.5781451,-3.720448364,-8.852787318,1,0,0,2,1,1,1,0
MAPB.JK,2019Q2,28.11425805,0.150067356,27.12826617,37.27177616,1.734399548,2.950610515,0,1,0,2,1,0,0,0
MAPI.JK,2020Q2,30.17905365,28.60072046,29.30558475,11.73509704,-2.536617863,-7.316451622,1,0,0,2,1,1,1,0
MAPI.JK,2019Q2,30.10282015,77.96253311,29.19462407,16.59325878,3.425523676,6.352658813,0,1,0,2,1,0,0,0
MARI.JK,2020Q2,26.50589708,24.84597682,24.33638102,21.16354587,2.779297348,4.392853882,1,0,0,2,1,1,1,0
MARI.JK,2019Q2,26.36101087,25.1194564,24.14440996,33.06998313,2.278593824,3.743253794,0,1,0,2,1,0,0,0
MASA.JK,2020Q2,29.76517185,52.98445501,27.88621694,18.68531153,0.313467114,0.703177571,1,0,0,2,1,1,1,0
MASA.JK,2019Q2,29.85315649,64.98934357,27.71491158,25.44088767,0.366488691,0.808111655,0,1,0,2,1,0,0,0
MBAP.JK,2020Q2,28.59217581,8.668670137,27.50642667,17.9975301,4.105589606,5.536949164,1,0,0,3,1,1,1,0
MBAP.JK,2019Q2,28.5065711,0.161241654,27.34093316,-13.2289005,5.857813518,8.013899874,0,1,0,3,1,0,0,0
MBSS.JK,2020Q2,28.82468473,32.78964707,26.332754,5.924849433,-1.054811698,-1.437748435,1,0,0,3,1,1,1,0
MBSS.JK,2019Q2,28.90494907,33.04046562,26.27519431,11.07660649,-0.319304228,-0.472506247,0,1,0,3,1,0,0,0
MBTO.JK,2020Q2,27.14525029,61.35078437,25.3449445,-20.80596702,-3.381041328,-9.827839016,1,0,0,8,0,1,0,0
MBTO.JK,2019Q2,27.34861505,41.65126716,25.57821373,-23.1117819,-2.829288928,-6.165541126,0,1,0,8,0,0,0,0
MCAS.JK,2020Q2,28.09224137,24.87625601,28.33997995,68.8984578,-7.65652279,-32.87132137,1,0,0,10,1,1,1,0
MCAS.JK,2019Q2,27.33680074,24.41074461,27.81585245,520.2058313,2.824617366,4.05928685,0,1,0,10,1,0,0,0
MDIA.JK,2020Q2,29.35136228,66.38136368,26.57132688,-30.42514262,-5.125271325,-13.66056671,1,0,0,2,1,1,1,0
MDIA.JK,2019Q2,29.33303891,58.62372131,26.93409381,-4.25992865,0.353461557,0.812698515,0,1,0,2,1,0,0,0
MDKA.JK,2020Q2,30.16169256,70.9849925,27.97704858,129.5691584,2.262037617,4.559008474,1,0,0,1,1,1,1,0
MDKA.JK,2019Q2,29.90487051,115.8776503,27.14601444,420.8594665,2.696624329,5.668675894,0,1,0,1,1,0,0,0
MDKI.JK,2020Q2,27.56020802,0.622622361,25.11702339,-11.6534419,1.006033824,1.115125993,1,0,0,1,1,1,1,0
MDKI.JK,2019Q2,27.46546346,2.30452541,25.24092634,-3.931005557,0.714571246,0.819736506,0,1,0,1,1,0,0,0
MDLN.JK,2020Q2,30.38721882,80.85571332,27.56611243,53.02371682,-0.969672952,-2.440975854,1,0,0,9,0,1,0,0
MDLN.JK,2019Q2,30.32481992,68.40097219,27.14068969,-37.36442446,2.054895319,4.55160879,0,1,0,9,0,0,0,0
MEDC.JK,2020Q2,31.91218739,222.8545074,29.02761948,2.836867322,-0.271145228,-1.52876045,1,0,0,3,1,1,1,0
MEDC.JK,2019Q2,31.88954957,206.668739,28.99964575,38.70505351,0.681658116,2.562310429,0,1,0,3,1,0,0,0
META.JK,2020Q2,29.08502126,40.43650185,25.76849001,-21.70743314,1.029836011,1.554638681,1,0,0,7,1,1,1,0
META.JK,2019Q2,29.28681728,125.8481259,26.01320753,11.46590409,1.581061027,1.983993523,0,1,0,7,1,0,0,0
MFIN.JK,2020Q2,29.05661071,81.4671756,26.73549823,19.53928111,0.328344009,0.660635642,1,0,0,4,0,1,0,0
MFIN.JK,2019Q2,28.8654496,65.75202846,26.55702339,5.310206434,2.171824605,4.041376512,0,1,0,4,0,0,0,0
MFMI.JK,2020Q2,26.35252837,3.730827226,24.22609382,-0.060114219,-0.802993438,-1.761574096,1,0,0,6,0,1,0,0
MFMI.JK,2019Q2,26.25756279,3.88231588,24.22669514,15.45211272,3.231293795,4.066386211,0,1,0,6,0,0,0,0
MICE.JK,2020Q2,27.63826232,40.60190291,25.9362013,26.09153293,-0.293431437,-0.210976954,1,0,0,2,1,1,1,0
MICE.JK,2019Q2,27.47749116,24.13136103,25.70436339,9.24175781,0.455281053,0.770489726,0,1,0,2,1,0,0,0
MIDI.JK,2020Q2,29.28441046,196.7829778,28.79014853,7.077173552,1.097129553,4.843183442,1,0,0,8,0,1,0,0
MIDI.JK,2019Q2,29.24994925,260.4712142,28.72176889,11.6457866,1.167298633,5.479874731,0,1,0,8,0,0,0,0
MIRA.JK,2020Q2,26.5920491,33.46053976,24.19977331,6.410888356,-2.391723472,-3.54498757,1,0,0,11,1,1,1,0
MIRA.JK,2019Q2,26.5996879,41.67624447,24.13763559,22.42133819,0.395430857,0.606956341,0,1,0,11,1,0,0,0
MKNT.JK,2020Q2,27.41179939,436.319885,27.57586881,-37.66460356,0.007886631,-2.269092747,1,0,0,2,1,1,1,0
MKNT.JK,2019Q2,27.61736353,287.4604136,28.04850957,43.76682476,-7.57587232,-25.23436192,0,1,0,2,1,0,0,0
MKPI.JK,2020Q2,29.56216538,12.12093558,26.77454363,-5.924853429,-1.234142555,-1.661193577,1,0,0,9,0,1,0,0
MKPI.JK,2019Q2,29.51381077,14.26929986,26.83561992,-32.90947296,1.482001058,1.978979129,0,1,0,9,0,0,0,0
MLBI.JK,2020Q2,28.66237795,191.0475135,27.40235987,4.47527176,-2.03453923,-6.162785611,1,0,0,8,0,1,0,0
MLBI.JK,2019Q2,28.46900214,139.3914171,27.35857965,24.74842041,8.237617667,25.50414852,0,1,0,8,0,0,0,0
MLIA.JK,2020Q2,29.28864133,66.73259698,27.49920107,-38.77125843,-0.378593364,-0.888707986,1,0,0,6,0,1,0,0
MLIA.JK,2019Q2,29.26603401,82.66158644,27.98975454,2.354201672,0.371831336,0.852773639,0,1,0,6,0,0,0,0
MLPL.JK,2020Q2,30.49169809,92.96032841,28.63568164,-27.74934793,-4.424308163,-13.5049664,1,0,0,6,0,1,0,0
MLPL.JK,2019Q2,30.75307181,88.43200288,28.96071047,-3.884277745,-0.530873279,-0.571462681,0,1,0,6,0,0,0,0
MLPT.JK,2020Q2,28.43124938,26.55296265,27.15951235,36.54713377,2.052536234,5.72815817,1,0,0,10,1,1,1,0
MLPT.JK,2019Q2,28.26273109,21.15347243,26.84801268,3.646915283,1.35906342,3.892269127,0,1,0,10,1,0,0,0
MMLP.JK,2020Q2,29.43788638,14.47952864,25.09398594,40.51338637,0.727364484,-0.278752814,1,0,0,9,0,1,0,0
MMLP.JK,2019Q2,29.31066945,13.90174989,24.75385337,26.62788865,3.026930146,3.636013973,0,1,0,9,0,0,0,0
MNCN.JK,2020Q2,30.43144057,46.3440832,28.26566751,17.7234718,1.840095335,2.674604044,1,0,0,2,1,1,1,0
MNCN.JK,2019Q2,30.38172025,46.70331338,28.10249928,-0.44881134,3.56785247,5.464914468,0,1,0,2,1,0,0,0
MPMX.JK,2020Q2,29.89542562,5.154687942,29.0479698,5.013032055,-1.525605264,-2.33397553,1,0,0,2,1,1,1,0
MPMX.JK,2019Q2,30.37725001,39.9894132,28.99905552,16.86759428,1.432792199,1.87702274,0,1,0,2,1,0,0,0
MPOW.JK,2020Q2,26.44470735,95.62461808,23.47291386,-6.615701561,7.631171223,15.41068274,1,0,0,7,1,1,1,0
MPOW.JK,2019Q2,26.51879451,122.9259721,23.54136083,-6.615699623,1.433142158,2.917659078,0,1,0,7,1,0,0,0
MPPA.JK,2020Q2,29.24934344,145.3861694,28.32043785,-31.65377012,-2.130348127,-20.85174125,1,0,0,8,0,1,0,0
MPPA.JK,2019Q2,29.35018875,163.7746642,28.70102163,-5.979532984,-2.287549229,-10.31218474,0,1,0,8,0,0,0,0
MRAT.JK,2020Q2,26.96035772,15.21862306,24.86669259,-23.7343714,0.234743013,0.338340789,1,0,0,8,0,1,0,0
MRAT.JK,2019Q2,26.94502618,14.25640882,25.13764041,0.398403918,-0.486782089,-0.679319847,0,1,0,8,0,0,0,0
MSKY.JK,2020Q2,29.17910221,78.23159316,27.10298321,-4.932918308,-0.800216022,-1.250786076,1,0,0,2,1,1,1,0
MSKY.JK,2019Q2,29.23159123,119.6573497,27.15357063,3.15948936,-1.063251523,-2.493196907,0,1,0,2,1,0,0,0
MTDL.JK,2020Q2,29.27316065,12.77085884,28.70432825,20.50141963,1.712376677,2.829289561,1,0,0,10,1,1,1,0
MTDL.JK,2019Q2,29.14253832,34.40863605,28.5178369,18.29203277,1.82003994,3.533514023,0,1,0,10,1,0,0,0
MTLA.JK,2020Q2,29.28434145,31.36332736,26.55335121,22.62840301,0.504074412,0.779183089,1,0,0,9,0,1,0,0
MTLA.JK,2019Q2,29.24292204,41.19111681,26.34936272,8.660774566,2.599541948,4.015156424,0,1,0,9,0,0,0,0
MTRA.JK,2020Q2,26.28099161,60.374173,24.64442958,-25.76860548,0.4419213,1.342148532,1,0,0,7,1,1,1,0
MTRA.JK,2019Q2,26.29573642,65.64807871,24.94241259,-21.42879689,1.294166207,2.489146406,0,1,0,7,1,0,0,0
MYOH.JK,2020Q2,28.32887347,9.332304416,27.46921282,0.670672068,9.644731551,12.40137152,1,0,0,3,1,1,1,0
MYOH.JK,2019Q2,28.28741725,10.485128,27.46252849,50.93192532,1.902020497,2.524716715,0,1,0,3,1,0,0,0
MYOR.JK,2020Q2,30.50356619,57.08301164,29.4302081,11.90293558,0.067348336,0.066824463,1,0,0,8,0,1,0,0
MYOR.JK,2019Q2,30.43539292,87.9194542,29.31774644,22.46823537,2.015747449,3.798010488,0,1,0,8,0,0,0,0
MYTX.JK,2020Q2,28.95053311,345.9584578,26.91117055,-16.10963776,-0.036939443,-0.427258815,1,0,0,2,1,1,1,0
MYTX.JK,2019Q2,28.94036856,5918.300989,27.08683,71.9485853,-1.558144332,-15.97745455,0,1,0,2,1,0,0,0
NASA.JK,2020Q2,27.78395805,6.727062268,20.0437005,-84.23308839,-0.124552066,-0.130391988,1,0,0,2,1,1,1,0
NASA.JK,2019Q2,27.88972994,17.8794114,21.89095715,-19.05636217,-0.217539848,-0.222781509,0,1,0,2,1,0,0,0
NELY.JK,2020Q2,26.96145148,10.39045369,24.81249514,15.70193152,1.437080121,1.686696699,1,0,0,11,1,1,1,0
NELY.JK,2019Q2,26.79806792,0.873671076,24.666648,14.81617973,2.321873097,2.716702615,0,1,0,11,1,0,0,0
NIKL.JK,2020Q2,28.15348853,120.268774,26.85033057,-15.86470113,7.455306151,25.67952235,1,0,0,1,1,1,1,0
NIKL.JK,2019Q2,28.2219828,130.3000949,27.02307455,14.02525442,0.131566303,0.373164127,0,1,0,1,1,0,0,0
NIPS.JK,2020Q2,28.20648573,70.61841082,26.35170698,15.56249306,0.642446016,1.345758207,1,0,0,2,1,1,1,0
NIPS.JK,2019Q2,28.06780405,104.057486,26.20706572,29.61172653,2.237727227,4.725989137,0,1,0,2,1,0,0,0
NIRO.JK,2020Q2,29.69601139,42.1205349,25.41167933,4.848991029,2.055707875,2.3820289,1,0,0,9,0,1,0,0
NIRO.JK,2019Q2,29.27515757,47.06223571,25.36432838,35.30024309,-0.460043871,-0.572700347,0,1,0,9,0,0,0,0
OMRE.JK,2020Q2,29.07215904,2.09395338,24.18758359,-2.452164856,-0.345378343,-0.380993002,1,0,0,9,0,1,0,0
OMRE.JK,2019Q2,29.07164921,1.935774219,24.2124109,-21.86042552,-0.796863123,-0.874116606,0,1,0,9,0,0,0,0
PALM.JK,2020Q2,28.28574413,12.82685903,24.60914179,-69.22521234,0.443920007,0.498444585,1,0,0,8,0,1,0,0
PALM.JK,2019Q2,28.69137493,55.66359794,25.7876162,-21.40949445,-0.997190215,-1.223792302,0,1,0,8,0,0,0,0
PANR.JK,2020Q2,28.24954172,100.3240508,26.90289105,2.812759005,-1.854603107,-4.497803767,1,0,0,2,1,1,1,0
PANR.JK,2019Q2,28.56008613,126.6702441,26.87515178,24.05424639,-0.308847201,-1.124972379,0,1,0,2,1,0,0,0
PANS.JK,2020Q2,28.45612332,13.98513997,25.36541221,99.65706763,5.246016779,8.609281248,1,0,0,4,0,1,0,0
PANS.JK,2019Q2,28.64317587,43.7311595,24.67398116,-47.15526712,1.101673304,1.905281044,0,1,0,4,0,0,0,0
PBRX.JK,2020Q2,29.82690554,124.517722,28.51824503,10.43152502,1.89385644,3.793859645,1,0,0,2,1,1,1,0
PBRX.JK,2019Q2,29.80247901,126.1772764,28.41901957,16.68942803,1.259325101,2.832365909,0,1,0,2,1,0,0,0
PCAR.JK,2020Q2,25.48670111,2.220335671,23.91781129,-43.33810162,-1.590738732,-2.292025882,1,0,0,8,0,1,0,0
PCAR.JK,2019Q2,25.59711477,6.275579728,24.48587948,38.20720542,-0.620486946,-0.800563444,0,1,0,8,0,0,0,0
PDES.JK,2020Q2,26.86013323,69.84077087,25.01280443,-12.56470228,-5.033704142,-11.19744963,1,0,0,2,1,1,1,0
PDES.JK,2019Q2,26.86927627,76.29687212,25.14707556,-11.55040522,-0.512497668,-0.904046313,0,1,0,2,1,0,0,0
PGAS.JK,2020Q2,32.25906082,115.4536984,30.20517707,-5.974655733,-0.368704207,-1.607570299,1,0,0,3,1,1,1,0
PGAS.JK,2019Q2,32.1597516,73.97008571,30.2667829,57.4759258,-0.000675565,-0.427866357,0,1,0,3,1,0,0,0
PGLI.JK,2020Q2,25.21637759,3.405078566,22.08469397,-27.26977652,0.418018019,0.68760362,1,0,0,2,1,1,1,0
PGLI.JK,2019Q2,25.15957365,3.030479105,22.40310713,-14.18187988,2.229895211,3.088668265,0,1,0,2,1,0,0,0
PICO.JK,2020Q2,27.47194618,125.353913,25.9795069,13.48176052,-0.873392654,-2.859478392,1,0,0,1,1,1,1,0
PICO.JK,2019Q2,27.30676195,121.0361054,25.85303496,-4.763867741,0.194006607,0.51717469,0,1,0,1,1,0,0,0
PJAA.JK,2020Q2,29.1025717,64.7821371,26.30917898,-4.638429207,-0.253553605,-0.488384899,1,0,0,2,1,1,1,0
PJAA.JK,2019Q2,29.01066494,52.51500069,26.35667349,6.281438036,0.249688052,0.506354982,0,1,0,2,1,0,0,0
PLIN.JK,2020Q2,29.24666596,208.2493976,26.70273267,3.17788155,1.098271072,1.189649198,1,0,0,9,0,1,0,0
PLIN.JK,2019Q2,29.2243448,304.4872789,26.67144835,-3.145098449,1.663215905,2.655720897,0,1,0,9,0,0,0,0
PNSE.JK,2020Q2,26.86305603,44.70328707,24.31432542,-22.82738194,-3.581853026,-9.272412265,1,0,0,2,1,1,1,0
PNSE.JK,2019Q2,26.89448803,42.08880225,24.5734509,11.98090592,-2.341570089,-4.440196032,0,1,0,2,1,0,0,0
PORT.JK,2020Q2,28.4367922,82.51133981,26.27301935,28.09159828,-1.330640566,-3.06773142,1,0,0,7,1,1,1,0
PORT.JK,2019Q2,28.3446119,88.90661001,26.02544392,-40.65700611,-0.003598737,0.531370637,0,1,0,7,1,0,0,0
POWR.JK,2020Q2,30.54834513,83.56715085,28.33443073,2.547234597,2.504863396,4.886548187,1,0,0,7,1,1,1,0
POWR.JK,2019Q2,30.54870806,85.86375422,28.3092774,4.057933945,2.106906666,4.2471086,0,1,0,7,1,0,0,0
PPRO.JK,2020Q2,30.47812389,119.3857958,26.82366163,-17.42638655,0.143236811,0.605068816,1,0,0,9,0,1,0,0
PPRO.JK,2019Q2,30.28406814,91.99867036,27.01514164,11.25154836,0.62674002,1.975878398,0,1,0,9,0,0,0,0
PRAS.JK,2020Q2,28.1735498,108.9185276,25.46098631,-22.51731063,1.272541228,4.028443433,1,0,0,2,1,1,1,0
PRAS.JK,2019Q2,28.17903557,101.5277605,25.71610195,29.26030389,0.295263016,0.671929418,0,1,0,2,1,0,0,0
PRDA.JK,2020Q2,28.27048372,1.895745686,26.71376242,12.20230574,-2.332207323,-2.910120577,1,0,0,5,0,1,0,0
PRDA.JK,2019Q2,28.22071208,4.01965454,26.59862906,4.43011874,1.743264045,2.138447196,0,1,0,5,0,0,0,0
PSAB.JK,2020Q2,30.19997363,113.4489838,27.53814713,14.03066166,0.217598858,0.445343936,1,0,0,1,1,1,1,0
PSAB.JK,2019Q2,30.18105404,133.8293595,27.40684994,20.39655488,0.630700296,1.006031145,0,1,0,1,1,0,0,0
PTBA.JK,2020Q2,30.78427324,4.047729594,29.29456741,10.50465165,1.432452631,2.169416364,1,0,0,3,1,1,1,0
PTBA.JK,2019Q2,30.65799291,5.649057523,29.19467998,8.056407021,3.628397504,5.225644885,0,1,0,3,1,0,0,0
PTIS.JK,2020Q2,27.0097468,71.54688538,24.50861529,8.072758569,0.053694187,0.11488473,1,0,0,3,1,1,1,0
PTIS.JK,2019Q2,27.02783042,93.28519334,24.43098078,17.39565879,0.084407716,0.193977445,0,1,0,3,1,0,0,0
PTPP.JK,2020Q2,31.61078654,118.1813638,29.37006997,-2.265364062,0.009167369,0.0241511,1,0,0,7,1,1,1,0
PTPP.JK,2019Q2,31.41645966,96.32813238,29.39298414,11.80260101,0.462928655,1.342741727,0,1,0,7,1,0,0,0
PTRO.JK,2020Q2,29.6847819,110.7433049,28.18285974,16.72377851,0.885637345,2.304821955,1,0,0,3,1,1,1,0
PTRO.JK,2019Q2,29.58563725,107.1260579,28.02821965,35.88230692,0.84224475,2.407160938,0,1,0,3,1,0,0,0
PTSN.JK,2020Q2,28.94946583,22.76510889,27.95320937,118.534096,-0.069642071,-0.132650223,1,0,0,10,1,1,1,0
PTSN.JK,2019Q2,28.32141866,16.90565484,27.17143751,121.6280054,0.43414239,1.530346898,0,1,0,10,1,0,0,0
PTSP.JK,2020Q2,26.52628813,14.32406067,26.08802646,27.04698947,-10.41062978,-26.39885158,1,0,0,2,1,1,1,0
PTSP.JK,2019Q2,26.47841892,31.27340728,25.84863963,17.60818322,4.081152694,7.015604748,0,1,0,2,1,0,0,0
PWON.JK,2020Q2,30.87272673,38.17099867,28.21543904,3.699788257,1.503960113,2.969977252,1,0,0,9,0,1,0,0
PWON.JK,2019Q2,30.82847791,51.21617932,28.17910915,9.990259885,3.036200737,4.781604561,0,1,0,9,0,0,0,0
PYFA.JK,2020Q2,25.94060525,21.05535118,24.77584951,-0.846332803,0.654998117,1.025417073,1,0,0,5,0,1,0,0
PYFA.JK,2019Q2,25.94252412,30.20552087,24.78434886,6.074573135,-0.0642896,-0.100919947,0,1,0,5,0,0,0,0
RAJA.JK,2020Q2,28.85564543,93.76081522,26.75903625,3.65226242,-0.344708837,-0.843870548,1,0,0,3,1,1,1,0
RAJA.JK,2019Q2,28.34832434,15.44076529,26.72316477,-20.46738153,1.160977154,2.145554987,0,1,0,3,1,0,0,0
RBMS.JK,2020Q2,27.42768617,23.35027437,23.88761061,34.16958387,-1.53696442,-1.999807677,1,0,0,9,0,1,0,0
RBMS.JK,2019Q2,27.05600605,28.08204905,23.59367625,2644.052577,-0.472605042,-0.500248755,0,1,0,9,0,0,0,0
RELI.JK,2020Q2,27.12107558,23.43452843,23.06049156,17.12926079,-0.620845265,-0.787519622,1,0,0,4,0,1,0,0
RELI.JK,2019Q2,27.12148014,21.46475472,22.90238363,-42.58526421,1.182908142,1.542477567,0,1,0,4,0,0,0,0
RICY.JK,2020Q2,28.05939046,172.1925933,27.25597131,64.72342351,-0.878349553,-3.577120722,1,0,0,2,1,1,1,0
RICY.JK,2019Q2,27.95113414,175.2248311,26.75687365,-6.218454843,-0.143442256,-1.109188746,0,1,0,2,1,0,0,0
RIMO.JK,2020Q2,29.41129741,4.358750059,24.31807411,823.1585912,0.097870048,-0.097174898,1,0,0,9,0,1,0,0
RIMO.JK,2019Q2,29.19853357,4.635015625,22.09544325,15335.84315,-1.054959367,-1.230906082,0,1,0,9,0,0,0,0
RMBA.JK,2020Q2,30.38222454,33.51015501,29.24879935,9.943646499,-0.262610809,-0.516702384,1,0,0,8,0,1,0,0
RMBA.JK,2019Q2,30.25572065,11.76887697,29.15400161,9.557155611,-0.545488652,-0.999907931,0,1,0,8,0,0,0,0
RODA.JK,2020Q2,29.02392039,26.67514714,25.5334512,94.5267737,-0.430952155,-0.611823982,1,0,0,9,0,1,0,0
RODA.JK,2019Q2,28.89485107,23.34973257,24.86805158,10.21239295,1.027905302,0.917277323,0,1,0,9,0,0,0,0
ROTI.JK,2020Q2,29.11450065,27.13924517,27.40220176,28.89587042,-0.042333893,0.478015856,1,0,0,8,0,1,0,0
ROTI.JK,2019Q2,29.06160901,28.32390123,27.14836707,6.184949961,0.510771029,1.264165652,0,1,0,8,0,0,0,0
RUIS.JK,2020Q2,27.67764505,100.509167,26.6507859,21.63032706,1.580937553,4.876411222,1,0,0,3,1,1,1,0
RUIS.JK,2019Q2,27.61890784,93.26463371,26.45496975,10.75442499,0.643242537,1.595837106,0,1,0,3,1,0,0,0
SAME.JK,2020Q2,28.56042827,75.24792896,26.23401417,9.800695425,-1.352075645,-3.140561264,1,0,0,5,0,1,0,0
SAME.JK,2019Q2,28.23138639,52.32638206,26.14051749,19.4006229,0.026442783,0.050601333,0,1,0,5,0,0,0,0
SCCO.JK,2020Q2,29.09398298,20.15636931,27.86722482,18.29838361,0.713109126,0.896168918,1,0,0,6,0,1,0,0
SCCO.JK,2019Q2,29.02149105,16.31311408,27.6991849,2.833327477,1.020767983,1.536225188,0,1,0,6,0,0,0,0
SCMA.JK,2020Q2,29.56274498,0.469719128,28.0468417,14.6258807,3.932034089,5.66142572,1,0,0,2,1,1,1,0
SCMA.JK,2019Q2,29.45415857,0.472849421,27.91033827,-6.232353114,4.244309767,6.09403989,0,1,0,2,1,0,0,0
SCPI.JK,2020Q2,28.1623011,110.457327,26.83019153,4.461288669,2.343129822,5.735927057,1,0,0,5,0,1,0,0
SCPI.JK,2019Q2,28.10528856,182.5485333,26.78654516,-25.20587151,0.523470665,1.41412372,0,1,0,5,0,0,0,0
SDMU.JK,2020Q2,26.60454185,79.15332402,24.13271021,32.74472794,-23.69553366,-193.1934014,1,0,0,11,1,1,1,0
SDMU.JK,2019Q2,26.6672397,70.01570096,23.84945245,-9.136347319,-0.101891037,0.194200712,0,1,0,11,1,0,0,0
SDPC.JK,2020Q2,27.88524196,257.8252858,27.22518477,18.73068149,-0.2302525,-1.208590274,1,0,0,8,0,1,0,0
SDPC.JK,2019Q2,27.64435577,188.5655789,27.05349721,11.12481711,0.291289226,1.588964329,0,1,0,8,0,0,0,0
SGRO.JK,2020Q2,29.85087638,99.04374568,27.13075933,-8.926556849,0.027541927,0.013813612,1,0,0,8,0,1,0,0
SGRO.JK,2019Q2,29.78372765,89.77775942,27.22426326,14.14707949,-0.245902414,-0.58521105,0,1,0,8,0,0,0,0
SHID.JK,2020Q2,28.03373415,51.16945425,24.24728321,-9.712299819,-0.658840921,-1.040415962,1,0,0,2,1,1,1,0
SHID.JK,2019Q2,28.04004848,51.14170416,24.34945216,21.76870986,-0.265234716,-0.421488795,0,1,0,2,1,0,0,0
SHIP.JK,2020Q2,28.87005238,156.3845337,26.40842863,70.39269161,2.4117472,4.884219713,1,0,0,3,1,1,1,0
SHIP.JK,2019Q2,28.57692501,162.7113852,25.8754931,39.62008397,1.973854981,4.65788505,0,1,0,3,1,0,0,0
SILO.JK,2020Q2,29.69207043,2.571256891,28.14143946,18.89095209,-1.695901452,-2.500317804,1,0,0,5,0,1,0,0
SILO.JK,2019Q2,29.66699628,3.064166012,27.96840294,14.62232743,0.021634139,0.024876349,0,1,0,5,0,0,0,0
SIMP.JK,2020Q2,31.20048226,82.50386079,28.84243546,5.284854634,-0.220463113,-0.359901718,1,0,0,8,0,1,0,0
SIMP.JK,2019Q2,31.17212292,72.54286941,28.79093607,-27.52104101,-0.213582567,-0.210577731,0,1,0,8,0,0,0,0
SIPD.JK,2020Q2,28.50532584,109.4765358,27.6240388,32.76228801,-0.769507683,-2.001709402,1,0,0,8,0,1,0,0
SIPD.JK,2019Q2,28.40032948,116.827015,27.34064876,22.30570499,0.770222788,2.06148758,0,1,0,8,0,0,0,0
SKBM.JK,2020Q2,28.17649382,53.06501751,26.79471086,-12.4372629,-0.03496734,0.13298427,1,0,0,8,0,1,0,0
SKBM.JK,2019Q2,28.09024959,41.76780118,26.92752551,12.61363558,-0.097522875,-0.017437064,0,1,0,8,0,0,0,0
SKLT.JK,2020Q2,27.40604211,55.15748224,26.4511383,22.03877301,0.659322356,1.349172149,1,0,0,8,0,1,0,0
SKLT.JK,2019Q2,27.25352345,49.23514754,26.25196968,9.514568421,1.626114202,3.556776425,0,1,0,8,0,0,0,0
SMAR.JK,2020Q2,30.93914383,111.523644,29.757294,-8.859119429,4.656159782,13.79885784,1,0,0,8,0,1,0,0
SMAR.JK,2019Q2,31.04420211,131.1726591,29.85005774,12.3378127,-0.690580123,-1.670056552,0,1,0,8,0,0,0,0
SMBR.JK,2020Q2,29.35063107,45.81921587,26.74119952,5.503727183,-1.304753849,-2.181990235,1,0,0,1,1,1,1,0
SMBR.JK,2019Q2,29.29573231,39.82701838,26.68762342,29.95216654,0.061990452,0.098910455,0,1,0,1,1,0,0,0
SMCB.JK,2020Q2,30.57739585,157.2577292,28.40551093,-6.731740661,0.070060479,0.193242184,1,0,0,1,1,1,1,0
SMCB.JK,2019Q2,30.57274473,133.6454477,28.47520126,9.243784305,-0.820438104,-2.502476347,0,1,0,1,1,0,0,0
SMDM.JK,2020Q2,28.78840763,10.95983946,25.65716659,13.69968986,0.023987695,-0.191348509,1,0,0,9,0,1,0,0
SMDM.JK,2019Q2,28.79274462,12.16040551,25.5287761,20.03019424,0.743036216,0.513539158,0,1,0,9,0,0,0,0
SMDR.JK,2020Q2,29.68786179,88.75666363,28.02857676,-11.88551504,1.112307013,1.841114902,1,0,0,11,1,1,1,0
SMDR.JK,2019Q2,29.78441253,81.17514642,28.15511001,21.31089419,-5.977597976,-11.1162667,0,1,0,11,1,0,0,0
SMGR.JK,2020Q2,31.97460862,111.0705891,29.73807306,22.91252147,0.229617468,0.505147985,1,0,0,1,1,1,1,0
SMGR.JK,2019Q2,31.52628458,35.47919722,29.53177035,5.946226621,0.31352895,0.704057862,0,1,0,1,1,0,0,0
SMMT.JK,2020Q2,27.4613051,44.84148259,24.77022378,79.86737217,-2.240037732,-2.511934054,1,0,0,3,1,1,1,0
SMMT.JK,2019Q2,27.3507449,60.79937573,24.1831742,111.3383401,2.190315774,3.21958012,0,1,0,3,1,0,0,0
SMRA.JK,2020Q2,30.80687849,121.4102756,28.10735691,9.84475266,0.02317706,-0.373989452,1,0,0,9,0,1,0,0
SMRA.JK,2019Q2,30.76799521,127.1613832,28.01345906,-0.316841447,0.472987189,1.532442821,0,1,0,9,0,0,0,0
SMRU.JK,2020Q2,28.23292398,74.07369298,25.86909929,0.478854064,-5.628053429,-12.72503442,1,0,0,3,1,1,1,0
SMRU.JK,2019Q2,28.23828423,80.70793076,25.86432218,-4.877103923,-1.74782797,-3.463626459,0,1,0,3,1,0,0,0
SMSM.JK,2020Q2,28.66013326,5.518278132,27.50476491,-2.644987767,2.67877168,3.914429858,1,0,0,2,1,1,1,0
SMSM.JK,2019Q2,28.62935956,15.35292186,27.53157088,22.91111452,4.176188418,5.549349019,0,1,0,2,1,0,0,0
SOCI.JK,2020Q2,29.90164132,98.00768272,27.07510289,45.75865075,0.14321905,0.289210138,1,0,0,3,1,1,1,0
SOCI.JK,2019Q2,29.77370392,87.15929592,26.6983209,-9.137855922,0.918071845,1.869141206,0,1,0,3,1,0,0,0
SONA.JK,2020Q2,27.89381876,11.61647246,26.90213869,2.696214794,-3.813923833,-5.324809197,1,0,0,2,1,1,1,0
SONA.JK,2019Q2,27.76780715,19.13508042,26.87553362,20.94239362,1.929625824,3.178731701,0,1,0,2,1,0,0,0
SPMA.JK,2020Q2,28.42200124,50.66449076,27.16277072,16.0332242,3.781119689,6.184071879,1,0,0,1,1,1,1,0
SPMA.JK,2019Q2,28.40527969,68.43627366,27.01406435,6.629200555,1.49565718,2.478667737,0,1,0,1,1,0,0,0
SRAJ.JK,2020Q2,28.68580256,10.63749646,26.28063917,43.11556041,-0.286611244,-0.531976709,1,0,0,5,0,1,0,0
SRAJ.JK,2019Q2,28.38525769,4.255335992,25.92215694,18.53502702,0.14220731,0.217269055,0,1,0,5,0,0,0,0
SRIL.JK,2020Q2,30.620979,142.4365826,29.13738787,22.38190589,1.794266189,4.645889814,1,0,0,2,1,1,1,0
SRIL.JK,2019Q2,30.52051585,140.4002125,28.93541153,54.48394323,2.031630698,5.287656544,0,1,0,2,1,0,0,0
SSIA.JK,2020Q2,29.66118196,40.83956264,27.62089781,62.08904786,-1.362825069,-2.708654712,1,0,0,7,1,1,1,0
SSIA.JK,2019Q2,29.64477871,41.65781972,27.13792214,-19.81149225,-0.115146626,-0.588596511,0,1,0,7,1,0,0,0
SSMS.JK,2020Q2,30.0508628,144.8226322,27.20001599,-34.44666037,3.755499054,11.63453068,1,0,0,8,0,1,0,0
SSMS.JK,2019Q2,30.00932993,124.9068104,27.62232202,23.26499431,-1.147111359,-3.127410494,0,1,0,8,0,0,0,0
SSTM.JK,2020Q2,27.01019122,82.44591002,25.37056453,-3.186699605,-0.013188288,-0.029572726,1,0,0,2,1,1,1,0
SSTM.JK,2019Q2,27.111872,95.33094645,25.40295033,129.3920189,-0.001421902,-0.003571856,0,1,0,2,1,0,0,0
STTP.JK,2020Q2,28.66631726,28.26779855,27.48334863,18.90096476,5.860542328,7.954702628,1,0,0,8,0,1,0,0
STTP.JK,2019Q2,28.52251099,34.07629013,27.3102279,3.81239585,4.963990018,7.962394437,0,1,0,8,0,0,0,0
SUPR.JK,2020Q2,30.03620161,243.4971899,26.82072645,-9.313232694,0.586558979,2.301216743,1,0,0,7,1,1,1,0
SUPR.JK,2019Q2,30.11691145,188.8176964,26.91848518,2.437276884,-0.155703655,-0.596890789,0,1,0,7,1,0,0,0
TALF.JK,2020Q2,27.72546997,18.12504651,26.09131143,-19.19819535,-0.238046733,-0.343203058,1,0,0,1,1,1,1,0
TALF.JK,2019Q2,27.5674788,2.558392959,26.30448231,84.97088644,0.365198324,0.448885005,0,1,0,1,1,0,0,0
TAMU.JK,2020Q2,27.97660372,84.70291602,24.66299861,-4.21690431,0.122962969,0.259310075,1,0,0,3,1,1,1,0
TAMU.JK,2019Q2,28.02918492,90.63519862,24.70608258,8.121588543,-1.280398237,-2.516667054,0,1,0,3,1,0,0,0
TARA.JK,2020Q2,27.74682893,5.124018051,22.41971486,-54.80226888,-0.040497413,-0.049214999,1,0,0,9,0,1,0,0
TARA.JK,2019Q2,27.83819931,15.26229767,23.21383816,11.55463819,0.019959188,0.011696203,0,1,0,9,0,0,0,0
TBIG.JK,2020Q2,31.00802143,752.8298951,27.76753954,9.984916696,0.860719874,5.575391686,1,0,0,7,1,1,1,0
TBIG.JK,2019Q2,30.95928448,760.3670774,27.67236649,5.832392341,0.593848748,4.986986209,0,1,0,7,1,0,0,0
TBLA.JK,2020Q2,30.43902162,152.3153272,28.40708288,1.503139131,0.566076448,1.87942713,1,0,0,8,0,1,0,0
TBLA.JK,2019Q2,30.28087036,163.5646544,28.39216334,-4.281343241,1.238594832,4.176680231,0,1,0,8,0,0,0,0
TBMS.JK,2020Q2,28.50883682,140.8906875,28.36287462,-18.90431711,1.342735991,3.566432318,1,0,0,1,1,1,1,0
TBMS.JK,2019Q2,28.49963622,145.0254627,28.57241508,43.5451821,0.814050915,3.336059067,0,1,0,1,1,0,0,0
TELE.JK,2020Q2,29.72497509,99.54118809,29.78159785,20.80563521,2.378637069,5.054163083,1,0,0,2,1,1,1,0
TELE.JK,2019Q2,29.80662043,133.9779384,29.5925851,-0.797948221,1.571915821,3.452494111,0,1,0,2,1,0,0,0
TGRA.JK,2020Q2,26.87774687,16.09091916,23.54436541,139.5200205,-1.090685404,-1.949325498,1,0,0,7,1,1,1,0
TGRA.JK,2019Q2,26.69050491,2.273574503,22.67089859,-36.4541488,0.273987311,0.275377537,0,1,0,7,1,0,0,0
TIFA.JK,2020Q2,27.92368991,235.8811988,24.65114664,-4.950663669,0.63308871,1.890922517,1,0,0,4,0,1,0,0
TIFA.JK,2019Q2,28.06625901,303.6873655,24.70192074,11.98659885,0.663080047,2.611220065,0,1,0,4,0,0,0,0
TINS.JK,2020Q2,30.65875813,161.04984,29.35755739,140.0041843,0.129951635,0.50114359,1,0,0,1,1,1,1,0
TINS.JK,2019Q2,30.15355538,68.54463719,28.48207121,3.925381194,-0.442166826,-1.276756971,0,1,0,1,1,0,0,0
TIRA.JK,2020Q2,26.56270817,53.40936331,25.07744582,25.07956035,0.183114146,-0.130271541,1,0,0,6,0,1,0,0
TIRA.JK,2019Q2,26.55734318,49.99360471,24.85366598,-23.9165371,-0.252318585,0.130284035,0,1,0,6,0,0,0,0
TKIM.JK,2020Q2,31.36877438,115.4091296,29.10572284,15.09997825,5.08401251,10.66925342,1,0,0,1,1,1,1,0
TKIM.JK,2019Q2,31.2275345,137.8034244,28.9650919,5.043934623,1.620221719,3.80808068,0,1,0,1,1,0,0,0
TLKM.JK,2020Q2,33.02059957,41.40312821,31.18178727,7.72037226,3.584800549,5.691041125,1,0,0,7,1,1,1,0
TLKM.JK,2019Q2,32.96180567,36.82393673,31.10741873,4.258268326,3.998993668,6.101422423,0,1,0,7,1,0,0,0
TMAS.JK,2020Q2,28.67516487,108.6338131,27.13369821,8.940252025,0.153221243,0.328136354,1,0,0,11,1,1,1,0
TMAS.JK,2019Q2,28.67442529,139.6914316,27.04806881,32.49655275,1.49063915,3.864882963,0,1,0,11,1,0,0,0
TMPO.JK,2020Q2,26.82239924,38.59827635,25.06716236,33.28434051,-1.909030218,-3.154110653,1,0,0,2,1,1,1,0
TMPO.JK,2019Q2,26.69065059,21.95865853,24.7798478,-0.676180488,-0.972198685,-1.695093378,0,1,0,2,1,0,0,0
TOBA.JK,2020Q2,29.63437006,101.7985614,28.07770732,4.841139539,4.120370392,8.882631805,1,0,0,3,1,1,1,0
TOBA.JK,2019Q2,29.28425653,60.22123639,28.03043125,78.54167734,1.936773101,3.263096287,0,1,0,3,1,0,0,0
TOPS.JK,2020Q2,28.83119516,80.20371311,25.98712756,-44.27765633,-0.469481044,-1.094783788,1,0,0,7,1,1,1,0
TOPS.JK,2019Q2,28.96637247,86.24068941,26.57191654,-53.60127137,0.541837953,1.297320267,0,1,0,7,1,0,0,0
TOTO.JK,2020Q2,28.64856483,4.848976872,26.78443178,-20.88919489,-2.132137787,-3.517638028,1,0,0,6,0,1,0,0
TOTO.JK,2019Q2,28.65077666,7.52475543,27.0187525,20.30805531,0.780613884,1.133424448,0,1,0,6,0,0,0,0
TOWR.JK,2020Q2,30.89106372,164.0671994,28.06692554,7.179933614,2.373907261,8.44335108,1,0,0,7,1,1,1,0
TOWR.JK,2019Q2,30.80187664,150.8423748,27.99758669,8.485711149,2.073529256,6.416121605,0,1,0,7,1,0,0,0
TPIA.JK,2020Q2,31.44009303,43.90341246,29.58870405,-16.31269035,-0.368914928,-0.695954032,1,0,0,1,1,1,1,0
TPIA.JK,2019Q2,31.39065518,35.12623179,29.76678689,12.90533153,0.504692029,0.881199859,0,1,0,1,1,0,0,0
TPMA.JK,2020Q2,28.07072892,39.56873688,25.73324843,-7.348613225,0.38735715,0.53490117,1,0,0,3,1,1,1,0
TPMA.JK,2019Q2,28.11113681,47.39839209,25.8095747,29.88202326,1.223725586,1.783584811,0,1,0,3,1,0,0,0
TRIM.JK,2020Q2,28.14984233,69.7294144,25.43479958,-3.47811998,0.091144262,0.296345738,1,0,0,4,0,1,0,0
TRIM.JK,2019Q2,28.29203911,99.25167142,25.47020005,17.29254567,1.009190384,1.959727214,0,1,0,4,0,0,0,0
TRIS.JK,2020Q2,27.18467913,76.07959617,26.62387644,70.3573736,0.223547504,-0.480412033,1,0,0,2,1,1,1,0
TRIS.JK,2019Q2,27.09167462,68.45597169,26.0911482,32.33302449,0.083258312,-0.568714513,0,1,0,2,1,0,0,0
TRST.JK,2020Q2,29.09924894,60.42463062,27.18897654,-4.060663916,0.101173633,-0.099441298,1,0,0,1,1,1,1,0
TRST.JK,2019Q2,28.93097454,41.89284949,27.23043065,6.307708264,0.24876804,0.489367992,0,1,0,1,1,0,0,0
TRUS.JK,2020Q2,26.42872954,1.533147866,23.28286829,9.328295634,0.450674149,0.49582145,1,0,0,4,0,1,0,0
TRUS.JK,2019Q2,26.41683684,9.136995207,23.19368324,30.81848069,1.800504517,1.956331751,0,1,0,4,0,0,0,0
TSPC.JK,2020Q2,29.71853115,12.40571201,28.60784659,9.716608285,1.069790639,1.519368282,1,0,0,5,0,1,0,0
TSPC.JK,2019Q2,29.68336453,8.068637088,28.51511602,7.369413167,1.588278645,2.397001903,0,1,0,5,0,0,0,0
TURI.JK,2020Q2,29.4712915,31.40249959,28.7991206,-4.506199766,-0.301705065,-0.447219213,1,0,0,2,1,1,1,0
TURI.JK,2019Q2,29.36207985,32.74093063,28.84522946,5.102072344,2.37797619,3.993534198,0,1,0,2,1,0,0,0
ULTJ.JK,2020Q2,29.45158538,1.37303506,28.06578868,16.88440234,1.716872151,1.972088892,1,0,0,8,0,1,0,0
ULTJ.JK,2019Q2,29.31812686,3.684240009,27.90977344,16.28121049,3.476990591,4.176527701,0,1,0,8,0,0,0,0
UNIC.JK,2020Q2,28.76920566,4.354051625,27.58647908,-25.15742293,1.822664408,2.34825306,1,0,0,1,1,1,1,0
UNIC.JK,2019Q2,28.83008339,21.42471841,27.87626233,29.45463614,0.576810679,0.962191029,0,1,0,1,1,0,0,0
UNIT.JK,2020Q2,26.76550145,129.2232825,23.74243617,71.31661391,0.019198749,0.070006035,1,0,0,2,1,1,1,0
UNIT.JK,2019Q2,26.78443252,133.7297877,23.20409297,-5.800937984,-0.022568124,0.002509067,0,1,0,2,1,0,0,0
UNTR.JK,2020Q2,32.40401107,29.96100938,30.66106008,3.835281173,2.093300745,3.674019796,1,0,0,6,0,1,0,0
UNTR.JK,2019Q2,32.11788877,11.61253833,30.62342445,26.55249798,2.182048976,4.699021112,0,1,0,6,0,0,0,0
UNVR.JK,2020Q2,30.71418356,94.20739583,30.00988331,3.406143059,8.191796184,21.92478168,1,0,0,8,0,1,0,0
UNVR.JK,2019Q2,30.65271958,95.77456583,29.97638913,0.183259373,8.884577097,27.56781426,0,1,0,8,0,0,0,0
VICO.JK,2020Q2,30.99871471,12.19452788,26.01600556,-32.98809467,-0.00122346,-0.201645833,1,0,0,4,0,1,0,0
VICO.JK,2019Q2,31.04857305,0.416711972,26.41630545,51.46375156,0.113378764,1.105278701,0,1,0,4,0,0,0,0
VOKS.JK,2020Q2,28.52001042,44.89275182,27.20938693,32.26748165,0.65236339,1.713131072,1,0,0,6,0,1,0,0
VOKS.JK,2019Q2,28.43355002,74.23177732,26.92973087,-0.609071636,1.515345657,3.72029122,0,1,0,6,0,0,0,0
VRNA.JK,2020Q2,28.58953384,284.1009981,25.02283068,27.00861732,-0.640976754,-2.888002153,1,0,0,4,0,1,0,0
VRNA.JK,2019Q2,28.04792905,200.9694819,24.78374593,-30.68619674,-0.731841949,-3.042130041,0,1,0,4,0,0,0,0
WEHA.JK,2020Q2,26.51696145,85.00193855,24.40127207,9.759585296,-3.730263063,-6.661279912,1,0,0,11,1,1,1,0
WEHA.JK,2019Q2,26.4167291,46.4288936,24.30814987,3.447407939,0.680367941,1.239180731,0,1,0,11,1,0,0,0
WIIM.JK,2020Q2,27.88449403,6.668598915,26.5414987,-1.080919133,2.077749522,2.776325349,1,0,0,8,0,1,0,0
WIIM.JK,2019Q2,27.84025302,1.515186128,26.55236674,-4.118807357,0.253344157,0.328046405,0,1,0,8,0,0,0,0
WIKA.JK,2020Q2,31.71932907,121.9932314,29.21192943,-27.68770855,0.2844231,1.077805265,1,0,0,7,1,1,1,0
WIKA.JK,2019Q2,31.62079303,109.8660724,29.5361055,18.49730193,1.145187902,3.975195578,0,1,0,7,1,0,0,0
WINS.JK,2020Q2,28.9573235,41.06031358,26.02286056,-12.61931169,-1.906941166,-2.948777703,1,0,0,3,1,1,1,0
WINS.JK,2019Q2,29.12195646,41.94717712,26.15775644,18.06266035,-1.080997746,-1.714169939,0,1,0,3,1,0,0,0
WOMF.JK,2020Q2,29.75457021,569.1335627,27.14815917,-6.999440804,0.175077172,1.097457741,1,0,0,4,0,1,0,0
WOMF.JK,2019Q2,29.86433458,746.4143702,27.22072385,28.60457543,0.407565226,2.962394468,0,1,0,4,0,0,0,0
WOOD.JK,2020Q2,29.21368294,78.50519368,26.90640168,10.82465963,1.002514351,2.031848488,1,0,0,2,1,1,1,0
WOOD.JK,2019Q2,28.98868655,69.84435188,26.80362256,15.05378716,1.352118623,2.500573249,0,1,0,2,1,0,0,0
WSBP.JK,2020Q2,30.31354281,59.83279555,28.41983042,-4.161434739,0.655442005,1.362676868,1,0,0,1,1,1,1,0
WSBP.JK,2019Q2,30.31069783,59.67277148,28.46233544,88.46905839,1.920503914,3.569806279,0,1,0,1,1,0,0,0
WSKT.JK,2020Q2,32.4904643,373.1840927,29.79229704,-29.96464765,0.008520307,0.251532944,1,0,0,7,1,1,1,0
WSKT.JK,2019Q2,32.34211593,318.3127866,30.14846707,68.55522744,0.627664593,3.901638828,0,1,0,7,1,0,0,0
WTON.JK,2020Q2,29.81116999,82.77110793,27.92687714,-4.147006123,-0.400607199,-1.130183626,1,0,0,1,1,1,1,0
WTON.JK,2019Q2,29.63006223,57.82429389,27.96923162,10.69520111,1.084933854,3.158337834,0,1,0,1,1,0,0,0
YPAS.JK,2020Q2,26.43145231,94.85006493,25.1140735,-5.020258789,-1.160763592,-2.472546728,1,0,0,1,1,1,1,0
YPAS.JK,2019Q2,26.44237658,118.6714238,25.16558007,-1.143941391,-0.714192546,-1.91389745,0,1,0,1,1,0,0,0
ZINC.JK,2020Q2,27.89354952,45.59824899,26.16778683,24.03658396,1.825000628,3.292989112,1,0,0,1,1,1,1,0
ZINC.JK,2019Q2,27.55204738,27.45949306,25.95238046,100.4721962,4.004027402,7.852383399,0,1,0,1,1,0,0,0
