Stocks,Period,ROA,REV,TA,DER,IDX_IC,DiD_Period,DiD_Treatment
AALI.JK,2019Q2,0.05%, 4,293,587,000,000 , 27,161,831,000,000 ,29.81%,IDXNONCYC,0,0
AALI.JK,2020Q2,-0.38%, 4,284,933,000,000 , 27,381,270,000,000 ,30.21%,IDXNONCYC,1,0
ABBA.JK,2019Q2,0.20%, 60,229,603,540 , 518,345,276,090 ,38.54%,IDXCYCLIC,0,1
ABBA.JK,2020Q2,0.75%, 46,951,675,310 , 418,500,278,530 ,59.82%,IDXCYCLIC,1,1
ABMM.JK,2019Q2,0.87%, 2,062,717,408,050 , 11,653,440,472,050 ,135.95%,IDXINDUST,0,1
ABMM.JK,2020Q2,-1.13%, 2,636,419,213,000 , 14,505,051,335,000 ,161.44%,IDXINDUST,1,1
ADRO.JK,2019Q2,3.16%, 13,118,551,375,000 , 101,097,893,625,000 ,35.30%,IDXENERGY,0,1
ADRO.JK,2020Q2,0.22%, 8,684,682,800,000 , 94,212,033,440,000 ,45.29%,IDXENERGY,1,1
AGII.JK,2019Q2,-0.57%, 530,173,000,000 , 6,861,022,000,000 ,105.56%,IDXBASIC,0,0
AGII.JK,2020Q2,1.99%, 485,783,000,000 , 7,121,333,000,000 ,104.26%,IDXBASIC,1,0
AGRO.JK,2019Q2,-0.67%, 188,121,480,000 , 24,818,173,291,000 ,11.10%,IDXFINANCE,0,1
AGRO.JK,2020Q2,-0.03%, 143,254,094,000 , 26,183,539,077,000 ,11.94%,IDXFINANCE,1,1
AKKU.JK,2019Q2,2.16%, 94,782,966,490 , 1,074,466,192,090 ,32.32%,IDXCYCLIC,0,1
AKKU.JK,2020Q2,-1.61%, 18,863,251,140 , 936,699,355,700 ,12.06%,IDXCYCLIC,1,1
AKPI.JK,2019Q2,-0.63%, 547,135,321,000 , 2,921,446,561,000 ,90.01%,IDXBASIC,0,0
AKPI.JK,2020Q2,2.11%, 565,225,120,000 , 2,745,546,407,000 ,65.38%,IDXBASIC,1,0
AKRA.JK,2019Q2,2.32%, 4,676,760,261,000 , 19,043,081,481,000 ,58.29%,IDXENERGY,0,1
AKRA.JK,2020Q2,0.81%, 3,655,640,197,000 , 18,553,634,067,000 ,60.21%,IDXENERGY,1,1
AKSI.JK,2019Q2,0.17%, 99,189,730,130 , 275,005,973,290 ,107.45%,IDXTRANS,0,0
AKSI.JK,2020Q2,1.36%, 215,907,239,030 , 285,177,567,740 ,87.80%,IDXTRANS,1,0
ALDO.JK,2019Q2,-0.02%, 300,920,583,130 , 910,040,992,780 ,55.16%,IDXBASIC,0,0
ALDO.JK,2020Q2,-1.82%, 311,376,412,460 , 938,793,481,070 ,41.06%,IDXBASIC,1,0
ALMI.JK,2019Q2,-1.80%, 1,046,493,646,660 , 2,781,666,374,020 ,440.03%,IDXBASIC,0,0
ALMI.JK,2020Q2,1.65%, 232,980,009,350 , 1,725,649,624,880 ,69485.92%,IDXBASIC,1,0
ALTO.JK,2019Q2,0.26%, 81,286,005,780 , 1,109,843,522,340 ,92.00%,IDXNONCYC,0,0
ALTO.JK,2020Q2,0.70%, 104,423,261,090 , 1,103,450,087,160 ,33.27%,IDXNONCYC,1,0
AMAR.JK,2019Q2,0.43%, 131,160,661,000 , 2,727,941,167,000 ,1.26%,IDXFINANCE,0,1
AMAR.JK,2020Q2,0.61%, 162,852,535,000 , 3,118,200,805,000 ,2.79%,IDXFINANCE,1,1
AMFG.JK,2019Q2,-3.11%, 996,671,000,000 , 8,729,605,000,000 ,104.83%,IDXINDUST,0,1
AMFG.JK,2020Q2,2.05%, 1,056,173,000,000 , 8,735,714,000,000 ,167.07%,IDXINDUST,1,1
AMIN.JK,2019Q2,0.13%, 68,686,724,500 , 403,593,817,620 ,64.67%,IDXINDUST,0,1
AMIN.JK,2020Q2,-0.72%, 49,028,247,530 , 412,884,895,480 ,58.19%,IDXINDUST,1,1
AMRT.JK,2019Q2,4.50%, 16,715,711,000,000 , 23,135,158,000,000 ,77.25%,IDXNONCYC,0,0
AMRT.JK,2020Q2,0.43%, 19,334,788,000,000 , 30,178,869,000,000 ,103.16%,IDXNONCYC,1,0
ANDI.JK,2019Q2,0.40%, 70,989,390,720 , 521,500,464,750 ,92.35%,IDXNONCYC,0,0
ANDI.JK,2020Q2,0.92%, 86,288,884,040 , 510,419,241,060 ,71.36%,IDXNONCYC,1,0
ANJT.JK,2019Q2,-0.69%, 432,958,511,250 , 8,622,599,046,250 ,50.45%,IDXNONCYC,0,0
ANJT.JK,2020Q2,-0.65%, 508,533,369,600 , 8,773,682,010,200 ,50.70%,IDXNONCYC,1,0
ANTM.JK,2019Q2,1.82%, 8,207,075,932,000 , 33,566,765,371,000 ,53.88%,IDXBASIC,0,0
ANTM.JK,2020Q2,1.68%, 4,023,564,555,000 , 30,033,248,781,000 ,45.53%,IDXBASIC,1,0
APEX.JK,2019Q2,-2.57%, 319,147,312,500 , 7,092,703,770,000 ,572.14%,IDXENERGY,0,1
APEX.JK,2020Q2,-0.65%, 247,685,605,000 , 6,966,617,551,200 ,726.11%,IDXENERGY,1,1
APIC.JK,2019Q2,3.31%, 180,599,379,060 , 2,896,589,814,280 ,26.87%,IDXFINANCE,0,1
APIC.JK,2020Q2,1.99%, 643,708,219,260 , 3,652,947,899,750 ,29.97%,IDXFINANCE,1,1
APII.JK,2019Q2,0.67%, 54,665,533,760 , 460,513,852,940 ,40.58%,IDXINDUST,0,1
APII.JK,2020Q2,1.26%, 56,008,363,170 , 506,048,861,390 ,40.68%,IDXINDUST,1,1
APLI.JK,2019Q2,-1.57%, 124,004,157,510 , 503,177,499,110 ,97.29%,IDXBASIC,0,0
APLI.JK,2020Q2,0.62%, 101,930,921,310 , 419,264,529,450 ,69.36%,IDXBASIC,1,0
ARII.JK,2019Q2,-0.87%, 164,751,875,000 , 5,032,184,375,000 ,686.36%,IDXENERGY,0,1
ARII.JK,2020Q2,-4.82%, 212,128,040,000 , 5,051,653,760,000 ,227.07%,IDXENERGY,1,1
ARMY.JK,2019Q2,0.14%, 13,619,968,790 , 1,641,913,647,030 ,2.33%,IDXPROPERT,0,0
ARMY.JK,2020Q2,4.75%, 3,761,413,810 , 1,855,002,960,140 ,12.34%,IDXPROPERT,1,0
ARNA.JK,2019Q2,-0.14%, 485,540,912,400 , 1,634,687,672,230 ,2.10%,IDXINDUST,0,1
ARNA.JK,2020Q2,0.71%, 412,064,592,170 , 1,715,197,162,410 ,5.90%,IDXINDUST,1,1
ARTI.JK,2019Q2,0.11%, 45,456,174,820 , 2,722,592,932,410 ,47.96%,IDXENERGY,0,1
ARTI.JK,2020Q2,0.62%, 29,721,262,190 , 1,785,484,025,750 ,60.02%,IDXENERGY,1,1
ASBI.JK,2019Q2,-2.55%, 65,402,456,000 , 845,468,437,000 ,4.88%,IDXFINANCE,0,1
ASBI.JK,2020Q2,0.73%, 73,583,001,000 , 895,083,544,000 ,3.93%,IDXFINANCE,1,1
ASDM.JK,2019Q2,0.47%, 57,779,026,000 , 1,473,361,458,000 ,4.29%,IDXFINANCE,0,1
ASDM.JK,2020Q2,0.55%, 39,452,493,000 , 1,341,805,883,000 ,4.60%,IDXFINANCE,1,1
ASGR.JK,2019Q2,1.18%, 827,530,000,000 , 2,286,445,000,000 ,3.46%,IDXINDUST,0,1
ASGR.JK,2020Q2,-2.77%, 742,608,000,000 , 2,596,901,000,000 ,17.60%,IDXINDUST,1,1
ASII.JK,2019Q2,-4.67%, 56,575,000,000,000 , 350,288,000,000,000 ,66.51%,IDXINDUST,0,1
ASII.JK,2020Q2,0.83%, 35,793,000,000,000 , 343,674,000,000,000 ,57.01%,IDXINDUST,1,1
ASRI.JK,2019Q2,1.08%, 597,980,285,000 , 21,595,907,120,000 ,85.27%,IDXPROPERT,0,0
ASRI.JK,2020Q2,3.18%, 619,475,831,000 , 21,431,234,874,000 ,79.79%,IDXPROPERT,1,0
ASRM.JK,2019Q2,0.87%, 311,921,613,910 , 1,572,842,281,250 ,15.24%,IDXFINANCE,0,1
ASRM.JK,2020Q2,3.57%, 375,335,371,420 , 1,724,239,082,690 ,13.97%,IDXFINANCE,1,1
ATIC.JK,2019Q2,0.03%, 1,394,118,076,740 , 3,846,503,293,990 ,373.20%,IDXTECHNO,0,1
ATIC.JK,2020Q2,1.07%, 1,124,708,949,110 , 4,288,886,335,920 ,384.74%,IDXTECHNO,1,1
AUTO.JK,2019Q2,1.01%, 3,644,929,000,000 , 15,947,312,000,000 ,10.22%,IDXCYCLIC,0,1
AUTO.JK,2020Q2,3.78%, 1,811,110,000,000 , 15,251,846,000,000 ,12.74%,IDXCYCLIC,1,1
BAJA.JK,2019Q2,-1.82%, 181,424,863,290 , 776,722,424,630 ,257.66%,IDXBASIC,0,0
BAJA.JK,2020Q2,-6.84%, 241,152,473,390 , 776,321,312,840 ,283.35%,IDXBASIC,1,0
BALI.JK,2019Q2,0.30%, 153,528,085,110 , 3,839,105,222,790 ,80.88%,IDXINFRA,0,1
BALI.JK,2020Q2,-9.27%, 191,637,671,260 , 4,418,440,530,550 ,93.85%,IDXINFRA,1,1
BATA.JK,2019Q2,0.67%, 222,904,348,000 , 876,856,225,000 ,3.14%,IDXCYCLIC,0,1
BATA.JK,2020Q2,3.68%, 202,506,578,000 , 863,146,554,000 ,4.29%,IDXCYCLIC,1,1
BBCA.JK,2019Q2,3.05%, 17,552,052,000,000 , 870,457,083,000,000 ,1.60%,IDXFINANCE,0,1
BBCA.JK,2020Q2,0.73%, 18,514,876,000,000 , 975,076,433,000,000 ,1.29%,IDXFINANCE,1,1
BBKP.JK,2019Q2,1.58%, 781,277,000,000 , 97,745,326,000,000 ,57.11%,IDXFINANCE,0,1
BBKP.JK,2020Q2,1.71%, 599,646,000,000 , 87,211,424,000,000 ,114.98%,IDXFINANCE,1,1
BBLD.JK,2019Q2,0.91%, 197,719,000,000 , 5,132,067,000,000 ,320.54%,IDXFINANCE,0,1
BBLD.JK,2020Q2,0.50%, 198,720,000,000 , 5,012,771,000,000 ,308.63%,IDXFINANCE,1,1
BBNI.JK,2019Q2,1.05%, 13,332,545,000,000 , 843,214,400,000,000 ,68.74%,IDXFINANCE,0,1
BBNI.JK,2020Q2,0.56%, 12,462,187,000,000 , 880,123,799,000,000 ,51.21%,IDXFINANCE,1,1
BBRI.JK,2019Q2,0.69%, 27,199,398,000,000 , 1,288,195,552,000,000 ,61.51%,IDXFINANCE,0,1
BBRI.JK,2020Q2,0.52%, 21,310,620,000,000 , 1,387,759,264,000,000 ,55.02%,IDXFINANCE,1,1
BBRM.JK,2019Q2,3.42%, 62,138,194,950 , 1,195,091,311,050 ,250.55%,IDXENERGY,0,1
BBRM.JK,2020Q2,-2.74%, 56,273,631,000 , 1,217,037,381,000 ,295.26%,IDXENERGY,1,1
BBTN.JK,2019Q2,-5.42%, 2,746,415,000,000 , 312,474,892,000,000 ,260.51%,IDXFINANCE,0,1
BBTN.JK,2020Q2,56.85%, 2,784,276,000,000 , 314,602,871,000,000 ,426.49%,IDXFINANCE,1,1
BBYB.JK,2019Q2,-0.35%, 68,116,286,620 , 4,810,523,401,660 ,0.39%,IDXFINANCE,0,1
BBYB.JK,2020Q2,5.15%, 57,762,991,160 , 4,846,528,413,830 ,1.73%,IDXFINANCE,1,1
BCAP.JK,2019Q2,1.16%, 716,993,000,000 , 18,762,724,000,000 ,45.18%,IDXFINANCE,0,1
BCAP.JK,2020Q2,1.26%, 699,434,000,000 , 18,385,005,000,000 ,38.86%,IDXFINANCE,1,1
BCIC.JK,2019Q2,1.42%, 53,537,000,000 , 17,963,452,000,000 ,62.62%,IDXFINANCE,0,1
BCIC.JK,2020Q2,0.98%, 125,188,000,000 , 19,501,696,000,000 ,28.38%,IDXFINANCE,1,1
BCIP.JK,2019Q2,-0.48%, 41,393,332,680 , 849,799,701,090 ,23.37%,IDXPROPERT,0,0
BCIP.JK,2020Q2,0.86%, 18,356,515,250 , 867,065,425,450 ,21.69%,IDXPROPERT,1,0
BDMN.JK,2019Q2,1.05%, 4,482,513,000,000 , 198,590,103,000,000 ,58.62%,IDXFINANCE,0,1
BDMN.JK,2020Q2,1.28%, 5,271,743,000,000 , 194,440,995,000,000 ,49.72%,IDXFINANCE,1,1
BEEF.JK,2019Q2,0.21%, 254,078,000,930 , 564,697,027,440 ,119.92%,IDXNONCYC,0,0
BEEF.JK,2020Q2,2.18%, 413,169,607,560 , 924,849,879,460 ,73.01%,IDXNONCYC,1,0
BELL.JK,2019Q2,0.55%, 153,075,476,390 , 553,300,074,850 ,72.89%,IDXCYCLIC,0,1
BELL.JK,2020Q2,1.49%, 143,281,040,010 , 655,208,170,500 ,98.59%,IDXCYCLIC,1,1
BEST.JK,2019Q2,0.49%, 123,774,028,430 , 6,271,904,604,230 ,45.14%,IDXPROPERT,0,0
BEST.JK,2020Q2,1.21%, 100,413,106,630 , 6,395,256,790,730 ,41.28%,IDXPROPERT,1,0
BFIN.JK,2019Q2,0.55%, 1,233,334,000,000 , 18,369,144,000,000 ,187.17%,IDXFINANCE,0,1
BFIN.JK,2020Q2,1.00%, 1,040,258,000,000 , 17,285,051,000,000 ,166.58%,IDXFINANCE,1,1
BHIT.JK,2019Q2,0.29%, 3,873,540,000,000 , 56,421,973,000,000 ,225.36%,IDXINDUST,0,1
BHIT.JK,2020Q2,1.43%, 4,074,998,000,000 , 57,613,499,000,000 ,172.21%,IDXINDUST,1,1
BIPP.JK,2019Q2,0.40%, 34,481,773,730 , 2,063,247,282,900 ,49.14%,IDXPROPERT,0,0
BIPP.JK,2020Q2,0.73%, 184,561,088,540 , 2,182,353,598,250 ,55.43%,IDXPROPERT,1,0
BIRD.JK,2019Q2,-0.37%, 938,099,000,000 , 7,086,504,000,000 ,15.31%,IDXTRANS,0,0
BIRD.JK,2020Q2,2.27%, 266,185,000,000 , 7,630,135,000,000 ,23.34%,IDXTRANS,1,0
BISI.JK,2019Q2,0.04%, 432,810,000,000 , 2,674,293,000,000 ,10.48%,IDXNONCYC,0,0
BISI.JK,2020Q2,0.74%, 488,997,000,000 , 2,800,977,000,000 ,0.04%,IDXNONCYC,1,0
BJBR.JK,2019Q2,0.58%, 1,703,119,000,000 , 120,700,455,000,000 ,105.13%,IDXFINANCE,0,1
BJBR.JK,2020Q2,-1.71%, 1,812,342,000,000 , 125,319,643,000,000 ,133.36%,IDXFINANCE,1,1
BJTM.JK,2019Q2,0.40%, 1,099,448,000,000 , 68,951,774,000,000 ,7.98%,IDXFINANCE,0,1
BJTM.JK,2020Q2,0.10%, 1,075,076,000,000 , 75,240,142,000,000 ,6.61%,IDXFINANCE,1,1
BKSL.JK,2019Q2,0.31%, 515,640,547,980 , 16,252,732,184,210 ,20.56%,IDXPROPERT,0,0
BKSL.JK,2020Q2,0.94%, 410,509,012,720 , 17,275,272,609,210 ,30.79%,IDXPROPERT,1,0
BLTA.JK,2019Q2,1.73%, 97,666,050,000 , 1,025,635,118,750 ,115.80%,IDXTRANS,0,0
BLTA.JK,2020Q2,1.33%, 62,621,285,600 , 935,687,304,400 ,94.21%,IDXTRANS,1,0
BLTZ.JK,2019Q2,2.02%, 292,256,501,000 , 1,762,662,662,000 ,27.49%,IDXCYCLIC,0,1
BLTZ.JK,2020Q2,6.91%, 254,519,725,000 , 2,965,320,499,000 ,127.84%,IDXCYCLIC,1,1
BMRI.JK,2019Q2,2.26%, 23,370,010,000,000 , 1,235,627,826,000,000 ,96.32%,IDXFINANCE,0,1
BMRI.JK,2020Q2,0.88%, 21,757,982,000,000 , 1,359,441,443,000,000 ,104.95%,IDXFINANCE,1,1
BMSR.JK,2019Q2,1.13%, 791,356,985,200 , 559,039,833,870 ,159.16%,IDXBASIC,0,0
BMSR.JK,2020Q2,1.43%, 705,356,670,790 , 756,984,166,790 ,174.95%,IDXBASIC,1,0
BNBR.JK,2019Q2,0.17%, 754,091,000,000 , 14,445,209,000,000 ,78.94%,IDXINDUST,0,1
BNBR.JK,2020Q2,-8.45%, 555,315,000,000 , 15,128,154,000,000 ,98.99%,IDXINDUST,1,1
BNGA.JK,2019Q2,-0.44%, 4,236,577,000,000 , 271,859,622,000,000 ,43.91%,IDXFINANCE,0,1
BNGA.JK,2020Q2,-1.09%, 4,799,112,000,000 , 274,419,467,000,000 ,31.67%,IDXFINANCE,1,1
BNII.JK,2019Q2,-0.13%, 2,642,903,000,000 , 183,638,683,000,000 ,87.48%,IDXFINANCE,0,1
BNII.JK,2020Q2,7.63%, 2,483,624,000,000 , 164,121,476,000,000 ,74.49%,IDXFINANCE,1,1
BOGA.JK,2019Q2,2.42%, 225,944,781,650 , 571,901,434,750 ,16.61%,IDXCYCLIC,0,1
BOGA.JK,2020Q2,8.75%, 244,229,865,140 , 579,936,011,160 ,16.03%,IDXCYCLIC,1,1
BOSS.JK,2019Q2,1.26%, 89,180,390,880 , 536,867,715,740 ,12.07%,IDXENERGY,0,1
BOSS.JK,2020Q2,0.56%, 81,754,071,670 , 871,638,982,200 ,104.91%,IDXENERGY,1,1
BPFI.JK,2019Q2,0.16%, 104,273,572,820 , 1,757,788,605,630 ,111.93%,IDXFINANCE,0,1
BPFI.JK,2020Q2,2.21%, 89,520,770,040 , 1,613,581,425,620 ,87.16%,IDXFINANCE,1,1
BPII.JK,2019Q2,-2.00%, 224,594,854,560 , 2,695,963,049,760 ,146.26%,IDXFINANCE,0,1
BPII.JK,2020Q2,0.16%, 206,848,880,290 , 2,423,830,236,840 ,103.47%,IDXFINANCE,1,1
BPTR.JK,2019Q2,0.32%, 40,201,006,280 , 534,718,173,090 ,137.38%,IDXTRANS,0,0
BPTR.JK,2020Q2,-0.95%, 39,401,078,620 , 517,981,219,740 ,117.30%,IDXTRANS,1,0
BRAM.JK,2019Q2,0.08%, 943,242,417,000 , 4,402,975,749,900 ,7.70%,IDXCYCLIC,0,1
BRAM.JK,2020Q2,-0.84%, 775,013,818,000 , 4,509,634,121,000 ,7.30%,IDXCYCLIC,1,1
BRMS.JK,2019Q2,0.10%, 24,012,500,000 , 9,782,309,995,000 ,16.60%,IDXBASIC,0,0
BRMS.JK,2020Q2,0.38%, 22,098,962,800 , 10,205,126,777,200 ,9.04%,IDXBASIC,1,0
BRNA.JK,2019Q2,0.01%, 325,783,272,000 , 2,461,326,183,000 ,83.89%,IDXBASIC,0,0
BRNA.JK,2020Q2,-10.97%, 268,385,917,000 , 2,263,112,918,000 ,98.43%,IDXBASIC,1,0
BRPT.JK,2019Q2,0.06%, 8,800,623,625,000 , 98,694,143,500,000 ,225.32%,IDXBASIC,0,0
BRPT.JK,2020Q2,-2.29%, 7,025,551,900,000 , 101,762,075,180,000 ,209.59%,IDXBASIC,1,0
BSDE.JK,2019Q2,2.90%, 1,971,775,711,240 , 53,306,109,945,070 ,47.09%,IDXPROPERT,0,0
BSDE.JK,2020Q2,-0.21%, 842,007,480,910 , 60,411,848,311,460 ,59.48%,IDXPROPERT,1,0
BSIM.JK,2019Q2,0.17%, 1,046,533,000,000 , 36,995,880,000,000 ,65.93%,IDXFINANCE,0,1
BSIM.JK,2020Q2,-0.06%, 851,327,000,000 , 37,302,453,000,000 ,70.14%,IDXFINANCE,1,1
BTEK.JK,2019Q2,1.54%, 248,034,270,070 , 5,165,236,468,710 ,97.06%,IDXNONCYC,0,0
BTEK.JK,2020Q2,-1.89%, 188,334,526,290 , 4,975,248,130,340 ,99.01%,IDXNONCYC,1,0
BTPN.JK,2019Q2,0.04%, 3,239,233,000,000 , 186,691,326,000,000 ,150.35%,IDXFINANCE,0,1
BTPN.JK,2020Q2,-2.32%, 2,932,611,000,000 , 185,190,624,000,000 ,153.01%,IDXFINANCE,1,1
BTPS.JK,2019Q2,0.98%, 951,353,000,000 , 13,942,073,000,000 ,0.42%,IDXFINANCE,0,1
BTPS.JK,2020Q2,-0.31%, 629,575,000,000 , 15,272,172,000,000 ,2.44%,IDXFINANCE,1,1
BUDI.JK,2019Q2,0.31%, 577,364,000,000 , 3,114,499,000,000 ,117.66%,IDXNONCYC,0,0
BUDI.JK,2020Q2,-2.43%, 476,860,000,000 , 2,914,295,000,000 ,96.71%,IDXNONCYC,1,0
BUKK.JK,2019Q2,0.13%, 1,246,780,579,000 , 4,631,503,605,000 ,35.35%,IDXINFRA,0,1
BUKK.JK,2020Q2,2.40%, 1,022,989,871,000 , 4,807,822,517,000 ,36.83%,IDXINFRA,1,1
BUVA.JK,2019Q2,0.05%, 134,199,272,710 , 4,106,726,921,090 ,76.00%,IDXCYCLIC,0,1
BUVA.JK,2020Q2,0.53%, 162,262,003,690 , 4,190,493,064,380 ,75.76%,IDXCYCLIC,1,1
BWPT.JK,2019Q2,-0.06%, 637,996,000,000 , 16,204,070,000,000 ,158.24%,IDXNONCYC,0,0
BWPT.JK,2020Q2,-3.23%, 738,429,000,000 , 15,743,589,000,000 ,207.10%,IDXNONCYC,1,0
BYAN.JK,2019Q2,0.04%, 6,965,887,825,000 , 19,647,693,635,000 ,38.22%,IDXENERGY,0,1
BYAN.JK,2020Q2,4.94%, 5,238,688,410,800 , 19,667,092,374,600 ,67.07%,IDXENERGY,1,1
CAKK.JK,2019Q2,0.26%, 63,097,614,170 , 318,026,517,540 ,5.11%,IDXINDUST,0,1
CAKK.JK,2020Q2,9.57%, 27,605,778,110 , 307,011,260,450 ,17.35%,IDXINDUST,1,1
CARS.JK,2019Q2,2.10%, 2,105,445,803,180 , 9,149,124,651,840 ,414.37%,IDXCYCLIC,0,1
CARS.JK,2020Q2,0.05%, 1,949,969,107,110 , 7,771,387,262,640 ,354.35%,IDXCYCLIC,1,1
CENT.JK,2019Q2,0.03%, 201,604,000,000 , 5,511,566,000,000 ,64.86%,IDXINFRA,0,1
CENT.JK,2020Q2,-0.22%, 287,570,000,000 , 8,028,755,000,000 ,153.10%,IDXINFRA,1,1
CFIN.JK,2019Q2,0.02%, 539,428,894,000 , 12,143,223,223,000 ,160.77%,IDXFINANCE,0,1
CFIN.JK,2020Q2,-0.73%, 422,226,220,000 , 11,155,216,433,000 ,125.71%,IDXFINANCE,1,1
CINT.JK,2019Q2,-0.12%, 78,214,154,190 , 481,151,834,510 ,10.47%,IDXCYCLIC,0,1
CINT.JK,2020Q2,-0.89%, 65,322,195,540 , 517,640,079,040 ,15.35%,IDXCYCLIC,1,1
CITA.JK,2019Q2,0.11%, 894,499,496,610 , 3,431,224,284,200 ,70.83%,IDXBASIC,0,0
CITA.JK,2020Q2,0.83%, 1,276,211,653,510 , 4,844,772,165,650 ,12.72%,IDXBASIC,1,0
CLAY.JK,2019Q2,0.19%, 37,659,493,940 , 680,873,398,780 ,186.32%,IDXCYCLIC,0,1
CLAY.JK,2020Q2,3.35%, 32,321,582,040 , 649,745,790,600 ,192.58%,IDXCYCLIC,1,1
CLEO.JK,2019Q2,1.99%, 268,437,666,140 , 1,066,187,702,500 ,24.69%,IDXNONCYC,0,0
CLEO.JK,2020Q2,0.20%, 222,418,583,410 , 1,339,700,022,810 ,42.85%,IDXNONCYC,1,0
CLPI.JK,2019Q2,0.21%, 210,084,659,030 , 679,923,835,860 ,23.34%,IDXBASIC,0,0
CLPI.JK,2020Q2,2.95%, 208,503,647,920 , 712,008,839,090 ,22.54%,IDXBASIC,1,0
CMNP.JK,2019Q2,0.26%, 1,611,225,527,010 , 13,448,976,856,080 ,78.03%,IDXINFRA,0,1
CMNP.JK,2020Q2,0.44%, 1,132,191,652,150 , 15,453,514,716,140 ,84.55%,IDXINFRA,1,1
COCO.JK,2019Q2,0.05%, 42,505,156,680 , 162,749,739,570 ,191.99%,IDXNONCYC,0,0
COCO.JK,2020Q2,0.01%, 65,642,924,010 , 250,442,587,740 ,83.01%,IDXNONCYC,1,0
COWL.JK,2019Q2,-0.81%, 118,159,986,710 , 3,578,766,164,670 ,168.81%,IDXPROPERT,0,0
COWL.JK,2020Q2,-0.59%, 76,431,839,300 , 3,733,012,257,460 ,214.31%,IDXPROPERT,1,0
CPIN.JK,2019Q2,-1.58%, 14,572,508,000,000 , 27,645,118,000,000 ,22.97%,IDXNONCYC,0,0
CPIN.JK,2020Q2,-0.49%, 14,735,128,000,000 , 29,353,041,000,000 ,23.97%,IDXNONCYC,1,0
CPRO.JK,2019Q2,-1.32%, 1,807,436,000,000 , 6,572,440,000,000 ,581.49%,IDXNONCYC,0,0
CPRO.JK,2020Q2,0.93%, 1,665,620,000,000 , 6,000,259,000,000 ,1203.35%,IDXNONCYC,1,0
CSAP.JK,2019Q2,-3.01%, 2,867,098,589,000 , 5,918,589,777,000 ,88.12%,IDXCYCLIC,0,1
CSAP.JK,2020Q2,0.00%, 3,106,329,089,000 , 7,086,047,967,000 ,98.12%,IDXCYCLIC,1,1
CSIS.JK,2019Q2,1.73%, 14,060,339,600 , 404,491,423,670 ,75.84%,IDXPROPERT,0,0
CSIS.JK,2020Q2,0.04%, 41,653,464,370 , 472,484,542,690 ,13.44%,IDXPROPERT,1,0
CTBN.JK,2019Q2,-1.19%, 384,352,832,500 , 2,300,176,161,250 ,2.35%,IDXBASIC,0,0
CTBN.JK,2020Q2,-0.42%, 544,485,483,400 , 1,974,491,973,000 ,2.37%,IDXBASIC,1,0
CTRA.JK,2019Q2,-0.76%, 1,498,686,000,000 , 35,076,644,000,000 ,60.65%,IDXPROPERT,0,0
CTRA.JK,2020Q2,0.23%, 1,294,625,000,000 , 37,884,189,000,000 ,62.39%,IDXPROPERT,1,0
CTTH.JK,2019Q2,-1.79%, 72,714,945,600 , 732,375,700,320 ,87.74%,IDXINDUST,0,1
CTTH.JK,2020Q2,0.04%, 25,875,324,050 , 742,302,791,890 ,99.56%,IDXINDUST,1,1
DART.JK,2019Q2,0.53%, 103,750,627,000 , 7,015,767,682,000 ,86.03%,IDXPROPERT,0,0
DART.JK,2020Q2,-0.15%, 104,543,585,000 , 6,758,737,654,000 ,97.39%,IDXPROPERT,1,0
DAYA.JK,2019Q2,-1.16%, 268,680,071,000 , 619,049,695,000 ,98.23%,IDXNONCYC,0,0
DAYA.JK,2020Q2,4.14%, 158,386,180,000 , 689,702,206,000 ,171.87%,IDXNONCYC,1,0
DEWA.JK,2019Q2,0.36%, 1,253,917,306,250 , 5,967,039,931,250 ,7.86%,IDXENERGY,0,1
DEWA.JK,2020Q2,1.28%, 1,481,277,070,000 , 7,627,318,168,000 ,52.36%,IDXENERGY,1,1
DFAM.JK,2019Q2,2.68%, 35,085,599,660 , 334,039,199,080 ,261.29%,IDXCYCLIC,0,1
DFAM.JK,2020Q2,-6.28%, 30,003,989,530 , 324,806,144,620 ,191.51%,IDXCYCLIC,1,1
DILD.JK,2019Q2,0.20%, 887,619,283,360 , 14,116,380,888,460 ,86.42%,IDXPROPERT,0,0
DILD.JK,2020Q2,0.75%, 830,559,696,070 , 15,927,785,950,920 ,96.45%,IDXPROPERT,1,0
DKFT.JK,2019Q2,0.14%, 165,218,713,830 , 2,656,465,232,390 ,98.69%,IDXBASIC,0,0
DKFT.JK,2020Q2,1.35%, 80,380,346,280 , 2,655,274,236,530 ,104.77%,IDXBASIC,1,0
DNET.JK,2019Q2,0.88%, 34,788,147,940 , 14,527,983,724,290 ,59.11%,IDXFINANCE,0,1
DNET.JK,2020Q2,0.17%, 101,750,772,660 , 15,484,342,922,490 ,63.04%,IDXFINANCE,1,1
DOID.JK,2019Q2,1.52%, 3,664,832,793,750 , 17,021,361,456,250 ,265.90%,IDXENERGY,0,1
DOID.JK,2020Q2,0.54%, 2,657,647,183,200 , 16,404,927,317,200 ,250.37%,IDXENERGY,1,1
DSFI.JK,2019Q2,2.91%, 162,476,820,610 , 395,830,627,040 ,59.24%,IDXNONCYC,0,0
DSFI.JK,2020Q2,2.87%, 104,923,810,890 , 396,237,397,090 ,46.61%,IDXNONCYC,1,0
DSNG.JK,2019Q2,0.05%, 1,211,357,000,000 , 11,295,607,000,000 ,178.82%,IDXNONCYC,0,0
DSNG.JK,2020Q2,-0.95%, 1,560,110,000,000 , 11,709,863,000,000 ,166.44%,IDXNONCYC,1,0
DSSA.JK,2019Q2,0.20%, 6,403,424,428,050 , 50,907,438,176,400 ,86.98%,IDXENERGY,0,1
DSSA.JK,2020Q2,0.74%, 6,790,364,840,000 , 57,973,394,837,000 ,96.77%,IDXENERGY,1,1
DUTI.JK,2019Q2,0.50%, 661,922,808,630 , 13,008,192,571,630 ,4.57%,IDXPROPERT,0,0
DUTI.JK,2020Q2,2.10%, 332,564,860,330 , 13,848,012,503,290 ,0.04%,IDXPROPERT,1,0
DVLA.JK,2019Q2,1.14%, 481,636,705,000 , 1,817,921,988,000 ,3.56%,IDXHEALTH,0,1
DVLA.JK,2020Q2,3.91%, 483,529,555,000 , 1,933,878,892,000 ,0.28%,IDXHEALTH,1,1
DYAN.JK,2019Q2,2.46%, 128,887,024,100 , 1,187,493,253,560 ,19.18%,IDXINDUST,0,1
DYAN.JK,2020Q2,1.73%, 123,248,236,340 , 1,197,627,425,570 ,19.37%,IDXINDUST,1,1
ECII.JK,2019Q2,-0.91%, 549,311,058,910 , 1,751,622,687,180 ,0.29%,IDXCYCLIC,0,1
ECII.JK,2020Q2,-2.54%, 415,029,198,010 , 1,845,324,374,750 ,0.35%,IDXCYCLIC,1,1
EKAD.JK,2019Q2,0.54%, 173,753,411,100 , 848,703,528,680 ,5.20%,IDXBASIC,0,0
EKAD.JK,2020Q2,2.61%, 144,796,331,120 , 983,508,727,500 ,2.21%,IDXBASIC,1,0
ELSA.JK,2019Q2,-0.54%, 1,869,058,000,000 , 6,068,089,000,000 ,34.08%,IDXENERGY,0,1
ELSA.JK,2020Q2,2.61%, 1,840,672,000,000 , 7,022,422,000,000 ,36.82%,IDXENERGY,1,1
ELTY.JK,2019Q2,1.06%, 294,850,299,770 , 13,606,180,006,240 ,19.81%,IDXPROPERT,0,0
ELTY.JK,2020Q2,1.61%, 248,593,573,990 , 12,329,520,357,730 ,20.26%,IDXPROPERT,1,0
EMTK.JK,2019Q2,0.70%, 2,757,942,701,000 , 17,921,927,309,000 ,5.83%,IDXINDUST,0,1
EMTK.JK,2020Q2,11.62%, 2,702,508,259,000 , 17,336,493,116,000 ,35.39%,IDXINDUST,1,1
ENRG.JK,2019Q2,-0.24%, 748,240,283,700 , 10,800,667,031,700 ,131.00%,IDXENERGY,0,1
ENRG.JK,2020Q2,2.76%, 1,298,431,594,000 , 10,810,998,146,000 ,67.59%,IDXENERGY,1,1
EPMT.JK,2019Q2,1.02%, 5,896,954,977,650 , 7,977,316,930,700 ,0.80%,IDXNONCYC,0,0
EPMT.JK,2020Q2,0.74%, 5,927,589,679,760 , 8,353,666,731,890 ,1.42%,IDXNONCYC,1,0
ERAA.JK,2019Q2,0.05%, 8,305,191,483,000 , 11,140,089,595,000 ,66.02%,IDXCYCLIC,0,1
ERAA.JK,2020Q2,-2.41%, 6,656,222,916,000 , 9,063,284,429,000 ,23.70%,IDXCYCLIC,1,1
ERTX.JK,2019Q2,0.39%, 321,057,575,000 , 899,671,593,750 ,131.05%,IDXCYCLIC,0,1
ERTX.JK,2020Q2,2.14%, 338,218,956,800 , 991,350,823,600 ,133.02%,IDXCYCLIC,1,1
ESSA.JK,2019Q2,0.15%, 830,880,242,500 , 13,161,845,206,250 ,260.14%,IDXBASIC,0,0
ESSA.JK,2020Q2,2.08%, 465,719,695,600 , 12,147,318,979,000 ,266.23%,IDXBASIC,1,0
ESTI.JK,2019Q2,-0.29%, 110,010,215,250 , 898,564,730,700 ,141.20%,IDXCYCLIC,0,1
ESTI.JK,2020Q2,-2.10%, 128,347,667,000 , 942,049,209,000 ,188.38%,IDXCYCLIC,1,1
EXCL.JK,2019Q2,-0.01%, 6,289,605,000,000 , 58,378,629,000,000 ,131.49%,IDXINFRA,0,1
EXCL.JK,2020Q2,-1.06%, 6,585,009,000,000 , 69,654,912,000,000 ,158.04%,IDXINFRA,1,1
FAST.JK,2019Q2,0.09%, 1,577,687,983,000 , 2,989,693,223,000 ,13.53%,IDXCYCLIC,0,1
FAST.JK,2020Q2,-0.79%, 1,693,262,309,000 , 3,404,685,424,000 ,12.93%,IDXCYCLIC,1,1
FASW.JK,2019Q2,0.05%, 1,935,669,987,050 , 10,864,591,258,330 ,98.90%,IDXBASIC,0,0
FASW.JK,2020Q2,-0.21%, 1,749,789,937,460 , 11,091,179,164,160 ,110.96%,IDXBASIC,1,0
FIRE.JK,2019Q2,0.03%, 226,064,751,390 , 565,666,559,870 ,46.81%,IDXENERGY,0,1
FIRE.JK,2020Q2,-5.83%, 275,444,982,740 , 585,808,964,020 ,45.18%,IDXENERGY,1,1
FISH.JK,2019Q2,0.12%, 3,585,207,455,700 , 5,205,696,367,950 ,106.89%,IDXNONCYC,0,0
FISH.JK,2020Q2,0.50%, 4,225,016,887,000 , 6,272,719,546,000 ,100.02%,IDXNONCYC,1,0
FMII.JK,2019Q2,0.05%, 9,894,611,820 , 940,955,391,340 ,33.75%,IDXPROPERT,0,0
FMII.JK,2020Q2,-0.80%, 28,957,621,920 , 891,866,986,270 ,32.35%,IDXPROPERT,1,0
FOOD.JK,2019Q2,0.31%, 30,101,899,320 , 126,697,833,400 ,64.92%,IDXNONCYC,0,0
FOOD.JK,2020Q2,2.33%, 35,092,847,460 , 118,586,648,950 ,29.98%,IDXNONCYC,1,0
FORZ.JK,2019Q2,-1.24%, 18,273,540,560 , 708,089,333,730 ,97.84%,IDXPROPERT,0,0
FORZ.JK,2020Q2,2.89%, 50,000,000,000 , 725,628,430,820 ,47.41%,IDXPROPERT,1,0
FREN.JK,2019Q2,3.92%, 1,410,550,543,790 , 25,439,139,578,510 ,70.68%,IDXINFRA,0,1
FREN.JK,2020Q2,2.50%, 1,995,844,457,540 , 33,088,999,644,450 ,139.37%,IDXINFRA,1,1
GAMA.JK,2019Q2,0.34%, 8,830,212,110 , 1,372,352,219,090 ,20.08%,IDXPROPERT,0,0
GAMA.JK,2020Q2,-0.01%, 28,117,652,430 , 1,388,656,626,700 ,20.01%,IDXPROPERT,1,0
GDYR.JK,2019Q2,4.61%, 452,744,952,500 , 1,788,765,563,750 ,43.96%,IDXCYCLIC,0,1
GDYR.JK,2020Q2,1.82%, 182,529,923,000 , 1,668,266,932,200 ,66.95%,IDXCYCLIC,1,1
GEMA.JK,2019Q2,3.16%, 282,511,486,680 , 1,063,735,052,240 ,81.01%,IDXCYCLIC,0,1
GEMA.JK,2020Q2,2.92%, 259,757,472,700 , 919,869,764,340 ,70.14%,IDXCYCLIC,1,1
GEMS.JK,2019Q2,-0.93%, 3,143,082,005,000 , 9,923,500,811,250 ,41.40%,IDXENERGY,0,1
GEMS.JK,2020Q2,-3.71%, 3,621,796,044,000 , 11,270,042,650,200 ,31.49%,IDXENERGY,1,1
GGRM.JK,2019Q2,4.02%, 26,548,246,000,000 , 66,700,099,000,000 ,8.95%,IDXNONCYC,0,0
GGRM.JK,2020Q2,2.83%, 26,393,663,000,000 , 79,158,868,000,000 ,15.50%,IDXNONCYC,1,0
GJTL.JK,2019Q2,2.95%, 4,038,010,000,000 , 20,004,597,000,000 ,126.02%,IDXCYCLIC,0,1
GJTL.JK,2020Q2,2.33%, 3,797,482,000,000 , 20,450,117,000,000 ,134.19%,IDXCYCLIC,1,1
GMFI.JK,2019Q2,-3.01%, 1,945,227,875,000 , 10,197,976,756,250 ,108.16%,IDXINFRA,0,1
GMFI.JK,2020Q2,2.73%, 2,079,422,345,200 , 10,498,699,584,800 ,116.29%,IDXINFRA,1,1
GMTD.JK,2019Q2,2.77%, 45,553,332,890 , 1,237,114,237,100 ,9.09%,IDXPROPERT,0,0
GMTD.JK,2020Q2,1.71%, 39,806,307,430 , 1,107,024,821,970 ,10.18%,IDXPROPERT,1,0
GOLL.JK,2019Q2,1.13%, 48,937,956,770 , 2,471,198,161,230 ,198.34%,IDXNONCYC,0,0
GOLL.JK,2020Q2,0.09%, 6,374,490,390 , 2,595,684,229,130 ,253.71%,IDXNONCYC,1,0
GOOD.JK,2019Q2,0.25%, 2,284,270,043,920 , 4,619,921,948,270 ,28.82%,IDXNONCYC,0,0
GOOD.JK,2020Q2,4.41%, 2,245,818,606,740 , 5,517,600,647,980 ,51.64%,IDXNONCYC,1,0
GPRA.JK,2019Q2,2.28%, 135,434,630,460 , 1,536,453,590,420 ,28.42%,IDXPROPERT,0,0
GPRA.JK,2020Q2,3.09%, 94,317,995,070 , 1,705,918,986,770 ,32.87%,IDXPROPERT,1,0
GSMF.JK,2019Q2,3.54%, 456,189,501,000 , 4,766,337,250,000 ,38.12%,IDXFINANCE,0,1
GSMF.JK,2020Q2,2.56%, 397,789,398,000 , 4,938,822,000,000 ,34.64%,IDXFINANCE,1,1
GWSA.JK,2019Q2,-0.63%, 23,806,454,570 , 7,490,779,238,200 ,6.27%,IDXPROPERT,0,0
GWSA.JK,2020Q2,-1.81%, 14,012,708,360 , 7,634,022,238,480 ,5.02%,IDXPROPERT,1,0
HDTX.JK,2019Q2,0.04%, 120,495,340,890 , 586,940,667,000 ,182.90%,IDXCYCLIC,0,1
HDTX.JK,2020Q2,0.62%, 3,520,843,000 , 423,791,061,000 ,194.03%,IDXCYCLIC,1,1
HEAL.JK,2019Q2,-0.66%, 901,539,000,000 , 4,315,860,000,000 ,43.65%,IDXHEALTH,0,1
HEAL.JK,2020Q2,0.71%, 983,889,000,000 , 5,212,140,000,000 ,56.82%,IDXHEALTH,1,1
HELI.JK,2019Q2,-1.42%, 14,591,710,000 , 179,114,937,200 ,58.40%,IDXTRANS,0,0
HELI.JK,2020Q2,0.41%, 7,067,270,600 , 171,454,943,790 ,31.53%,IDXTRANS,1,0
HEXA.JK,2019Q2,0.43%, 2,072,420,126,400 , 4,929,757,725,750 ,24.18%,IDXINDUST,0,1
HEXA.JK,2020Q2,-0.12%, 1,695,182,233,000 , 4,336,168,217,000 ,1.02%,IDXINDUST,1,1
HITS.JK,2019Q2,0.14%, 314,836,491,450 , 3,103,588,437,300 ,192.45%,IDXENERGY,0,1
HITS.JK,2020Q2,0.22%, 354,564,446,000 , 3,237,588,804,000 ,111.88%,IDXENERGY,1,1
HMSP.JK,2019Q2,0.04%, 26,914,259,000,000 , 43,112,611,000,000 ,1.30%,IDXNONCYC,0,0
HMSP.JK,2020Q2,0.10%, 21,044,299,000,000 , 41,904,844,000,000 ,1.30%,IDXNONCYC,1,0
HOKI.JK,2019Q2,0.14%, 398,624,686,480 , 801,901,901,340 ,26.78%,IDXNONCYC,0,0
HOKI.JK,2020Q2,-1.99%, 450,428,381,800 , 889,054,570,890 ,30.62%,IDXNONCYC,1,0
HOME.JK,2019Q2,6.39%, 7,246,572,520 , 281,193,747,620 ,29.25%,IDXCYCLIC,0,1
HOME.JK,2020Q2,-0.20%, 4,849,181,000 , 2,474,783,939,540 ,14.08%,IDXCYCLIC,1,1
HRTA.JK,2019Q2,-5.09%, 601,779,944,980 , 1,537,031,552,480 ,32.58%,IDXCYCLIC,0,1
HRTA.JK,2020Q2,0.04%, 834,282,503,540 , 2,311,190,054,990 ,65.07%,IDXCYCLIC,1,1
IATA.JK,2019Q2,0.02%, 67,165,318,750 , 983,865,825,000 ,31.88%,IDXTRANS,0,0
IATA.JK,2020Q2,1.08%, 39,090,105,200 , 848,085,905,200 ,20.80%,IDXTRANS,1,0
IBST.JK,2019Q2,0.82%, 227,163,189,110 , 7,592,125,710,760 ,35.48%,IDXINFRA,0,1
IBST.JK,2020Q2,0.38%, 292,265,359,290 , 8,962,635,320,750 ,40.55%,IDXINFRA,1,1
ICBP.JK,2019Q2,0.07%, 11,255,645,000,000 , 36,428,781,000,000 ,8.68%,IDXNONCYC,0,0
ICBP.JK,2020Q2,0.95%, 12,006,604,000,000 , 42,101,501,000,000 ,9.68%,IDXNONCYC,1,0
ICON.JK,2019Q2,-2.08%, 36,988,033,700 , 395,969,370,640 ,8.35%,IDXINDUST,0,1
ICON.JK,2020Q2,2.19%, 50,073,759,700 , 369,071,617,770 ,0.73%,IDXINDUST,1,1
IDPR.JK,2019Q2,0.26%, 251,353,528,910 , 1,922,368,401,890 ,36.37%,IDXINFRA,0,1
IDPR.JK,2020Q2,-3.65%, 205,254,020,990 , 1,908,254,782,320 ,37.09%,IDXINFRA,1,1
IIKP.JK,2019Q2,0.11%, 3,162,442,370 , 294,827,978,370 ,0.14%,IDXCYCLIC,0,1
IIKP.JK,2020Q2,0.64%, 2,874,994,540 , 380,836,275,020 ,0.03%,IDXCYCLIC,1,1
IKAI.JK,2019Q2,-0.36%, 8,765,420,000 , 1,337,016,109,000 ,44.65%,IDXCYCLIC,0,1
IKAI.JK,2020Q2,1.54%, 27,313,797,000 , 1,357,533,090,000 ,34.99%,IDXCYCLIC,1,1
IMAS.JK,2019Q2,0.00%, 4,983,485,985,150 , 41,044,311,290,760 ,284.02%,IDXCYCLIC,0,1
IMAS.JK,2020Q2,0.74%, 3,880,866,343,820 , 44,698,662,588,630 ,371.88%,IDXCYCLIC,1,1
IMPC.JK,2019Q2,0.26%, 324,834,632,910 , 2,399,937,185,890 ,65.59%,IDXINDUST,0,1
IMPC.JK,2020Q2,3.44%, 355,541,712,480 , 2,638,605,191,140 ,70.00%,IDXINDUST,1,1
INAF.JK,2019Q2,0.01%, 232,546,535,380 , 1,399,847,472,100 ,104.35%,IDXHEALTH,0,1
INAF.JK,2020Q2,4.12%, 299,132,379,330 , 1,555,305,636,110 ,101.44%,IDXHEALTH,1,1
INAI.JK,2019Q2,-1.64%, 279,601,106,460 , 1,388,936,750,140 ,204.49%,IDXBASIC,0,0
INAI.JK,2020Q2,1.11%, 329,446,578,400 , 1,278,313,122,530 ,166.99%,IDXBASIC,1,0
INCF.JK,2019Q2,0.02%, 310,787,167,600 , 534,676,677,470 ,206.72%,IDXBASIC,0,0
INCF.JK,2020Q2,0.50%, 115,476,327,820 , 467,727,877,050 ,204.01%,IDXBASIC,1,0
INCI.JK,2019Q2,-2.61%, 92,241,274,590 , 379,469,507,670 ,0.26%,IDXBASIC,0,0
INCI.JK,2020Q2,1.96%, 100,497,101,980 , 441,921,762,090 ,0.32%,IDXBASIC,1,0
INCO.JK,2019Q2,-4.44%, 2,342,235,750,000 , 29,798,467,250,000 ,0.03%,IDXBASIC,0,0
INCO.JK,2020Q2,1.28%, 2,633,481,240,000 , 31,724,247,540,000 ,0.02%,IDXBASIC,1,0
INDF.JK,2019Q2,14.12%, 19,169,840,000,000 , 98,091,381,000,000 ,80.97%,IDXNONCYC,0,0
INDF.JK,2020Q2,0.94%, 19,304,795,000,000 , 102,662,235,000,000 ,68.29%,IDXNONCYC,1,0
INDR.JK,2019Q2,-18.73%, 2,730,445,978,750 , 10,886,011,928,750 ,42.08%,IDXCYCLIC,0,1
INDR.JK,2020Q2,5.53%, 1,442,996,929,400 , 10,683,369,823,400 ,49.30%,IDXCYCLIC,1,1
INDY.JK,2019Q2,3.16%, 9,600,850,498,750 , 50,292,434,270,000 ,168.30%,IDXENERGY,0,1
INDY.JK,2020Q2,0.60%, 6,911,400,773,000 , 47,766,854,491,800 ,196.77%,IDXENERGY,1,1
INPS.JK,2019Q2,0.18%, 93,707,407,820 , 486,147,076,920 ,215.94%,IDXENERGY,0,1
INPS.JK,2020Q2,-0.86%, 70,816,467,270 , 472,382,480,650 ,208.68%,IDXENERGY,1,1
INTD.JK,2019Q2,-0.01%, 17,409,234,990 , 53,361,883,300 ,1.61%,IDXBASIC,0,0
INTD.JK,2020Q2,-5.27%, 17,055,109,400 , 48,302,687,560 ,0.85%,IDXBASIC,1,0
INTP.JK,2019Q2,-0.11%, 3,249,854,000,000 , 25,852,869,000,000 ,0.52%,IDXBASIC,0,0
INTP.JK,2020Q2,0.51%, 2,812,485,000,000 , 27,037,394,000,000 ,0.48%,IDXBASIC,1,0
IPOL.JK,2019Q2,-0.59%, 671,161,240,000 , 3,959,357,421,250 ,59.12%,IDXBASIC,0,0
IPOL.JK,2020Q2,2.20%, 667,034,715,400 , 3,862,762,597,800 ,49.68%,IDXBASIC,1,0
ISAT.JK,2019Q2,0.05%, 6,245,365,000,000 , 55,862,548,000,000 ,260.51%,IDXINFRA,0,1
ISAT.JK,2020Q2,1.29%, 6,928,626,000,000 , 61,079,475,000,000 ,228.96%,IDXINFRA,1,1
ITIC.JK,2019Q2,1.00%, 41,000,359,930 , 393,004,528,940 ,68.39%,IDXNONCYC,0,0
ITIC.JK,2020Q2,-83.60%, 56,010,533,690 , 473,406,053,150 ,63.47%,IDXNONCYC,1,0
ITMG.JK,2019Q2,-0.87%, 6,210,423,500,000 , 18,704,367,375,000 ,0.43%,IDXENERGY,0,1
ITMG.JK,2020Q2,0.02%, 4,065,760,500,000 , 17,422,498,060,000 ,4.17%,IDXENERGY,1,1
JAYA.JK,2019Q2,0.36%, 15,012,023,190 , 91,019,670,150 ,35.16%,IDXTRANS,0,0
JAYA.JK,2020Q2,-0.65%, 14,870,465,960 , 89,173,343,200 ,31.61%,IDXTRANS,1,0
JECC.JK,2019Q2,11.64%, 766,097,128,000 , 1,986,383,992,000 ,125.59%,IDXINDUST,0,1
JECC.JK,2020Q2,-8.51%, 284,363,707,000 , 1,512,051,050,000 ,50.59%,IDXINDUST,1,1
JGLE.JK,2019Q2,0.38%, 87,141,453,180 , 3,843,887,118,270 ,23.95%,IDXCYCLIC,0,1
JGLE.JK,2020Q2,-16.05%, 96,910,841,130 , 3,408,062,565,640 ,25.39%,IDXCYCLIC,1,1
JIHD.JK,2019Q2,-9.62%, 393,285,582,000 , 6,606,689,033,000 ,5.74%,IDXCYCLIC,0,1
JIHD.JK,2020Q2,0.44%, 427,640,866,000 , 6,844,501,891,000 ,5.38%,IDXCYCLIC,1,1
JKON.JK,2019Q2,2.93%, 726,562,821,000 , 4,901,161,544,000 ,41.08%,IDXINFRA,0,1
JKON.JK,2020Q2,0.18%, 706,507,294,000 , 4,962,759,738,000 ,36.44%,IDXINFRA,1,1
JMAS.JK,2019Q2,2.04%, 3,500,105,140 , 167,684,123,230 ,39.22%,IDXFINANCE,0,1
JMAS.JK,2020Q2,1.01%, 4,021,649,620 , 179,505,976,100 ,49.59%,IDXFINANCE,1,1
JPFA.JK,2019Q2,0.40%, 9,677,971,000,000 , 25,216,487,000,000 ,89.71%,IDXNONCYC,0,0
JPFA.JK,2020Q2,-4.09%, 7,830,710,000,000 , 27,796,365,000,000 ,109.64%,IDXNONCYC,1,0
JRPT.JK,2019Q2,0.44%, 566,511,243,000 , 11,026,479,576,000 ,0.36%,IDXPROPERT,0,0
JRPT.JK,2020Q2,-0.18%, 518,697,844,000 , 11,664,690,691,000 ,1.66%,IDXPROPERT,1,0
JSKY.JK,2019Q2,0.97%, 91,488,429,370 , 570,650,645,590 ,154.99%,IDXENERGY,0,1
JSKY.JK,2020Q2,-0.70%, 25,038,192,990 , 536,005,715,170 ,78.51%,IDXENERGY,1,1
JSMR.JK,2019Q2,0.45%, 7,635,405,617,000 , 86,187,981,408,000 ,197.98%,IDXINFRA,0,1
JSMR.JK,2020Q2,-6.37%, 4,178,114,000,000 , 101,102,108,000,000 ,291.68%,IDXINFRA,1,1
JSPT.JK,2019Q2,0.41%, 425,838,912,000 , 5,048,597,273,000 ,45.24%,IDXCYCLIC,0,1
JSPT.JK,2020Q2,-0.12%, 355,123,350,000 , 5,591,218,715,000 ,59.36%,IDXCYCLIC,1,1
JTPE.JK,2019Q2,0.46%, 228,765,337,830 , 1,039,405,338,160 ,33.24%,IDXINDUST,0,1
JTPE.JK,2020Q2,-3.32%, 193,151,270,080 , 1,172,598,134,370 ,22.93%,IDXINDUST,1,1
KAEF.JK,2019Q2,0.19%, 2,709,991,058,540 , 16,797,529,135,000 ,92.32%,IDXHEALTH,0,1
KAEF.JK,2020Q2,-0.40%, 2,285,524,075,000 , 17,513,999,167,000 ,118.12%,IDXHEALTH,1,1
KBLI.JK,2019Q2,2.35%, 844,450,533,000 , 3,064,089,466,000 ,9.85%,IDXINDUST,0,1
KBLI.JK,2020Q2,-1.69%, 388,259,531,000 , 2,986,677,047,000 ,2.64%,IDXINDUST,1,1
KBLM.JK,2019Q2,0.42%, 239,891,752,280 , 1,301,908,358,060 ,13.38%,IDXINDUST,0,1
KBLM.JK,2020Q2,-0.91%, 184,089,841,990 , 1,156,715,579,150 ,5.88%,IDXINDUST,1,1
KBLV.JK,2019Q2,0.61%, 288,096,000,000 , 7,026,611,000,000 ,112.64%,IDXINFRA,0,1
KBLV.JK,2020Q2,0.47%, 121,276,000,000 , 7,174,495,000,000 ,152.20%,IDXINFRA,1,1
KBRI.JK,2019Q2,4.70%, 16,568,007,640 , 1,171,234,610,860 ,237.27%,IDXBASIC,0,0
KBRI.JK,2020Q2,-5.28%, 1,043,938,320 , 1,058,927,511,760 ,437.84%,IDXBASIC,1,0
KDSI.JK,2019Q2,2.43%, 574,960,993,960 , 1,432,679,405,700 ,81.61%,IDXBASIC,0,0
KDSI.JK,2020Q2,0.47%, 510,718,080,140 , 1,270,894,358,620 ,36.45%,IDXBASIC,1,0
KIAS.JK,2019Q2,2.57%, 209,241,552,400 , 1,675,330,535,600 ,1.54%,IDXINDUST,0,1
KIAS.JK,2020Q2,-0.19%, 135,320,622,560 , 1,115,179,028,380 ,5.16%,IDXINDUST,1,1
KICI.JK,2019Q2,2.56%, 23,513,038,700 , 154,088,747,770 ,11.09%,IDXCYCLIC,0,1
KICI.JK,2020Q2,-0.19%, 20,864,497,000 , 152,818,996,760 ,5.51%,IDXCYCLIC,1,1
KIJA.JK,2019Q2,2.82%, 300,818,612,630 , 11,952,676,457,400 ,80.55%,IDXPROPERT,0,0
KIJA.JK,2020Q2,0.16%, 777,806,135,440 , 12,276,775,046,990 ,82.70%,IDXPROPERT,1,0
KINO.JK,2019Q2,1.39%, 1,220,699,459,310 , 4,603,632,865,380 ,36.43%,IDXNONCYC,0,0
KINO.JK,2020Q2,-7.89%, 1,080,663,317,140 , 5,266,005,357,050 ,57.25%,IDXNONCYC,1,0
KIOS.JK,2019Q2,0.20%, 604,411,886,820 , 249,644,757,380 ,122.06%,IDXTECHNO,0,1
KIOS.JK,2020Q2,-0.01%, 868,728,048,020 , 274,525,987,810 ,136.53%,IDXTECHNO,1,1
KKGI.JK,2019Q2,0.03%, 297,545,393,750 , 1,685,687,537,500 ,9.25%,IDXENERGY,0,1
KKGI.JK,2020Q2,-0.80%, 470,749,777,200 , 1,753,801,015,200 ,8.57%,IDXENERGY,1,1
KLBF.JK,2019Q2,0.65%, 5,813,153,356,610 , 18,813,050,576,860 ,5.08%,IDXHEALTH,0,1
KLBF.JK,2020Q2,0.82%, 5,808,899,010,370 , 22,091,102,524,240 ,10.36%,IDXHEALTH,1,1
KMTR.JK,2019Q2,0.04%, 2,748,885,053,080 , 4,742,857,467,630 ,145.13%,IDXBASIC,0,0
KMTR.JK,2020Q2,0.78%, 1,510,306,301,570 , 4,370,394,819,860 ,123.60%,IDXBASIC,1,0
KOBX.JK,2019Q2,-0.27%, 352,949,707,500 , 1,820,334,646,650 ,35.37%,IDXINDUST,0,1
KOBX.JK,2020Q2,0.29%, 212,092,829,000 , 1,870,682,866,000 ,150.75%,IDXINDUST,1,1
KONI.JK,2019Q2,2.18%, 31,001,508,070 , 123,043,286,680 ,687.28%,IDXINDUST,0,1
KONI.JK,2020Q2,1.02%, 29,422,849,290 , 110,909,891,850 ,4389.59%,IDXINDUST,1,1
KPAL.JK,2019Q2,2.66%, 68,067,876,140 , 753,736,481,780 ,233.45%,IDXINDUST,0,1
KPAL.JK,2020Q2,-2.62%, 23,666,435,290 , 756,289,935,460 ,215.03%,IDXINDUST,1,1
KPAS.JK,2019Q2,1.32%, 19,370,800,520 , 230,724,365,280 ,55.57%,IDXNONCYC,0,0
KPAS.JK,2020Q2,1.04%, 20,537,859,580 , 255,330,406,690 ,46.86%,IDXNONCYC,1,0
KPIG.JK,2019Q2,2.22%, 249,331,622,490 , 17,439,381,562,070 ,30.93%,IDXCYCLIC,0,1
KPIG.JK,2020Q2,-0.51%, 222,668,547,240 , 28,879,621,185,860 ,22.95%,IDXCYCLIC,1,1
KRAH.JK,2019Q2,-0.20%, 32,008,938,490 , 645,953,214,550 ,264.53%,IDXINDUST,0,1
KRAH.JK,2020Q2,2.78%, 70,668,302,990 , 606,055,631,090 ,609.68%,IDXINDUST,1,1
KREN.JK,2019Q2,0.33%, 1,712,967,207,340 , 3,515,345,289,420 ,10.20%,IDXFINANCE,0,1
KREN.JK,2020Q2,-0.89%, 3,326,619,738,750 , 4,304,816,122,780 ,8.47%,IDXFINANCE,1,1
LINK.JK,2019Q2,-1.10%, 891,475,000,000 , 6,151,357,000,000 ,1.77%,IDXINFRA,0,1
LINK.JK,2020Q2,0.31%, 958,997,000,000 , 6,912,232,000,000 ,23.78%,IDXINFRA,1,1
LION.JK,2019Q2,0.76%, 89,957,519,720 , 691,330,635,800 ,7.33%,IDXINDUST,0,1
LION.JK,2020Q2,4.92%, 78,638,083,730 , 699,496,676,060 ,7.26%,IDXINDUST,1,1
LMAS.JK,2019Q2,0.27%, 29,440,741,180 , 453,984,850,120 ,322.60%,IDXTECHNO,0,1
LMAS.JK,2020Q2,4.65%, 28,371,576,610 , 379,566,361,870 ,245.86%,IDXTECHNO,1,1
LMPI.JK,2019Q2,0.27%, 106,993,231,750 , 788,139,730,150 ,91.79%,IDXCYCLIC,0,1
LMPI.JK,2020Q2,-1.60%, 100,642,244,540 , 731,957,628,920 ,101.08%,IDXCYCLIC,1,1
LMSH.JK,2019Q2,0.21%, 48,486,610,240 , 157,124,291,620 ,3.22%,IDXBASIC,0,0
LMSH.JK,2020Q2,9.64%, 28,604,630,980 , 142,248,982,580 ,5.64%,IDXBASIC,1,0
LPCK.JK,2019Q2,1.53%, 390,789,000,000 , 8,703,406,000,000 ,6.38%,IDXPROPERT,0,0
LPCK.JK,2020Q2,1.50%, 561,693,000,000 , 13,899,475,000,000 ,6.32%,IDXPROPERT,1,0
LPGI.JK,2019Q2,1.07%, 263,469,531,830 , 2,385,981,870,680 ,0.37%,IDXFINANCE,0,1
LPGI.JK,2020Q2,5.56%, 282,559,561,490 , 2,547,274,735,050 ,0.39%,IDXFINANCE,1,1
LPKR.JK,2019Q2,6.13%, 2,828,008,000,000 , 53,832,202,000,000 ,60.88%,IDXPROPERT,0,0
LPKR.JK,2020Q2,2.02%, 3,066,077,000,000 , 61,834,421,000,000 ,55.13%,IDXPROPERT,1,0
LPLI.JK,2019Q2,4.19%, 17,759,000,000 , 1,311,731,000,000 ,20.41%,IDXPROPERT,0,0
LPLI.JK,2020Q2,3.76%, 5,170,000,000 , 1,004,419,000,000 ,23.45%,IDXPROPERT,1,0
LPPF.JK,2019Q2,-1.28%, 4,022,953,000,000 , 5,220,296,000,000 ,5.86%,IDXCYCLIC,0,1
LPPF.JK,2020Q2,1.65%, 703,975,000,000 , 8,680,864,000,000 ,528.13%,IDXCYCLIC,1,1
LRNA.JK,2019Q2,2.93%, 27,552,473,630 , 312,059,443,280 ,5.81%,IDXTRANS,0,0
LRNA.JK,2020Q2,0.46%, 35,053,952,640 , 302,636,796,680 ,5.83%,IDXTRANS,1,0
LTLS.JK,2019Q2,1.53%, 1,575,546,000,000 , 6,192,560,000,000 ,142.48%,IDXBASIC,0,0
LTLS.JK,2020Q2,0.07%, 1,327,018,000,000 , 6,029,827,000,000 ,132.08%,IDXBASIC,1,0
MABA.JK,2019Q2,0.19%, 11,316,809,240 , 2,334,911,714,560 ,194.07%,IDXCYCLIC,0,1
MABA.JK,2020Q2,3.77%, 9,888,039,600 , 2,302,845,938,080 ,293.63%,IDXCYCLIC,1,1
MAGP.JK,2019Q2,1.97%, 174,274,475,050 , 1,301,381,665,690 ,117.66%,IDXNONCYC,0,0
MAGP.JK,2020Q2,2.12%, 45,867,149,310 , 1,280,123,891,770 ,158.12%,IDXNONCYC,1,0
MAIN.JK,2019Q2,2.46%, 1,927,343,881,000 , 4,599,675,653,000 ,97.69%,IDXNONCYC,0,0
MAIN.JK,2020Q2,3.36%, 1,500,181,339,000 , 4,992,718,600,000 ,119.38%,IDXNONCYC,1,0
MAMI.JK,2019Q2,2.36%, 40,378,652,230 , 994,892,026,750 ,38.96%,IDXCYCLIC,0,1
MAMI.JK,2020Q2,2.62%, 10,301,472,710 , 1,761,230,920,630 ,22.82%,IDXCYCLIC,1,1
MAPA.JK,2019Q2,0.35%, 1,956,249,000,000 , 3,747,569,000,000 ,0.14%,IDXCYCLIC,0,1
MAPA.JK,2020Q2,0.68%, 653,450,000,000 , 5,390,244,000,000 ,46.93%,IDXCYCLIC,1,1
MAPB.JK,2019Q2,0.13%, 735,380,000,000 , 1,943,210,000,000 ,0.17%,IDXCYCLIC,0,1
MAPB.JK,2020Q2,-5.13%, 281,958,000,000 , 2,655,812,000,000 ,52.43%,IDXCYCLIC,1,1
MAPI.JK,2019Q2,1.28%, 5,336,466,000,000 , 12,781,931,000,000 ,28.60%,IDXCYCLIC,0,1
MAPI.JK,2020Q2,4.14%, 2,083,489,000,000 , 18,746,243,000,000 ,138.55%,IDXCYCLIC,1,1
MARK.JK,2019Q2,0.06%, 88,060,958,010 , 379,746,156,030 ,26.37%,IDXINDUST,0,1
MARK.JK,2020Q2,0.18%, 96,815,016,470 , 489,459,989,600 ,39.94%,IDXINDUST,1,1
MASA.JK,2019Q2,1.03%, 1,290,714,354,150 , 8,449,867,245,300 ,52.98%,IDXCYCLIC,0,1
MASA.JK,2020Q2,0.35%, 974,801,940,000 , 6,975,984,024,000 ,88.98%,IDXCYCLIC,1,1
MAYA.JK,2019Q2,1.22%, 787,864,037,000 , 86,971,893,000,000 ,25.32%,IDXFINANCE,0,1
MAYA.JK,2020Q2,-1.23%, 872,120,000,000 , 93,408,831,000,000 ,22.19%,IDXFINANCE,1,1
MBAP.JK,2019Q2,1.92%, 882,854,875,000 , 2,614,713,921,250 ,8.67%,IDXENERGY,0,1
MBAP.JK,2020Q2,0.46%, 855,319,733,200 , 3,072,981,264,800 ,9.66%,IDXENERGY,1,1
MCAS.JK,2019Q2,0.75%, 1,557,171,508,780 , 1,449,199,404,930 ,23.02%,IDXTECHNO,0,1
MCAS.JK,2020Q2,1.68%, 3,218,154,979,550 , 2,240,267,222,700 ,19.66%,IDXTECHNO,1,1
MDIA.JK,2019Q2,1.50%, 346,561,760,000 , 5,586,434,010,000 ,66.38%,IDXCYCLIC,0,1
MDIA.JK,2020Q2,8.09%, 337,831,758,000 , 6,163,742,522,000 ,87.67%,IDXCYCLIC,1,1
MDKA.JK,2019Q2,0.00%, 1,413,441,431,250 , 12,561,937,952,500 ,70.98%,IDXBASIC,0,0
MDKA.JK,2020Q2,4.11%, 1,347,447,835,400 , 13,353,964,093,800 ,50.99%,IDXBASIC,1,0
MDKI.JK,2019Q2,0.73%, 80,944,000,000 , 931,636,000,000 ,0.62%,IDXBASIC,0,0
MDKI.JK,2020Q2,2.68%, 82,938,000,000 , 916,820,000,000 ,1.48%,IDXBASIC,1,0
MDLN.JK,2019Q2,1.17%, 433,044,714,770 , 15,227,479,982,230 ,84.67%,IDXPROPERT,0,0
MDLN.JK,2020Q2,0.06%, 809,100,622,450 , 16,125,557,867,480 ,78.67%,IDXPROPERT,1,0
MEDC.JK,2019Q2,3.20%, 4,566,180,225,000 , 75,503,160,156,250 ,230.28%,IDXENERGY,0,1
MEDC.JK,2020Q2,-0.31%, 5,862,156,095,200 , 83,370,752,853,200 ,267.04%,IDXENERGY,1,1
MEGA.JK,2019Q2,1.80%, 1,474,635,000,000 , 84,277,675,000,000 ,8.40%,IDXFINANCE,0,1
MEGA.JK,2020Q2,0.20%, 1,531,218,000,000 , 99,236,119,000,000 ,59.95%,IDXFINANCE,1,1
MERK.JK,2019Q2,1.38%, 163,161,731,000 , 1,252,934,508,000 ,3.71%,IDXHEALTH,0,1
MERK.JK,2020Q2,0.12%, 162,246,837,000 , 964,061,993,000 ,1.71%,IDXHEALTH,1,1
META.JK,2019Q2,0.13%, 139,913,910,060 , 4,305,691,117,100 ,43.10%,IDXINFRA,0,1
META.JK,2020Q2,0.48%, 519,787,209,160 , 5,077,399,779,310 ,52.25%,IDXINFRA,1,1
MFIN.JK,2019Q2,1.37%, 408,394,000,000 , 4,160,310,000,000 ,81.47%,IDXFINANCE,0,1
MFIN.JK,2020Q2,-1.37%, 354,602,000,000 , 4,573,074,000,000 ,88.93%,IDXFINANCE,1,1
MFMI.JK,2019Q2,-4.08%, 33,209,234,310 , 278,456,689,570 ,3.73%,IDXINDUST,0,1
MFMI.JK,2020Q2,-0.85%, 34,129,003,990 , 366,168,276,110 ,125.60%,IDXINDUST,1,1
MGRO.JK,2019Q2,0.31%, 373,049,061,350 , 1,166,432,336,130 ,67.95%,IDXNONCYC,0,0
MGRO.JK,2020Q2,-0.27%, 685,274,975,260 , 1,379,981,231,340 ,88.26%,IDXNONCYC,1,0
MICE.JK,2019Q2,0.97%, 183,632,313,810 , 1,007,267,488,460 ,40.60%,IDXCYCLIC,0,1
MICE.JK,2020Q2,2.06%, 145,226,842,010 , 1,021,654,294,820 ,30.51%,IDXCYCLIC,1,1
MIDI.JK,2019Q2,0.15%, 2,628,085,000,000 , 5,242,929,000,000 ,205.92%,IDXNONCYC,0,0
MIDI.JK,2020Q2,0.52%, 3,148,023,000,000 , 5,568,427,000,000 ,166.80%,IDXNONCYC,1,0
MIRA.JK,2019Q2,-2.08%, 32,346,553,240 , 353,818,214,400 ,33.46%,IDXTRANS,0,0
MIRA.JK,2020Q2,-2.08%, 18,845,046,290 , 329,370,565,370 ,33.27%,IDXTRANS,1,0
MKPI.JK,2019Q2,0.01%, 412,782,153,760 , 7,152,916,711,800 ,11.95%,IDXPROPERT,0,0
MKPI.JK,2020Q2,-0.77%, 432,534,766,590 , 7,526,719,159,060 ,10.15%,IDXPROPERT,1,0
MLBI.JK,2019Q2,-0.95%, 795,598,000,000 , 2,804,869,000,000 ,191.05%,IDXNONCYC,0,0
MLBI.JK,2020Q2,-1.66%, 172,351,000,000 , 3,472,964,000,000 ,115.95%,IDXNONCYC,1,0
MLIA.JK,2019Q2,-1.40%, 876,498,708,000 , 5,246,809,678,000 ,66.73%,IDXINDUST,0,1
MLIA.JK,2020Q2,-1.02%, 734,191,309,000 , 5,725,090,238,000 ,75.63%,IDXINDUST,1,1
MLPL.JK,2019Q2,-1.48%, 3,812,985,000,000 , 17,160,902,000,000 ,94.28%,IDXINDUST,0,1
MLPL.JK,2020Q2,-0.04%, 3,088,619,000,000 , 15,283,901,000,000 ,87.19%,IDXINDUST,1,1
MLPT.JK,2019Q2,-0.58%, 470,666,000,000 , 2,106,052,000,000 ,19.28%,IDXTECHNO,0,1
MLPT.JK,2020Q2,-1.16%, 508,917,000,000 , 2,181,336,000,000 ,16.83%,IDXTECHNO,1,1
MMLP.JK,2019Q2,-0.20%, 79,100,572,000 , 6,091,322,807,000 ,14.48%,IDXPROPERT,0,0
MMLP.JK,2020Q2,0.83%, 88,962,560,000 , 6,755,553,584,000 ,19.31%,IDXPROPERT,1,0
MNCN.JK,2019Q2,-5.86%, 1,913,869,000,000 , 16,339,552,000,000 ,46.91%,IDXCYCLIC,0,1
MNCN.JK,2020Q2,-0.60%, 2,082,280,000,000 , 17,836,430,000,000 ,38.98%,IDXCYCLIC,1,1
MOLI.JK,2019Q2,1.94%, 283,517,002,000 , 1,842,539,930,000 ,50.57%,IDXBASIC,0,0
MOLI.JK,2020Q2,-4.75%, 374,612,782,000 , 1,934,316,797,000 ,55.37%,IDXBASIC,1,0
MPMX.JK,2019Q2,-5.01%, 4,124,516,000,000 , 9,625,391,000,000 ,5.15%,IDXCYCLIC,0,1
MPMX.JK,2020Q2,-1.28%, 1,738,143,000,000 , 8,714,116,000,000 ,11.43%,IDXCYCLIC,1,1
MPOW.JK,2019Q2,0.82%, 15,637,127,000 , 305,344,764,000 ,95.62%,IDXINFRA,0,1
MPOW.JK,2020Q2,-1.73%, 11,690,102,000 , 268,476,850,000 ,86.18%,IDXINFRA,1,1
MPPA.JK,2019Q2,-0.31%, 1,992,553,000,000 , 5,044,620,000,000 ,145.39%,IDXNONCYC,0,0
MPPA.JK,2020Q2,0.83%, 1,950,899,000,000 , 5,586,292,000,000 ,566.84%,IDXNONCYC,1,0
MPRO.JK,2019Q2,0.22%, 12,439,859,000 , 2,050,319,647,000 ,60.00%,IDXPROPERT,0,0
MPRO.JK,2020Q2,4.01%, 83,280,539,000 , 1,767,366,064,000 ,29.76%,IDXPROPERT,1,0
MRAT.JK,2019Q2,1.86%, 61,994,621,160 , 511,887,783,870 ,15.19%,IDXNONCYC,0,0
MRAT.JK,2020Q2,-0.29%, 82,849,244,640 , 532,762,948,000 ,15.01%,IDXNONCYC,1,0
MREI.JK,2019Q2,-1.09%, 300,974,899,980 , 3,560,391,005,360 ,0.05%,IDXFINANCE,0,1
MREI.JK,2020Q2,0.80%, 379,422,489,130 , 4,079,237,676,080 ,0.19%,IDXFINANCE,1,1
MSIN.JK,2019Q2,2.46%, 386,759,000,000 , 1,952,219,000,000 ,35.82%,IDXCYCLIC,0,1
MSIN.JK,2020Q2,-0.94%, 413,737,000,000 , 2,099,735,000,000 ,29.90%,IDXCYCLIC,1,1
MSKY.JK,2019Q2,0.70%, 650,274,000,000 , 4,893,410,000,000 ,99.52%,IDXCYCLIC,0,1
MSKY.JK,2020Q2,-1.18%, 646,706,000,000 , 4,359,635,000,000 ,27.44%,IDXCYCLIC,1,1
MTDL.JK,2019Q2,-0.78%, 2,925,037,000,000 , 5,166,211,000,000 ,12.77%,IDXTECHNO,0,1
MTDL.JK,2020Q2,-0.22%, 2,812,435,000,000 , 5,559,709,000,000 ,1.16%,IDXTECHNO,1,1
MTLA.JK,2019Q2,0.22%, 340,387,737,000 , 5,224,297,459,000 ,31.36%,IDXPROPERT,0,0
MTLA.JK,2020Q2,-3.06%, 128,566,000,000 , 5,810,985,000,000 ,30.25%,IDXPROPERT,1,0
MTRA.JK,2019Q2,1.01%, 50,459,131,900 , 259,232,611,190 ,60.37%,IDXINFRA,0,1
MTRA.JK,2020Q2,-2.83%, 96,724,095,120 , 348,374,471,100 ,94.41%,IDXINFRA,1,1
MYOH.JK,2019Q2,-0.87%, 850,604,251,250 , 2,009,432,528,750 ,9.33%,IDXENERGY,0,1
MYOH.JK,2020Q2,-0.12%, 681,297,384,800 , 2,268,712,367,600 ,4.65%,IDXENERGY,1,1
MYOR.JK,2019Q2,0.05%, 6,044,731,004,250 , 17,681,962,890,880 ,57.08%,IDXNONCYC,0,0
MYOR.JK,2020Q2,-0.03%, 5,702,740,878,040 , 18,350,730,146,870 ,40.83%,IDXNONCYC,1,0
MYRX.JK,2019Q2,-0.84%, 65,550,199,440 , 10,008,169,293,650 ,32.11%,IDXPROPERT,0,0
MYRX.JK,2020Q2,0.64%, 115,627,202,180 , 11,625,186,862,980 ,40.84%,IDXPROPERT,1,0
MYTX.JK,2019Q2,-1.00%, 594,870,000,000 , 3,747,570,000,000 ,882.25%,IDXCYCLIC,0,1
MYTX.JK,2020Q2,-0.16%, 491,813,000,000 , 3,686,259,000,000 ,606.71%,IDXCYCLIC,1,1
NASA.JK,2019Q2,0.01%, 6,173,041,360 , 1,168,208,737,520 ,7.29%,IDXCYCLIC,0,1
NASA.JK,2020Q2,0.35%, 11,371,449,580 , 1,143,270,654,350 ,4.99%,IDXCYCLIC,1,1
NELY.JK,2019Q2,-0.23%, 62,081,935,820 , 498,143,591,120 ,8.47%,IDXTRANS,0,0
NELY.JK,2020Q2,0.13%, 60,705,218,870 , 549,795,872,940 ,12.21%,IDXTRANS,1,0
NFCX.JK,2019Q2,0.27%, 988,089,788,970 , 531,535,643,970 ,7.87%,IDXTECHNO,0,1
NFCX.JK,2020Q2,0.04%, 2,183,482,885,480 , 1,341,118,244,980 ,0.91%,IDXTECHNO,1,1
NIKL.JK,2019Q2,-0.76%, 458,089,570,000 , 1,686,183,033,750 ,120.27%,IDXBASIC,0,0
NIKL.JK,2020Q2,-60.13%, 449,775,987,200 , 1,945,586,043,000 ,136.07%,IDXBASIC,1,0
NIRO.JK,2019Q2,0.65%, 118,463,335,550 , 7,555,705,400,510 ,41.77%,IDXPROPERT,0,0
NIRO.JK,2020Q2,0.30%, 143,861,714,970 , 8,238,835,052,520 ,52.41%,IDXPROPERT,1,0
NOBU.JK,2019Q2,-3.44%, 118,910,000,000 , 11,793,981,000,000 ,12.50%,IDXFINANCE,0,1
NOBU.JK,2020Q2,-3.72%, 146,251,000,000 , 13,147,503,000,000 ,94.13%,IDXFINANCE,1,1
NRCA.JK,2019Q2,-0.39%, 584,956,802,290 , 2,338,323,042,490 ,0.70%,IDXINFRA,0,1
NRCA.JK,2020Q2,0.16%, 653,355,132,420 , 2,444,183,119,450 ,12.05%,IDXINFRA,1,1
OMRE.JK,2019Q2,0.02%, 45,210,949,350 , 4,252,706,473,040 ,2.08%,IDXPROPERT,0,0
OMRE.JK,2020Q2,-0.19%, 47,646,272,880 , 4,234,319,812,440 ,2.16%,IDXPROPERT,1,0
PALM.JK,2019Q2,0.33%, 51,302,291,000 , 1,992,544,414,000 ,13.65%,IDXNONCYC,0,0
PALM.JK,2020Q2,-0.37%, 35,965,270,000 , 2,330,315,741,000 ,6.86%,IDXNONCYC,1,0
PANI.JK,2019Q2,0.49%, 57,495,631,870 , 141,289,513,820 ,44.25%,IDXBASIC,0,0
PANI.JK,2020Q2,0.01%, 44,133,281,430 , 139,317,267,960 ,48.63%,IDXBASIC,1,0
PANR.JK,2019Q2,0.00%, 302,053,735,000 , 1,813,302,512,000 ,98.81%,IDXCYCLIC,0,1
PANR.JK,2020Q2,-0.13%, 336,047,841,000 , 2,147,806,690,000 ,96.71%,IDXCYCLIC,1,1
PANS.JK,2019Q2,0.00%, 103,766,831,070 , 2,282,113,996,050 ,13.99%,IDXFINANCE,0,1
PANS.JK,2020Q2,-0.11%, 157,866,438,250 , 1,940,528,454,850 ,6.38%,IDXFINANCE,1,1
PBID.JK,2019Q2,-2.40%, 1,055,579,588,000 , 2,229,738,012,000 ,22.89%,IDXBASIC,0,0
PBID.JK,2020Q2,0.83%, 874,653,393,000 , 2,262,044,859,000 ,11.94%,IDXBASIC,1,0
PBRX.JK,2019Q2,-1.03%, 1,606,836,266,100 , 8,382,587,226,000 ,115.09%,IDXCYCLIC,0,1
PBRX.JK,2020Q2,-0.01%, 1,982,979,434,000 , 10,166,635,837,000 ,120.86%,IDXCYCLIC,1,1
PDES.JK,2019Q2,2.65%, 105,156,247,410 , 456,923,225,040 ,71.71%,IDXCYCLIC,0,1
PDES.JK,2020Q2,2.14%, 98,713,382,500 , 451,206,902,580 ,64.54%,IDXCYCLIC,1,1
PEHA.JK,2019Q2,0.16%, 374,264,254,000 , 1,911,836,217,000 ,70.25%,IDXHEALTH,0,1
PEHA.JK,2020Q2,2.71%, 224,556,529,000 , 2,076,371,701,000 ,153.32%,IDXHEALTH,1,1
PGAS.JK,2019Q2,-1.62%, 13,120,238,465,000 , 102,313,303,545,000 ,115.45%,IDXENERGY,0,1
PGAS.JK,2020Q2,3.18%, 8,442,172,753,200 , 107,146,455,008,200 ,128.67%,IDXENERGY,1,1
PGLI.JK,2019Q2,-1.49%, 5,741,827,640 , 84,366,005,470 ,3.47%,IDXCYCLIC,0,1
PGLI.JK,2020Q2,2.15%, 5,775,674,620 , 90,208,368,240 ,3.42%,IDXCYCLIC,1,1
PICO.JK,2019Q2,-1.81%, 191,759,323,390 , 852,932,442,590 ,125.35%,IDXBASIC,0,0
PICO.JK,2020Q2,2.32%, 177,331,472,680 , 1,127,616,056,630 ,179.02%,IDXBASIC,1,0
PJAA.JK,2019Q2,-2.31%, 359,131,084,260 , 4,361,394,289,870 ,65.06%,IDXCYCLIC,0,1
PJAA.JK,2020Q2,2.04%, 382,848,993,240 , 4,095,914,945,150 ,45.42%,IDXCYCLIC,1,1
PLIN.JK,2019Q2,-2.16%, 395,229,587,000 , 5,031,131,186,000 ,208.25%,IDXPROPERT,0,0
PLIN.JK,2020Q2,1.44%, 317,158,326,000 , 12,679,393,237,000 ,0.63%,IDXPROPERT,1,0
PNBN.JK,2019Q2,-2.25%, 2,562,791,000,000 , 213,627,218,000,000 ,57.79%,IDXFINANCE,0,1
PNBN.JK,2020Q2,2.07%, 2,409,955,000,000 , 211,289,191,000,000 ,48.34%,IDXFINANCE,1,1
PNSE.JK,2019Q2,2.62%, 59,000,648,840 , 457,477,659,070 ,35.27%,IDXCYCLIC,0,1
PNSE.JK,2020Q2,1.16%, 66,481,127,480 , 460,489,681,550 ,42.78%,IDXCYCLIC,1,1
POLI.JK,2019Q2,0.44%, 78,699,303,690 , 1,674,842,023,220 ,469.20%,IDXPROPERT,0,0
POLI.JK,2020Q2,1.48%, 112,214,362,910 , 2,325,578,782,730 ,21.77%,IDXPROPERT,1,0
POLL.JK,2019Q2,0.34%, 575,023,534,080 , 4,924,226,692,250 ,69.06%,IDXPROPERT,0,0
POLL.JK,2020Q2,-0.27%, 106,657,579,710 , 5,834,505,485,310 ,89.88%,IDXPROPERT,1,0
PORT.JK,2019Q2,2.34%, 275,901,993,000 , 2,091,708,530,000 ,79.39%,IDXINFRA,0,1
PORT.JK,2020Q2,0.07%, 343,336,198,000 , 2,488,665,682,000 ,77.24%,IDXINFRA,1,1
POWR.JK,2019Q2,1.57%, 2,063,585,743,050 , 19,008,668,388,450 ,80.89%,IDXINFRA,0,1
POWR.JK,2020Q2,-3.38%, 2,123,409,150,000 , 21,143,340,272,000 ,81.77%,IDXINFRA,1,1
PPRE.JK,2019Q2,0.45%, 731,388,922,720 , 6,994,775,795,170 ,102.75%,IDXINFRA,0,1
PPRE.JK,2020Q2,-2.39%, 444,963,639,730 , 7,145,527,787,530 ,98.01%,IDXINFRA,1,1
PPRO.JK,2019Q2,0.33%, 428,791,802,320 , 17,127,046,461,300 ,121.67%,IDXPROPERT,0,0
PPRO.JK,2020Q2,0.07%, 357,905,493,740 , 18,584,960,233,930 ,197.79%,IDXPROPERT,1,0
PRAS.JK,2019Q2,2.59%, 120,884,229,870 , 1,632,499,263,810 ,115.90%,IDXCYCLIC,0,1
PRAS.JK,2020Q2,2.91%, 72,742,350,210 , 1,723,948,486,880 ,194.98%,IDXCYCLIC,1,1
PRDA.JK,2019Q2,-3.11%, 399,613,000,000 , 1,895,462,000,000 ,1.90%,IDXHEALTH,0,1
PRDA.JK,2020Q2,4.37%, 265,917,000,000 , 1,919,741,000,000 ,2.91%,IDXHEALTH,1,1
PSAB.JK,2019Q2,3.09%, 987,511,900,000 , 13,164,403,768,750 ,117.05%,IDXBASIC,0,0
PSAB.JK,2020Q2,0.44%, 780,316,111,200 , 13,757,280,812,800 ,148.63%,IDXBASIC,1,0
PSDN.JK,2019Q2,15.20%, 306,289,927,470 , 697,657,400,650 ,215.15%,IDXNONCYC,0,0
PSDN.JK,2020Q2,1.13%, 235,416,344,250 , 763,492,320,250 ,412.40%,IDXNONCYC,1,0
PSSI.JK,2019Q2,-0.25%, 260,887,337,500 , 1,846,563,368,750 ,59.41%,IDXENERGY,0,1
PSSI.JK,2020Q2,0.19%, 230,234,137,200 , 2,007,918,345,200 ,42.52%,IDXENERGY,1,1
PTIS.JK,2019Q2,0.07%, 44,051,061,600 , 537,259,362,900 ,71.55%,IDXENERGY,0,1
PTIS.JK,2020Q2,-3.02%, 49,018,827,000 , 574,610,860,000 ,45.83%,IDXENERGY,1,1
PTPP.JK,2019Q2,0.69%, 4,947,752,127,350 , 52,515,087,325,190 ,104.74%,IDXINFRA,0,1
PTPP.JK,2020Q2,-1.67%, 3,409,470,614,850 , 54,729,091,228,950 ,171.39%,IDXINFRA,1,1
PTRO.JK,2019Q2,0.43%, 1,736,442,750,000 , 7,797,169,500,000 ,110.74%,IDXENERGY,0,1
PTRO.JK,2020Q2,2.84%, 1,025,653,580,000 , 7,514,577,560,000 ,98.37%,IDXENERGY,1,1
PTSN.JK,2019Q2,0.21%, 1,380,144,568,750 , 3,737,603,820,000 ,22.77%,IDXTECHNO,0,1
PTSN.JK,2020Q2,0.78%, 455,535,761,400 , 2,132,430,514,600 ,33.24%,IDXTECHNO,1,1
PTSP.JK,2019Q2,-1.22%, 146,437,924,000 , 298,388,454,000 ,25.30%,IDXCYCLIC,0,1
PTSP.JK,2020Q2,1.28%, 148,284,970,000 , 360,712,817,000 ,32.43%,IDXCYCLIC,1,1
PUDP.JK,2019Q2,0.61%, 29,863,145,630 , 489,530,579,230 ,34.29%,IDXPROPERT,0,0
PUDP.JK,2020Q2,5.00%, 18,695,936,010 , 539,915,871,770 ,41.94%,IDXPROPERT,1,0
PWON.JK,2019Q2,-2.41%, 1,710,982,124,000 , 25,458,212,998,000 ,40.42%,IDXPROPERT,0,0
PWON.JK,2020Q2,-0.75%, 1,650,559,559,000 , 26,562,184,937,000 ,36.39%,IDXPROPERT,1,0
PYFA.JK,2019Q2,-0.62%, 63,819,838,570 , 191,306,461,400 ,21.89%,IDXHEALTH,0,1
PYFA.JK,2020Q2,-2.07%, 79,036,288,250 , 205,050,054,700 ,16.16%,IDXHEALTH,1,1
PZZA.JK,2019Q2,5.92%, 902,285,499,760 , 1,994,413,508,990 ,8.65%,IDXCYCLIC,0,1
PZZA.JK,2020Q2,-1.41%, 955,640,314,300 , 2,367,384,898,460 ,12.03%,IDXCYCLIC,1,1
RAJA.JK,2019Q2,0.24%, 418,120,811,550 , 3,402,887,426,250 ,93.76%,IDXENERGY,0,1
RAJA.JK,2020Q2,-0.24%, 479,840,541,000 , 2,875,985,203,000 ,42.06%,IDXENERGY,1,1
RBMS.JK,2019Q2,1.79%, 23,967,078,890 , 819,956,106,660 ,21.12%,IDXPROPERT,0,0
RBMS.JK,2020Q2,1.57%, 13,439,356,030 , 793,429,176,030 ,24.83%,IDXPROPERT,1,0
RICY.JK,2019Q2,2.40%, 364,956,183,390 , 1,416,856,267,390 ,175.34%,IDXCYCLIC,0,1
RICY.JK,2020Q2,0.59%, 321,101,134,960 , 1,579,052,389,330 ,227.00%,IDXCYCLIC,1,1
RIMO.JK,2019Q2,0.31%, 36,408,718,750 , 5,931,495,055,100 ,4.36%,IDXPROPERT,0,0
RIMO.JK,2020Q2,7.46%, 76,238,939,360 , 6,514,551,004,300 ,0.22%,IDXPROPERT,1,0
RISE.JK,2019Q2,0.34%, 47,177,896,360 , 2,348,159,113,740 ,17.28%,IDXCYCLIC,0,1
RISE.JK,2020Q2,-0.46%, 57,705,305,520 , 2,379,576,356,350 ,17.49%,IDXCYCLIC,1,1
RMBA.JK,2019Q2,0.73%, 5,965,786,000,000 , 14,879,589,000,000 ,46.30%,IDXNONCYC,0,0
RMBA.JK,2020Q2,-1.03%, 5,920,628,000,000 , 17,000,330,000,000 ,54.18%,IDXNONCYC,1,0
RODA.JK,2019Q2,1.95%, 122,754,369,860 , 4,026,507,096,020 ,26.68%,IDXPROPERT,0,0
RODA.JK,2020Q2,2.95%, 35,727,271,030 , 3,941,158,969,920 ,33.81%,IDXPROPERT,1,0
RUIS.JK,2019Q2,-2.59%, 375,222,830,070 , 1,047,727,921,390 ,100.51%,IDXENERGY,0,1
RUIS.JK,2020Q2,1.05%, 401,733,238,690 , 1,360,997,570,190 ,144.75%,IDXENERGY,1,1
SAPX.JK,2019Q2,0.22%, 94,972,633,050 , 112,364,400,250 ,19.98%,IDXTRANS,0,0
SAPX.JK,2020Q2,0.37%, 109,677,548,930 , 200,042,304,750 ,18.70%,IDXTRANS,1,0
SATU.JK,2019Q2,0.25%, 8,792,510,360 , 291,583,506,130 ,141.08%,IDXPROPERT,0,0
SATU.JK,2020Q2,8.24%, 8,862,460,840 , 276,578,690,890 ,155.10%,IDXPROPERT,1,0
SCMA.JK,2019Q2,1.32%, 1,515,613,916,000 , 6,901,397,056,000 ,0.47%,IDXCYCLIC,0,1
SCMA.JK,2020Q2,1.12%, 1,056,905,263,000 , 6,788,783,649,000 ,0.00%,IDXCYCLIC,1,1
SCPI.JK,2019Q2,-2.66%, 448,956,362,000 , 1,701,108,313,000 ,110.46%,IDXHEALTH,0,1
SCPI.JK,2020Q2,1.09%, 630,771,767,000 , 1,762,702,209,000 ,55.91%,IDXHEALTH,1,1
SDMU.JK,2019Q2,0.07%, 31,893,868,260 , 255,711,905,400 ,183.35%,IDXTRANS,0,0
SDMU.JK,2020Q2,-0.82%, 22,272,301,960 , 217,821,047,350 ,304.08%,IDXTRANS,1,0
SDPC.JK,2019Q2,-2.61%, 666,419,221,060 , 1,289,456,537,020 ,257.83%,IDXNONCYC,0,0
SDPC.JK,2020Q2,0.64%, 564,728,732,110 , 1,222,681,109,090 ,261.94%,IDXNONCYC,1,0
SDRA.JK,2019Q2,-10.78%, 389,073,000,000 , 37,114,722,000,000 ,133.94%,IDXFINANCE,0,1
SDRA.JK,2020Q2,-0.33%, 356,295,000,000 , 36,118,896,000,000 ,136.00%,IDXFINANCE,1,1
SGRO.JK,2019Q2,-2.41%, 606,371,897,000 , 9,205,998,376,000 ,99.04%,IDXNONCYC,0,0
SGRO.JK,2020Q2,0.51%, 698,558,000,000 , 9,465,047,000,000 ,95.83%,IDXNONCYC,1,0
SHID.JK,2019Q2,-2.52%, 65,208,500,710 , 1,503,098,900,110 ,50.70%,IDXCYCLIC,0,1
SHID.JK,2020Q2,0.81%, 57,135,477,790 , 1,475,456,182,790 ,50.92%,IDXCYCLIC,1,1
SHIP.JK,2019Q2,0.95%, 321,702,006,250 , 3,363,730,162,500 ,158.98%,IDXENERGY,0,1
SHIP.JK,2020Q2,-6.97%, 316,740,350,800 , 3,328,757,120,000 ,127.63%,IDXENERGY,1,1
SILO.JK,2019Q2,0.43%, 1,665,988,000,000 , 7,854,207,000,000 ,2.57%,IDXHEALTH,0,1
SILO.JK,2020Q2,2.39%, 1,299,435,000,000 , 8,628,200,000,000 ,26.14%,IDXHEALTH,1,1
SKBM.JK,2019Q2,-0.20%, 540,235,807,930 , 1,771,365,972,010 ,57.97%,IDXNONCYC,0,0
SKBM.JK,2020Q2,-0.07%, 708,379,933,470 , 1,820,383,352,810 ,57.01%,IDXNONCYC,1,0
SKRN.JK,2019Q2,0.32%, 111,079,328,220 , 1,583,586,778,560 ,97.01%,IDXINDUST,0,1
SKRN.JK,2020Q2,0.57%, 128,799,565,180 , 1,672,444,043,460 ,84.55%,IDXINDUST,1,1
SMBR.JK,2019Q2,-0.36%, 410,729,021,000 , 5,582,350,664,000 ,45.82%,IDXBASIC,0,0
SMBR.JK,2020Q2,2.60%, 336,058,777,000 , 5,609,669,373,000 ,48.42%,IDXBASIC,1,0
SMGR.JK,2019Q2,0.20%, 8,223,960,803,000 , 76,983,221,895,000 ,111.07%,IDXBASIC,0,0
SMGR.JK,2020Q2,2.06%, 7,445,904,000,000 , 78,299,047,000,000 ,85.01%,IDXBASIC,1,0
SMMA.JK,2019Q2,0.13%, 7,580,372,000,000 , 100,663,451,000,000 ,28.16%,IDXFINANCE,0,1
SMMA.JK,2020Q2,-1.88%, 13,101,195,000,000 , 99,625,400,000,000 ,33.48%,IDXFINANCE,1,1
SMMT.JK,2019Q2,0.71%, 57,223,115,790 , 843,904,441,920 ,44.84%,IDXENERGY,0,1
SMMT.JK,2020Q2,-0.59%, 46,470,772,970 , 875,067,185,920 ,42.72%,IDXENERGY,1,1
SMRA.JK,2019Q2,0.37%, 1,060,827,593,000 , 23,917,054,622,000 ,122.05%,IDXPROPERT,0,0
SMRA.JK,2020Q2,0.44%, 1,039,400,745,000 , 25,768,518,093,000 ,137.76%,IDXPROPERT,1,0
SMRU.JK,2019Q2,-0.03%, 260,186,845,500 , 1,908,386,848,250 ,73.25%,IDXENERGY,0,1
SMRU.JK,2020Q2,-2.50%, 136,320,587,210 , 1,675,570,667,300 ,89.51%,IDXENERGY,1,1
SMSM.JK,2019Q2,0.68%, 890,858,000,000 , 2,972,855,000,000 ,5.14%,IDXCYCLIC,0,1
SMSM.JK,2020Q2,0.43%, 803,058,000,000 , 3,499,849,000,000 ,9.23%,IDXCYCLIC,1,1
SOCI.JK,2019Q2,1.11%, 573,545,374,350 , 9,685,405,885,350 ,98.01%,IDXENERGY,0,1
SOCI.JK,2020Q2,-0.20%, 582,513,752,000 , 11,098,275,866,000 ,97.89%,IDXENERGY,1,1
SONA.JK,2019Q2,0.41%, 482,447,860,890 , 1,300,563,520,130 ,11.62%,IDXCYCLIC,0,1
SONA.JK,2020Q2,0.39%, 221,805,220,310 , 1,155,968,497,880 ,9.20%,IDXCYCLIC,1,1
SOSS.JK,2019Q2,0.42%, 275,764,879,370 , 234,289,372,100 ,69.08%,IDXINDUST,0,1
SOSS.JK,2020Q2,0.52%, 368,690,768,200 , 284,023,601,130 ,74.35%,IDXINDUST,1,1
SOTS.JK,2019Q2,0.22%, 6,087,834,490 , 456,364,039,810 ,30.77%,IDXCYCLIC,0,1
SOTS.JK,2020Q2,1.13%, 6,207,120,940 , 432,375,996,850 ,31.13%,IDXCYCLIC,1,1
SPMA.JK,2019Q2,0.45%, 626,096,734,970 , 2,205,557,092,450 ,50.66%,IDXBASIC,0,0
SPMA.JK,2020Q2,0.40%, 430,765,743,300 , 2,344,794,337,500 ,19.49%,IDXBASIC,1,0
SPTO.JK,2019Q2,-0.39%, 578,912,185,880 , 2,636,460,516,350 ,6.05%,IDXINDUST,0,1
SPTO.JK,2020Q2,-1.14%, 542,048,587,030 , 3,149,987,502,640 ,32.53%,IDXINDUST,1,1
SRIL.JK,2019Q2,-0.63%, 4,510,313,913,300 , 19,884,845,022,900 ,142.44%,IDXCYCLIC,0,1
SRIL.JK,2020Q2,1.31%, 5,160,830,694,000 , 25,858,986,833,000 ,140.53%,IDXCYCLIC,1,1
SRSN.JK,2019Q2,0.29%, 153,028,349,000 , 646,723,194,000 ,21.40%,IDXBASIC,0,0
SRSN.JK,2020Q2,0.41%, 207,926,337,000 , 780,253,664,000 ,37.23%,IDXBASIC,1,0
SRTG.JK,2019Q2,-0.27%, 2,224,147,000,000 , 23,051,197,000,000 ,22.05%,IDXFINANCE,0,1
SRTG.JK,2020Q2,1.61%, 3,738,612,000,000 , 24,127,195,000,000 ,16.07%,IDXFINANCE,1,1
SSIA.JK,2019Q2,-1.07%, 823,710,826,600 , 7,384,320,600,340 ,36.84%,IDXINFRA,0,1
SSIA.JK,2020Q2,0.20%, 882,049,511,540 , 8,174,121,524,460 ,49.88%,IDXINFRA,1,1
SSTM.JK,2019Q2,-2.09%, 98,037,489,640 , 553,788,046,240 ,86.15%,IDXCYCLIC,0,1
SSTM.JK,2020Q2,0.08%, 103,379,499,740 , 458,207,588,580 ,60.36%,IDXCYCLIC,1,1
STAR.JK,2019Q2,0.08%, 30,625,500,930 , 615,720,248,960 ,23.45%,IDXFINANCE,0,1
STAR.JK,2020Q2,-2.20%, 507,489,520 , 580,348,123,660 ,18.26%,IDXFINANCE,1,1
STTP.JK,2019Q2,0.16%, 782,698,852,400 , 2,631,189,810,030 ,31.75%,IDXNONCYC,0,0
STTP.JK,2020Q2,0.25%, 921,811,255,200 , 2,881,563,083,950 ,10.89%,IDXNONCYC,1,0
SUPR.JK,2019Q2,0.05%, 444,727,000,000 , 11,080,430,000,000 ,243.50%,IDXINFRA,0,1
SUPR.JK,2020Q2,-2.12%, 463,671,000,000 , 12,890,386,000,000 ,275.87%,IDXINFRA,1,1
SURE.JK,2019Q2,0.54%, 72,798,075,720 , 559,548,789,440 ,304.08%,IDXENERGY,0,1
SURE.JK,2020Q2,4.85%, 86,038,471,260 , 547,038,070,090 ,264.00%,IDXENERGY,1,1
SWAT.JK,2019Q2,0.35%, 60,385,314,720 , 550,572,793,190 ,49.07%,IDXBASIC,0,0
SWAT.JK,2020Q2,-2.02%, 76,576,209,180 , 605,688,084,520 ,63.80%,IDXBASIC,1,0
TALF.JK,2019Q2,2.65%, 229,309,993,540 , 981,436,223,490 ,2.46%,IDXBASIC,0,0
TALF.JK,2020Q2,-0.57%, 256,531,047,550 , 1,445,670,985,140 ,20.70%,IDXBASIC,1,0
TAMU.JK,2019Q2,-8.09%, 51,395,225,000 , 1,439,763,775,000 ,86.54%,IDXENERGY,0,1
TAMU.JK,2020Q2,-0.01%, 62,418,082,400 , 1,214,522,346,800 ,85.42%,IDXENERGY,1,1
TARA.JK,2019Q2,1.79%, 670,454,500 , 1,122,279,225,840 ,5.12%,IDXPROPERT,0,0
TARA.JK,2020Q2,4.57%, 7,499,998,000 , 1,125,958,346,470 ,5.08%,IDXPROPERT,1,0
TBLA.JK,2019Q2,0.37%, 2,172,898,000,000 , 16,576,740,000,000 ,152.32%,IDXNONCYC,0,0
TBLA.JK,2020Q2,0.07%, 2,765,027,000,000 , 18,499,291,000,000 ,162.33%,IDXNONCYC,1,0
TBMS.JK,2019Q2,0.13%, 2,078,930,353,750 , 2,405,639,343,750 ,140.89%,IDXBASIC,0,0
TBMS.JK,2020Q2,0.09%, 1,033,840,119,400 , 1,713,036,453,600 ,57.86%,IDXBASIC,1,0
TCPI.JK,2019Q2,0.29%, 593,864,000,000 , 2,954,035,000,000 ,88.06%,IDXENERGY,0,1
TCPI.JK,2020Q2,-0.62%, 449,562,000,000 , 2,972,394,000,000 ,73.67%,IDXENERGY,1,1
TDPM.JK,2019Q2,1.16%, 984,823,056,250 , 4,372,933,506,250 ,88.47%,IDXBASIC,0,0
TDPM.JK,2020Q2,2.05%, 1,103,187,258,000 , 4,945,246,348,800 ,95.52%,IDXBASIC,1,0
TELE.JK,2019Q2,-0.40%, 6,435,862,000,000 , 8,804,875,000,000 ,125.33%,IDXCYCLIC,0,1
TELE.JK,2020Q2,-0.98%, 6,615,543,000,000 , 8,491,603,000,000 ,95.66%,IDXCYCLIC,1,1
TGRA.JK,2019Q2,-0.83%, 16,795,308,220 , 470,822,438,120 ,16.09%,IDXINFRA,0,1
TGRA.JK,2020Q2,0.17%, 3,362,056,630 , 560,037,421,240 ,47.68%,IDXINFRA,1,1
TIFA.JK,2019Q2,0.19%, 50,799,210,000 , 1,339,998,899,000 ,235.88%,IDXFINANCE,0,1
TIFA.JK,2020Q2,-3.15%, 39,818,090,000 , 1,085,425,972,000 ,155.31%,IDXFINANCE,1,1
TINS.JK,2019Q2,0.17%, 5,621,150,000,000 , 20,650,448,000,000 ,161.05%,IDXBASIC,0,0
TINS.JK,2020Q2,0.13%, 3,594,477,000,000 , 18,396,760,000,000 ,182.68%,IDXBASIC,1,0
TNCA.JK,2019Q2,4.27%, 17,507,532,040 , 46,878,125,130 ,0.77%,IDXTRANS,0,0
TNCA.JK,2020Q2,-1.13%, 20,185,054,470 , 50,990,872,390 ,3.09%,IDXTRANS,1,0
TOBA.JK,2019Q2,1.09%, 1,563,123,712,800 , 7,413,843,091,200 ,101.80%,IDXENERGY,0,1
TOBA.JK,2020Q2,-0.57%, 2,723,637,905,000 , 11,867,628,694,000 ,133.72%,IDXENERGY,1,1
TOPS.JK,2019Q2,0.05%, 193,226,238,880 , 3,320,694,823,690 ,80.20%,IDXINFRA,0,1
TOPS.JK,2020Q2,0.12%, 57,005,413,970 , 2,657,985,037,380 ,78.63%,IDXINFRA,1,1
TOWR.JK,2019Q2,1.65%, 1,481,913,000,000 , 24,207,144,000,000 ,137.78%,IDXINFRA,0,1
TOWR.JK,2020Q2,-0.32%, 1,819,909,000,000 , 32,519,753,000,000 ,200.03%,IDXINFRA,1,1
TRIS.JK,2019Q2,2.48%, 365,260,428,640 , 639,964,877,090 ,76.08%,IDXCYCLIC,0,1
TRIS.JK,2020Q2,-0.91%, 287,460,891,190 , 1,236,981,736,720 ,94.09%,IDXCYCLIC,1,1
TRST.JK,2019Q2,-2.76%, 649,061,668,890 , 4,284,901,587,130 ,56.29%,IDXBASIC,0,0
TRST.JK,2020Q2,1.68%, 565,090,039,100 , 4,349,022,887,700 ,64.74%,IDXBASIC,1,0
TRUK.JK,2019Q2,0.84%, 12,253,971,570 , 94,392,166,040 ,23.19%,IDXTRANS,0,0
TRUK.JK,2020Q2,-0.80%, 16,807,453,520 , 98,890,963,870 ,27.33%,IDXTRANS,1,0
TRUS.JK,2019Q2,2.62%, 12,930,675,760 , 300,504,792,340 ,1.53%,IDXFINANCE,0,1
TRUS.JK,2020Q2,1.28%, 11,856,225,580 , 320,300,808,920 ,2.77%,IDXFINANCE,1,1
TSPC.JK,2019Q2,3.42%, 2,656,011,257,050 , 8,064,809,077,590 ,12.41%,IDXHEALTH,0,1
TSPC.JK,2020Q2,1.87%, 2,589,377,773,920 , 8,756,861,340,450 ,11.85%,IDXHEALTH,1,1
TUGU.JK,2019Q2,2.12%, 644,103,081,000 , 15,337,055,194,500 ,2.67%,IDXFINANCE,0,1
TUGU.JK,2020Q2,-3.74%, 542,155,053,000 , 23,036,824,577,000 ,2.68%,IDXFINANCE,1,1
TURI.JK,2019Q2,4.44%, 3,215,875,000,000 , 6,298,241,000,000 ,31.40%,IDXCYCLIC,0,1
TURI.JK,2020Q2,1.31%, 1,288,178,000,000 , 5,748,955,000,000 ,22.74%,IDXCYCLIC,1,1
ULTJ.JK,2019Q2,-11.80%, 1,544,604,000,000 , 6,175,342,000,000 ,1.37%,IDXNONCYC,0,0
ULTJ.JK,2020Q2,-0.21%, 1,404,612,000,000 , 7,054,390,000,000 ,0.21%,IDXNONCYC,1,0
UNIC.JK,2019Q2,5.02%, 1,185,075,280,350 , 3,179,232,657,900 ,13.38%,IDXBASIC,0,0
UNIC.JK,2020Q2,1.14%, 1,360,180,558,000 , 3,425,189,905,000 ,2.62%,IDXBASIC,1,0
UNIT.JK,2019Q2,-3.42%, 20,474,297,880 , 420,832,801,630 ,129.22%,IDXCYCLIC,0,1
UNIT.JK,2020Q2,0.62%, 28,566,035,090 , 419,317,702,320 ,126.11%,IDXCYCLIC,1,1
VICO.JK,2019Q2,1.02%, 202,267,604,000 , 30,815,122,948,000 ,64.86%,IDXFINANCE,0,1
VICO.JK,2020Q2,3.78%, 229,117,395,000 , 31,243,747,963,000 ,50.30%,IDXFINANCE,1,1
VRNA.JK,2019Q2,4.93%, 73,694,475,000 , 2,779,845,784,000 ,295.39%,IDXFINANCE,0,1
VRNA.JK,2020Q2,-0.58%, 85,788,910,000 , 2,927,627,768,000 ,345.07%,IDXFINANCE,1,1
WEGE.JK,2019Q2,1.89%, 1,031,743,011,780 , 5,542,281,004,860 ,1.26%,IDXINFRA,0,1
WEGE.JK,2020Q2,2.52%, 957,496,670,630 , 5,961,013,778,820 ,5.50%,IDXINFRA,1,1
WIKA.JK,2019Q2,1.76%, 6,504,287,304,000 , 58,019,389,498,000 ,101.11%,IDXINFRA,0,1
WIKA.JK,2020Q2,-0.04%, 4,199,424,176,000 , 61,116,446,266,000 ,122.18%,IDXINFRA,1,1
WINS.JK,2019Q2,0.10%, 200,255,633,750 , 3,767,088,345,000 ,41.06%,IDXENERGY,0,1
WINS.JK,2020Q2,1.64%, 127,562,571,000 , 3,375,480,936,000 ,38.06%,IDXENERGY,1,1
WOMF.JK,2019Q2,0.27%, 617,015,000,000 , 8,360,758,000,000 ,569.13%,IDXFINANCE,0,1
WOMF.JK,2020Q2,-0.71%, 495,432,000,000 , 6,762,187,000,000 ,442.91%,IDXFINANCE,1,1
WOOD.JK,2019Q2,0.01%, 484,508,921,740 , 4,867,896,076,500 ,78.51%,IDXCYCLIC,0,1
WOOD.JK,2020Q2,-0.11%, 651,816,884,260 , 5,591,916,479,560 ,81.16%,IDXCYCLIC,1,1
WSBP.JK,2019Q2,0.95%, 2,200,774,405,890 , 14,621,918,849,760 ,59.83%,IDXBASIC,0,0
WSBP.JK,2020Q2,-6.57%, 753,659,322,140 , 15,761,933,330,770 ,83.38%,IDXBASIC,1,0
WSKT.JK,2019Q2,0.55%, 8,682,208,403,970 , 128,952,379,483,360 ,373.18%,IDXINFRA,0,1
WSKT.JK,2020Q2,3.79%, 4,169,887,433,590 , 116,365,862,727,530 ,410.01%,IDXINFRA,1,1
YPAS.JK,2019Q2,-0.02%, 107,151,459,670 , 325,611,607,720 ,131.27%,IDXBASIC,0,0
YPAS.JK,2020Q2,-0.13%, 73,188,691,700 , 265,596,059,490 ,49.75%,IDXBASIC,1,0
ZINC.JK,2019Q2,-0.80%, 232,750,833,040 , 1,317,346,611,770 ,51.35%,IDXBASIC,0,0
ZINC.JK,2020Q2,-1.24%, 239,193,708,010 , 1,429,301,171,230 ,45.22%,IDXBASIC,1,0
ZONE.JK,2019Q2,0.17%, 196,557,226,880 , 438,005,138,390 ,21.06%,IDXCYCLIC,0,1
ZONE.JK,2020Q2,2.80%, 34,047,821,120 , 585,240,162,170 ,55.34%,IDXCYCLIC,1,1
