Firm,Period,ICB Sector,ROA,ROE,TA,Total Liabilities,OI_GROWTH,REV_GROWTH,Treated,After
AALI.JK,2019Q2,Food Producers,0.050227578,0.033592246,2.71618E+13,8.63566E+12,-81.82974339,-6.153257685,0,1
ABBA.JK,2019Q2,Industrial Support Services,-3.575364787,-5.931062393,5.18345E+11,3.43376E+11,-32.42327874,-17.9356426,1,1
ABMM.JK,2019Q2,"Oil, Gas and Coal",-0.02156834,-0.075400823,1.16534E+13,7.87731E+12,-52.2875909,-18.77551513,0,1
ACES.JK,2019Q2,Retailers,4.205699787,5.47606836,5.44998E+12,1.68411E+12,8.990449694,19.57469753,1,1
ACST.JK,2019Q2,Construction and Materials,-3.060276303,-27.91801518,1.07527E+13,9.78753E+12,-231.4676356,-20.04615493,0,1
ADES.JK,2019Q2,Beverages,1.523491099,2.608307209,8.66464E+11,3.66549E+11,11.65003773,4.237725844,0,1
ADHI.JK,2019Q2,Construction and Materials,0.456134476,2.194431129,3.13966E+13,2.50359E+13,6.01188268,5.346770191,0,1
ADMF.JK,2019Q2,Finance and Credit Services,1.455344315,7.180789784,3.368E+13,2.66964E+13,96.41724858,9.568456251,0,1
ADMG.JK,2019Q2,Chemicals,-2.601095521,-3.019355332,3.77111E+12,6.23765E+11,-276.8970606,-48.56344697,0,1
ADRO.JK,2019Q2,"Oil, Gas and Coal",2.67227577,4.730159084,1.01098E+14,4.65865E+13,22.81483052,8.205786937,0,1
AGII.JK,2019Q2,Chemicals,0.214508061,0.450009466,6.86102E+12,3.75665E+12,8.313892976,16.49951877,0,1
AKKU.JK,2019Q2,General Industrials,-0.181696625,-0.26026444,1.07417E+12,3.25252E+11,24.16731494,4.659440484,1,1
AKPI.JK,2019Q2,Chemicals,-0.04410534,-0.106926411,2.92145E+12,1.793E+12,8.308950579,-3.895162852,0,1
AKRA.JK,2019Q2,"Oil, Gas and Coal",0.893692075,2.247507906,1.90431E+13,1.07729E+13,-3.57662652,-13.08261086,0,1
AKSI.JK,2019Q2,Investment Banking and Brokerage Services,-0.804025288,-1.861534318,2.73784E+11,1.5112E+11,-15.15840995,39.57903916,1,1
ALDO.JK,2019Q2,Household Goods and Home Construction,1.590222368,3.112086379,9.33016E+11,5.3648E+11,61.87345001,1.789307302,0,1
ALKA.JK,2019Q2,Industrial Metals and Mining,1.228503812,4.555248146,4.08588E+11,3.91122E+11,-80.09566261,-68.11035397,1,1
ALTO.JK,2019Q2,Food Producers,-0.542801193,-1.557235548,1.10558E+12,7.1373E+11,-22.17466043,6.062232968,0,1
AMFG.JK,2019Q2,General Industrials,-0.50510519,-1.249748534,8.84574E+12,5.32277E+12,-76.26085218,0.30008011,1,1
AMIN.JK,2019Q2,Household Goods and Home Construction,1.352383762,2.662065632,4.22092E+11,2.09277E+11,-25.85183415,-13.36515538,0,1
AMRT.JK,2019Q2,"Personal Care, Drug and Grocery Stores",0.904854751,3.256828614,2.25252E+13,1.70787E+13,19.2310599,7.185410424,0,1
ANJT.JK,2019Q2,Food Producers,-1.101873068,-1.760055106,8.6226E+12,3.30797E+12,-235.0263619,-22.14157228,0,1
ANTM.JK,2019Q2,Industrial Metals and Mining,0.750074548,1.269609282,3.35668E+13,1.36891E+13,-40.80135967,34.88648278,1,1
APIC.JK,2019Q2,Investment Banking and Brokerage Services,1.3862453,2.49949449,3.42402E+12,1.29183E+12,-68.99437475,323.0947094,1,1
APII.JK,2019Q2,Electronic and Electrical Equipment,1.087004782,1.740513366,4.60514E+11,1.71437E+11,10.13209221,20.42324161,1,1
APLI.JK,2019Q2,General Industrials,-0.117513965,-0.24970561,4.38066E+11,2.30889E+11,-160.2104394,16.60494631,1,1
APLN.JK,2019Q2,Real Estate Investment and Services Development,0.026157824,-0.21337406,2.88324E+13,2.05012E+13,35.9890881,5.844144703,1,1
ARII.JK,2019Q2,"Oil, Gas and Coal",2.87490794,26.53918942,5.39427E+12,4.01606E+12,-25.20662335,73.08226241,0,1
ARNA.JK,2019Q2,Construction and Materials,2.898428075,4.467317703,1.63469E+12,5.72781E+11,44.23564545,13.23204261,0,1
ARTA.JK,2019Q2,Investment Banking and Brokerage Services,-0.514746245,-0.771311082,4.32976E+11,2.37908E+11,-102.0448324,-4.636759251,1,1
ARTI.JK,2019Q2,Household Goods and Home Construction,-0.969145861,-0.679284102,3.54397E+12,9.59531E+11,-78.75690136,-47.79026172,0,1
ASGR.JK,2019Q2,Technology Hardware & Equipment,1.334122664,2.090834464,2.28645E+12,8.12289E+11,-31.96768609,-20.43332699,0,1
ASII.JK,2019Q2,Automobiles and Parts,1.593431759,3.262716987,3.50288E+14,2.10847E+14,-9.487695403,-0.276739759,1,1
ASRI.JK,2019Q2,Real Estate Investment and Services Development,-0.035988626,-0.083289444,2.15959E+13,1.15005E+13,-38.99924831,-49.41335543,1,1
ASSA.JK,2019Q2,Consumer Services,0.354673371,2.19008288,4.55212E+12,3.40651E+12,4.726832196,31.82952658,1,1
ATIC.JK,2019Q2,Software & Computer Services,-0.13929218,-2.158305992,4.29363E+12,3.68592E+12,-46.8205372,21.12139038,1,1
AUTO.JK,2019Q2,Automobiles and Parts,0.502910994,0.837826107,1.59473E+13,5.6877E+12,78.42794661,1.815621586,1,1
BAJA.JK,2019Q2,Industrial Metals and Mining,-1.88070951,-20.71821443,7.76722E+11,7.96102E+11,-190.5571249,-21.16189008,1,1
BALI.JK,2019Q2,Telecommunications Service Providers,0.337887824,0.683684083,3.83911E+12,1.92862E+12,27.47966592,42.52268192,0,1
BAPA.JK,2019Q2,Real Estate Investment and Services Development,4.947109879,6.353011748,1.6318E+11,45715263700,-137.3392824,207.8748854,1,1
BATA.JK,2019Q2,Personal Goods,0.276985164,0.405142889,9.89781E+11,3.50419E+11,5.392115671,-4.928779702,1,1
BAYU.JK,2019Q2,Travel and Leisure,1.333613006,2.362936796,8.21811E+11,3.39246E+11,3.785629955,14.55223045,1,1
BBLD.JK,2019Q2,Finance and Credit Services,0.318769344,1.377831336,5.155E+12,3.93862E+12,7.957253103,17.04819588,0,1
BBRM.JK,2019Q2,Industrial Transportation,-1.59986551,-6.158225561,1.19509E+12,8.91058E+11,-39.79312695,-11.09887332,1,1
BCAP.JK,2019Q2,Investment Banking and Brokerage Services,0.071185273,0.242899327,1.83874E+13,1.34825E+13,-15.48585573,-4.929662727,1,1
BELL.JK,2019Q2,Personal Goods,1.016048109,2.116615024,5.533E+11,3.19036E+11,54.81069521,71.28061569,1,1
BEST.JK,2019Q2,Real Estate Investment and Services Development,0.30062747,0.450254792,6.2719E+12,2.0703E+12,-58.50001993,-35.09881494,1,1
BFIN.JK,2019Q2,Investment Banking and Brokerage Services,1.918747726,5.592924377,1.83691E+13,1.22611E+13,-2.404442296,0.326113924,1,1
BHIT.JK,2019Q2,Telecommunications Service Providers,1.010289298,1.361265974,5.97695E+13,4.47098E+13,20.31246486,7.296155691,0,1
BIKA.JK,2019Q2,Real Estate Investment and Services Development,0.359211651,0.033487724,2.31746E+12,2.017E+12,-288.8667623,-1.036689657,1,1
BIPI.JK,2019Q2,"Oil, Gas and Coal",1.892157659,7.343324922,1.75052E+13,1.41288E+13,-1107.012166,2912.709993,0,1
BIPP.JK,2019Q2,Real Estate Investment and Services Development,-0.249701726,-0.347994349,2.16487E+12,1.30329E+12,-133.8766282,92.32801421,1,1
BIRD.JK,2019Q2,Travel and Leisure,0.965567963,1.333695428,7.0865E+12,1.92339E+12,-19.09862133,-6.004552988,1,1
BISI.JK,2019Q2,Food Producers,0.464021257,0.570636511,2.67429E+12,5.75967E+11,-155.094916,72.37039663,0,1
BKDP.JK,2019Q2,Real Estate Investment and Services Development,-1.22575127,-2.0864863,7.83941E+11,3.01409E+11,36.33959995,-9.85188737,1,1
BKSL.JK,2019Q2,Real Estate Investment and Services Development,0.344170523,0.586428487,1.63804E+13,6.83426E+12,-49.3677179,-35.00221739,1,1
BLTA.JK,2019Q2,Industrial Transportation,0.138908802,0.336948862,1.01221E+12,6.04284E+11,-69.56690942,-18.71489397,1,1
BLTZ.JK,2019Q2,Media,2.458652016,3.794073685,1.87695E+12,6.05869E+11,-192.9758807,30.06862477,1,1
BMSR.JK,2019Q2,Real Estate Investment and Services Development,-0.31350438,-1.20820414,5.78516E+11,4.13645E+11,47.09917781,-13.65773109,1,1
BMTR.JK,2019Q2,Media,1.92983822,3.251325106,2.95983E+13,1.90327E+13,112.1276061,11.21534208,1,1
BOGA.JK,2019Q2,Retailers,0.492010624,0.64062813,5.40933E+11,1.36475E+11,-1.440799774,7.972941726,1,1
BOLT.JK,2019Q2,Automobiles and Parts,-0.629073367,-0.826250241,1.23733E+12,5.73736E+11,-104.5053152,1.680336917,1,1
BPFI.JK,2019Q2,Investment Banking and Brokerage Services,1.091532355,2.361685296,1.75779E+12,9.46502E+11,0.616895351,-0.78845148,1,1
BPII.JK,2019Q2,Industrial Support Services,3.045380754,6.113188739,2.69596E+12,1.87282E+12,323.6844741,196.0490589,1,1
BRAM.JK,2019Q2,Chemicals,1.133363879,1.528921527,4.17506E+12,1.27016E+12,-7.734826695,-4.921524838,0,1
BRNA.JK,2019Q2,General Industrials,-1.583855028,-3.860785726,2.48071E+12,1.46335E+12,-1.646752009,-3.378929682,1,1
BRPT.JK,2019Q2,Construction and Materials,0.452365564,0.446783406,9.86941E+13,8.20525E+13,-53.85352166,-27.96245657,0,1
BSDE.JK,2019Q2,Real Estate Investment and Services Development,2.905582431,5.343769609,5.33061E+13,2.5676E+13,18.52684682,39.03403316,1,1
BSSR.JK,2019Q2,"Oil, Gas and Coal",3.921492205,6.324320265,3.35209E+12,1.34322E+12,-88.34001806,-4.358633513,0,1
BTEK.JK,2019Q2,Food Producers,-0.002183173,-0.005131906,5.20927E+12,2.98028E+12,-34.56894464,-29.18655645,0,1
BTON.JK,2019Q2,Industrial Metals and Mining,0.050152522,0.061698447,2.31113E+11,35859538800,-98.27064758,18.51594033,1,1
BUDI.JK,2019Q2,Food Producers,0.403724275,0.875427889,3.1145E+12,2.14535E+12,26.6173357,-3.109450858,0,1
BUKK.JK,2019Q2,Construction and Materials,1.537555844,3.245968136,4.6315E+12,2.41458E+12,-15.77922756,32.22464056,0,1
BULL.JK,2019Q2,Industrial Transportation,1.542444368,2.584375177,5.42479E+12,2.24627E+12,20.7925267,4.739155686,1,1
BUVA.JK,2019Q2,Real Estate Investment and Services Development,-0.782736015,-0.782971995,4.13932E+12,2.35928E+12,5.154920683,20.73259821,1,1
BWPT.JK,2019Q2,Food Producers,-1.492579635,-4.449784231,1.64525E+13,1.12404E+13,-132.6167248,-26.88631203,0,1
BYAN.JK,2019Q2,"Oil, Gas and Coal",7.698277481,14.50618326,1.96477E+13,1.19115E+13,-38.82476196,13.32696819,0,1
CARS.JK,2019Q2,Retailers,0.407317983,1.830653639,8.24739E+12,6.93604E+12,-4.30739513,0.534880822,1,1
CASS.JK,2019Q2,Industrial Transportation,-2.758065842,-16.20106961,1.94237E+12,1.3567E+12,-85.59843054,18.25395571,1,1
CEKA.JK,2019Q2,Food Producers,2.64584734,3.189661165,1.22427E+12,2.15034E+11,250.4158067,-16.71793877,0,1
CENT.JK,2019Q2,Telecommunications Service Providers,0.062973806,0.114174687,5.51157E+12,2.42956E+12,2931.197152,-2.332160955,0,1
CFIN.JK,2019Q2,Finance and Credit Services,0.689538179,1.835266316,1.21432E+13,7.63446E+12,23.74229419,16.38011579,0,1
CINT.JK,2019Q2,Household Goods and Home Construction,-0.54591158,-0.675528369,4.81152E+11,1.14319E+11,-140.9585238,10.11206258,0,1
CITA.JK,2019Q2,Industrial Metals and Mining,6.517878323,12.31482456,3.73918E+12,1.63698E+12,172.5144341,116.236587,1,1
CLEO.JK,2019Q2,Beverages,3.838508627,5.683268192,1.06619E+12,3.66771E+11,96.0919987,34.47502657,0,1
CLPI.JK,2019Q2,Chemicals,0.633669899,0.951544609,7.08823E+11,2.11299E+11,107.0964137,23.1339115,0,1
CMNP.JK,2019Q2,Industrial Transportation,1.053539807,2.416988824,1.43235E+13,7.22639E+12,27.27044203,-2.15822368,1,1
COWL.JK,2019Q2,Real Estate Investment and Services Development,-1.267206769,-3.923809867,3.57877E+12,2.37437E+12,145.1149424,-40.75525579,1,1
CPIN.JK,2019Q2,Food Producers,3.202589388,4.652920261,2.8631E+13,8.39062E+12,-24.89581524,9.890207179,0,1
CSAP.JK,2019Q2,Retailers,-0.011483947,-0.131360163,5.96783E+12,4.10426E+12,9.347328974,10.43770242,1,1
CTRA.JK,2019Q2,Real Estate Investment and Services Development,0.065420669,0.091389589,3.50766E+13,1.97609E+13,61.37729314,3.556626732,1,1
CTTH.JK,2019Q2,Construction and Materials,-0.761952156,-1.736380171,7.61356E+11,4.1626E+11,8.710817917,-53.61822802,0,1
DART.JK,2019Q2,Real Estate Investment and Services Development,0.052062003,0.102291806,7.04505E+12,3.43786E+12,-6.631177945,21.06010918,1,1
DAYA.JK,2019Q2,Retailers,0.678831269,2.651271003,6.1905E+11,4.69749E+11,205.1739014,82.20040018,1,1
DEFI.JK,2019Q2,Investment Banking and Brokerage Services,-0.026961428,-0.027293816,87949892870,901561450,-35.88304967,-2.791771329,1,1
DEWA.JK,2019Q2,Industrial Metals and Mining,0.064523268,0.115356347,5.93782E+12,2.6504E+12,-56.73806198,19.31536367,1,1
DGIK.JK,2019Q2,Construction and Materials,-0.6666585,-1.766372065,1.67117E+12,1.09605E+12,-1.990889508,-2.640588865,0,1
DILD.JK,2019Q2,Real Estate Investment and Services Development,-0.183575757,-0.659008375,1.4577E+13,8.22264E+12,13.35284085,-58.23862242,1,1
DLTA.JK,2019Q2,Beverages,3.46242245,4.644689817,1.62614E+12,2.35194E+11,-8.143168053,-1.934458307,0,1
DMAS.JK,2019Q2,Real Estate Investment and Services Development,7.889014003,8.827635929,7.46449E+12,6.65901E+11,764.8601145,317.3658924,1,1
DNET.JK,2019Q2,Software & Computer Services,1.02801115,1.692834684,1.48815E+13,5.68997E+12,-329.1290941,41.09504056,1,1
DOID.JK,2019Q2,"Oil, Gas and Coal",0.227038839,1.020960466,1.66916E+13,1.33738E+13,-33.9558109,7.756412358,0,1
DPNS.JK,2019Q2,Chemicals,-0.079639184,0.001297993,3.27626E+11,77459989100,8.350734671,-19.15930581,0,1
DPUM.JK,2019Q2,Food Producers,-1.292366065,-1.936657007,2.10699E+12,7.13756E+11,-186.1196224,-70.04436855,0,1
DSFI.JK,2019Q2,Food Producers,0.857481994,1.822630464,4.02148E+11,2.09831E+11,18.11764381,-4.814427738,0,1
DSNG.JK,2019Q2,Construction and Materials,0.0198857,0.09113767,1.12956E+13,7.84812E+12,57.8249215,4.422106481,0,1
DSSA.JK,2019Q2,Electricity,0.236385259,0.390627118,5.36735E+13,3.04134E+13,-16.28922251,-8.905797009,1,1
DUTI.JK,2019Q2,Real Estate Investment and Services Development,2.070969739,3.011429538,1.30082E+13,5.05771E+12,-20.3181948,34.75979192,1,1
DVLA.JK,2019Q2,Pharmaceuticals and Biotechnology,1.67664971,2.426963774,1.82802E+12,5.34817E+11,35.31541395,12.55897357,0,1
DYAN.JK,2019Q2,Industrial Support Services,1.362920531,2.276295872,1.19503E+12,4.96295E+11,-48.62532301,-8.456544673,1,1
ECII.JK,2019Q2,Retailers,0.380696331,0.426450252,1.95429E+12,2.06456E+11,-200.0930298,5.646552173,1,1
EKAD.JK,2019Q2,Chemicals,1.294645358,1.413032011,8.48704E+11,1.29624E+11,-29.56586014,11.11273275,0,1
ELSA.JK,2019Q2,"Oil, Gas and Coal",1.319817412,2.339428403,6.06809E+12,2.69798E+12,44.95988704,27.97104069,0,1
ELTY.JK,2019Q2,Real Estate Investment and Services Development,-2.564782748,-4.137824925,1.36062E+13,5.38694E+12,-170.3404162,-8.86740343,1,1
EMDE.JK,2019Q2,Real Estate Investment and Services Development,0.845132686,2.23607421,2.14123E+12,1.2899E+12,-123.8050091,-15.36199334,1,1
EMTK.JK,2019Q2,Telecommunications Equipment,-5.564095142,-7.751321142,1.79219E+13,6.91283E+12,-440.1435695,23.641899,0,1
ENRG.JK,2019Q2,"Oil, Gas and Coal",2.422252495,9.142240082,1.06474E+13,7.96576E+12,31.83177977,-8.588518197,0,1
EPMT.JK,2019Q2,Pharmaceuticals and Biotechnology,2.183974358,3.089941089,7.97732E+12,2.11177E+12,4.665942978,10.05581759,0,1
ERAA.JK,2019Q2,Retailers,0.579315559,1.317903389,1.11401E+13,6.49839E+12,-51.95633467,-5.75513112,1,1
ERTX.JK,2019Q2,Personal Goods,0.576722413,1.958455035,9.50427E+11,6.60576E+11,5.696558759,13.27175689,1,1
ESSA.JK,2019Q2,"Oil, Gas and Coal",-0.208465469,-0.288469654,1.31618E+13,1.04416E+13,138.7683124,500.0427377,0,1
ESTI.JK,2019Q2,Industrial Materials,0.32030324,1.211065232,8.86179E+11,6.49659E+11,-171.8327345,-63.70308137,1,1
EXCL.JK,2019Q2,Telecommunications Service Providers,0.389150114,1.214946588,5.83786E+13,3.97173E+13,147.6143853,13.43501163,0,1
FAST.JK,2019Q2,Travel and Leisure,3.353675404,6.831680641,3.25282E+12,1.59626E+12,206.6015743,12.67778113,1,1
FASW.JK,2019Q2,Industrial Materials,2.034526923,4.935302674,1.08646E+13,6.5136E+12,-32.98546863,-13.8715084,1,1
FIRE.JK,2019Q2,Retailers,1.456623068,2.474851056,5.58058E+11,2.41657E+11,-21.61519456,33.20174329,1,1
FISH.JK,2019Q2,Food Producers,0.904393799,3.406007351,5.2057E+12,3.70227E+12,6.806038174,8.340806121,0,1
FMII.JK,2019Q2,Personal Goods,-0.529530775,-0.774921605,9.19264E+11,2.9738E+11,202.5646978,118.4664013,1,1
FORU.JK,2019Q2,Media,3.604967848,6.083450316,1.01057E+11,38112980140,7.705881537,-42.03221182,1,1
FPNI.JK,2019Q2,General Industrials,0.233897085,0.417256321,2.48871E+12,1.25319E+12,-150.7500548,-22.81958837,1,1
FREN.JK,2019Q2,Telecommunications Service Providers,-2.548542973,-5.532267131,2.53667E+13,1.34159E+13,-0.269756325,21.12722084,0,1
GAMA.JK,2019Q2,Real Estate Investment and Services Development,0.013410646,0.016056048,1.38714E+12,2.82336E+11,-12.18728176,-44.92549287,1,1
GDST.JK,2019Q2,Industrial Metals and Mining,0.148979794,0.251404488,1.51363E+12,6.34808E+11,193.8782472,36.08636015,1,1
GDYR.JK,2019Q2,Automobiles and Parts,-0.821454808,-1.961646214,1.78877E+12,1.05328E+12,-42.10579062,-9.005516387,1,1
GEMA.JK,2019Q2,Household Goods and Home Construction,0.118175233,0.257232098,1.04567E+12,6.79681E+11,57.08182455,-37.57029224,0,1
GEMS.JK,2019Q2,"Oil, Gas and Coal",2.060225357,4.280905354,9.9235E+12,5.29052E+12,-49.89368126,5.418765372,0,1
GGRM.JK,2019Q2,Tobacco,2.909721231,4.19077376,6.67001E+13,2.22885E+13,13.81718938,13.82298486,1,1
GIAA.JK,2019Q2,Travel and Leisure,-2.871046319,-17.1957641,5.9735E+13,5.11298E+13,-511.4266042,10.42379013,1,1
GJTL.JK,2019Q2,Automobiles and Parts,-0.026458512,-0.086403295,1.93022E+13,1.32926E+13,-15.85361209,9.216817832,1,1
GMTD.JK,2019Q2,Real Estate Investment and Services Development,0.96104051,1.528229316,1.23068E+12,4.48801E+11,-46.97325435,-40.51180094,1,1
GOLD.JK,2019Q2,Retailers,0.820523139,2.118258098,2.52377E+11,1.56007E+11,5.745368666,8.566248953,1,1
GOLL.JK,2019Q2,Food Producers,-0.658255838,-1.529198612,2.4712E+12,1.78689E+12,-198.2509998,-45.82434661,0,1
GPRA.JK,2019Q2,Real Estate Investment and Services Development,0.403128435,0.320975637,1.541E+12,5.43684E+11,54.65380202,-4.660941379,1,1
GTBO.JK,2019Q2,"Oil, Gas and Coal",-5.473319133,-6.493653944,8.36899E+11,1.18786E+11,-193.4323846,59.78637654,0,1
GWSA.JK,2019Q2,Real Estate Investment and Services Development,0.325246844,0.360367011,7.51413E+12,6.44317E+11,265.7637803,22.35479197,1,1
GZCO.JK,2019Q2,Food Producers,-4.062853799,-12.87265149,2.77719E+12,1.93887E+12,14.40842709,-55.66742449,0,1
HADE.JK,2019Q2,Investment Banking and Brokerage Services,-0.452576024,-0.518177594,72448872140,7491836790,-50.06281835,10.31889605,1,1
HDFA.JK,2019Q2,Finance and Credit Services,-4.017262322,-30.25934319,1.24475E+12,1.05925E+12,-116.1291749,-65.29509109,0,1
HDTX.JK,2019Q2,Industrial Materials,10.35462115,503.4977,5.86941E+11,3.94565E+11,-98.30846946,-21.55553892,1,1
HERO.JK,2019Q2,Retailers,0.185710171,0.289901723,6.23383E+12,2.29327E+12,112.6178621,-4.967321878,1,1
HEXA.JK,2019Q2,Industrial Engineering,2.632902394,5.218627131,4.84145E+12,2.32211E+12,118.0085441,-0.635351351,1,1
HITS.JK,2019Q2,Industrial Transportation,2.296539405,10.2782214,3.10359E+12,2.50621E+12,1.404643946,26.71022208,1,1
HMSP.JK,2019Q2,Tobacco,6.98967116,10.37859929,4.31126E+13,1.4628E+13,11.63597142,3.431153499,1,1
HOKI.JK,2019Q2,Food Producers,3.789108806,5.226102755,8.32273E+11,2.12081E+11,5.477676227,20.00288457,0,1
HOME.JK,2019Q2,Travel and Leisure,-2.902372972,-4.43436198,2.81194E+11,99192566030,-846.4457915,-59.14754085,1,1
HOTL.JK,2019Q2,Travel and Leisure,0.02641413,0.091047765,1.3261E+12,8.9375E+11,-73.25663905,-7.615799388,1,1
HRUM.JK,2019Q2,"Oil, Gas and Coal",1.637570718,2.036924736,6.2107E+12,1.84583E+12,-26.44678599,0.657736421,0,1
IATA.JK,2019Q2,Travel and Leisure,-0.909296217,-1.632369585,9.27476E+11,4.32606E+11,143.4448176,-29.51666317,1,1
IBFN.JK,2019Q2,Finance and Credit Services,-0.868238455,-4.110233102,1.746E+12,1.50982E+12,-13.26984781,-145.7241442,0,1
IBST.JK,2019Q2,Telecommunications Service Providers,0.321838047,0.466654645,7.67909E+12,2.33877E+12,16.79696948,23.11578978,0,1
ICBP.JK,2019Q2,Food Producers,3.549090006,5.395042606,3.73682E+13,1.33402E+13,13.96969282,13.52718373,0,1
ICON.JK,2019Q2,Real Estate Investment and Services Development,0.816825645,1.538877769,3.86697E+11,2.3585E+11,194.2786329,0.985662149,1,1
IDPR.JK,2019Q2,Construction and Materials,-0.131759707,-0.169362131,1.88078E+12,6.99502E+11,-22.18896339,10.63767424,0,1
IGAR.JK,2019Q2,General Industrials,2.23650432,2.635995259,5.94879E+11,2.37787E+11,-4.675704469,-8.314656207,1,1
IIKP.JK,2019Q2,Food Producers,-1.146584544,-1.250277501,2.92315E+11,25003804020,4.745334247,18.49095523,0,1
IKBI.JK,2019Q2,Electronic and Electrical Equipment,1.007525156,1.41050681,1.33251E+12,3.72921E+11,-1.490656476,36.84956347,1,1
IMAS.JK,2019Q2,Automobiles and Parts,-0.457006362,-2.26572461,4.29364E+13,3.27967E+13,-2.359517136,11.66056976,1,1
IMJS.JK,2019Q2,Consumer Services,0.28030783,2.020607164,2.10004E+13,1.78933E+13,45.9519502,27.49577897,1,1
IMPC.JK,2019Q2,General Industrials,0.088707696,0.892444106,2.39994E+12,1.28372E+12,20.0496733,6.724105594,1,1
INAF.JK,2019Q2,Pharmaceuticals and Biotechnology,-0.184450718,-0.545644053,1.39985E+12,9.27558E+11,-70.83973423,-13.97937686,0,1
INAI.JK,2019Q2,Industrial Metals and Mining,0.931677813,4.18682716,1.38894E+12,1.07206E+12,-4.98083152,13.07381883,1,1
INCF.JK,2019Q2,Chemicals,0.300082875,1.04407365,5.26108E+11,3.84696E+11,-130.4793256,35.80598546,0,1
INCI.JK,2019Q2,Chemicals,0.57052423,0.668167774,3.78946E+11,57666345110,-59.83818745,8.66225414,0,1
INCO.JK,2019Q2,Precious Metals and Mining,-0.283173711,-0.32361241,2.97985E+13,3.54999E+12,-124.4838634,-19.91082376,1,1
INDF.JK,2019Q2,Food Producers,1.331966957,3.40891939,9.73677E+13,6.29051E+13,3.87016607,5.830742513,0,1
INDR.JK,2019Q2,Personal Goods,0.314093674,0.649924915,1.0886E+13,5.6705E+12,-65.2006435,-2.277737048,1,1
INDS.JK,2019Q2,Automobiles and Parts,0.030540981,0.035958349,2.51612E+12,2.73274E+11,-18.50913085,-18.59505072,1,1
INDY.JK,2019Q2,"Oil, Gas and Coal",0.151420674,0.102994761,5.02924E+13,3.73439E+13,-56.69160327,5.021626403,0,1
INKP.JK,2019Q2,Industrial Materials,0.836367204,1.908081134,1.24871E+14,7.0403E+13,-34.89447315,-3.626153349,1,1
INPP.JK,2019Q2,Real Estate Investment and Services Development,24.03172805,38.14115636,8.17902E+12,2.99684E+12,221.6006892,14.80660323,1,1
INRU.JK,2019Q2,Industrial Materials,-0.095450937,-0.244753393,6.55418E+12,4.13766E+12,304.8555596,-31.44749928,1,1
INTD.JK,2019Q2,Leisure Goods,0.839682554,1.142374574,50267098370,11964219800,-81.56521214,5.741302676,1,1
INTP.JK,2019Q2,Construction and Materials,0.910484653,1.069555493,2.58529E+13,4.01621E+12,980.2623568,6.731058491,0,1
IPOL.JK,2019Q2,General Industrials,0.397373356,0.693854487,3.95936E+12,1.89011E+12,19.83385527,-4.299608552,1,1
ISAT.JK,2019Q2,Telecommunications Service Providers,-0.073142201,-0.362600229,5.58625E+13,4.50224E+13,-7.831563479,16.22825709,0,1
ISSP.JK,2019Q2,Industrial Metals and Mining,0.467313803,1.041055932,6.70016E+12,3.51801E+12,33.10415448,10.43969247,1,1
ITMA.JK,2019Q2,"Oil, Gas and Coal",2.970949399,2.974859039,1.95534E+12,4177599750,64.02739173,-3.957299245,0,1
ITMG.JK,2019Q2,"Oil, Gas and Coal",2.146462432,3.561307176,1.87044E+13,6.1397E+12,-32.67786122,0.6707126,0,1
JAWA.JK,2019Q2,Food Producers,-1.906303637,-12.17622956,3.52598E+12,3.01192E+12,-1005.113363,-1.597115392,0,1
JECC.JK,2019Q2,Technology Hardware & Equipment,1.393481229,4.59477585,1.98638E+12,1.44901E+12,-50.90206906,14.9285702,0,1
JGLE.JK,2019Q2,Travel and Leisure,-0.396018339,-0.670129721,3.82181E+12,1.56447E+12,-40.5291576,-11.30837261,1,1
JIHD.JK,2019Q2,Real Estate Investment and Services Development,0.294030534,-0.031699614,6.59197E+12,3.02236E+12,-84.23536675,-7.833947526,1,1
JKON.JK,2019Q2,Construction and Materials,0.060681872,0.132048202,5.06146E+12,2.40607E+12,-85.70968846,12.74355513,0,1
JPFA.JK,2019Q2,Food Producers,2.446431817,5.299318638,2.52165E+13,1.54675E+13,-23.93337924,9.434595276,0,1
JRPT.JK,2019Q2,Real Estate Investment and Services Development,2.30989188,3.802425778,1.10265E+13,4.47596E+12,14.29121222,7.819310199,1,1
JSMR.JK,2019Q2,Industrial Transportation,0.519558885,2.701281994,8.96706E+13,7.20106E+13,19.93101152,-31.32908992,1,1
JSPT.JK,2019Q2,Travel and Leisure,0.12136732,0.360782528,5.13871E+12,2.71924E+12,-66.96597506,-45.658636,1,1
JTPE.JK,2019Q2,Industrial Support Services,2.699960624,3.650549522,1.03941E+12,4.32702E+11,185.7609128,39.15207854,1,1
KAEF.JK,2019Q2,Pharmaceuticals and Biotechnology,0.331228564,0.563024361,1.67975E+13,9.38923E+12,-14.06875663,41.74986651,0,1
KBLI.JK,2019Q2,Electronic and Electrical Equipment,1.886946364,3.10953837,3.06409E+12,1.20459E+12,176.4803909,16.54009517,1,1
KBLM.JK,2019Q2,Electronic and Electrical Equipment,0.715595163,1.130582475,1.30191E+12,4.79496E+11,742.6742095,19.77188682,1,1
KBLV.JK,2019Q2,Telecommunications Service Providers,-0.718400078,-2.063234868,6.91023E+12,4.93749E+12,-100.2630399,-82.66062495,0,1
KBRI.JK,2019Q2,Industrial Materials,-4.119607937,-15.43605604,1.17123E+12,8.67717E+11,-63.22510171,-77.19175914,1,1
KDSI.JK,2019Q2,Household Goods and Home Construction,1.598368215,3.886126699,1.41489E+12,8.18239E+11,55.38682862,-3.904970437,0,1
KIAS.JK,2019Q2,Construction and Materials,-2.478369913,-3.038809079,1.61957E+12,3.80229E+11,-11.11720951,-12.94804421,0,1
KICI.JK,2019Q2,Household Goods and Home Construction,-0.586167748,-0.971011173,1.54135E+11,62184082600,-218.1988684,24.55743451,0,1
KIJA.JK,2019Q2,Real Estate Investment and Services Development,-0.20913284,-0.45956577,1.19527E+13,6.61723E+12,336.7698588,-30.82372815,1,1
KINO.JK,2019Q2,"Personal Care, Drug and Grocery Stores",1.29126944,2.39387562,4.60363E+12,2.12521E+12,78.40762278,40.03480725,0,1
KIOS.JK,2019Q2,Software & Computer Services,0.193420752,0.445636208,2.63285E+11,1.48916E+11,24.78513666,0.637669551,1,1
KKGI.JK,2019Q2,"Oil, Gas and Coal",3.283882198,4.773986052,1.73114E+12,5.72417E+11,-247.1393524,450.4703248,0,1
KLBF.JK,2019Q2,Pharmaceuticals and Biotechnology,3.552581494,4.437832311,1.88131E+13,4.14816E+12,5.880577641,8.340691039,0,1
KMTR.JK,2019Q2,Automobiles and Parts,1.600153266,4.0265854,4.74286E+12,2.94992E+12,60.37146775,8.170388231,1,1
KOBX.JK,2019Q2,Industrial Transportation,-0.123950714,-0.504939936,1.82234E+12,1.34911E+12,7.202157087,-27.06401336,1,1
KOIN.JK,2019Q2,Retailers,-0.246464878,-1.852173476,7.41463E+11,7.17436E+11,-219.5407654,-11.94034613,1,1
KONI.JK,2019Q2,Leisure Goods,-1.12750051,-10.56120144,1.16628E+11,1.09574E+11,-63.2373723,-15.37096119,1,1
KOPI.JK,2019Q2,"Oil, Gas and Coal",3.087247613,5.728140072,1.64161E+11,80403865870,-202.2121014,131.5403514,0,1
KPIG.JK,2019Q2,Real Estate Investment and Services Development,1.458706092,1.867242412,2.4971E+13,4.75592E+12,-3.562842327,9.180413965,1,1
KRAH.JK,2019Q2,Industrial Engineering,-9.816841426,-40.30095783,6.45953E+11,4.12574E+11,-8.939034083,-54.00324747,1,1
KRAS.JK,2019Q2,Industrial Metals and Mining,-1.746539301,-4.17333426,6.03255E+13,3.61727E+13,186.2761655,-24.17333245,1,1
KREN.JK,2019Q2,Investment Banking and Brokerage Services,4.637437381,7.301645265,3.5255E+12,1.87174E+12,34.66504419,63.03569993,1,1
LEAD.JK,2019Q2,"Oil, Gas and Coal",-2.246079486,-7.347054131,2.19436E+12,1.5442E+12,24.42985512,-17.15499985,0,1
LINK.JK,2019Q2,Telecommunications Service Providers,4.294482333,5.545455935,6.10223E+12,1.14431E+12,-3.154133606,-2.5571396,0,1
LION.JK,2019Q2,Industrial Metals and Mining,0.377774612,0.540312081,6.78741E+11,2.13662E+11,-76.6758278,-4.816578991,1,1
LMAS.JK,2019Q2,Media,0.913342314,3.459133507,4.15836E+11,3.48901E+11,38.49715052,47.70064147,1,1
LMPI.JK,2019Q2,Household Goods and Home Construction,-1.365949658,-3.316610978,7.52748E+11,4.6557E+11,-207.4309206,6.881241125,0,1
LMSH.JK,2019Q2,Industrial Metals and Mining,-3.932148743,-4.691091479,1.48892E+11,25862122110,-191.6547461,-30.38630116,1,1
LPCK.JK,2019Q2,Real Estate Investment and Services Development,0.6032504,0.801243139,9.89849E+12,2.00348E+12,-98.02308786,-65.56281627,1,1
LPIN.JK,2019Q2,Automobiles and Parts,2.613063876,2.912740595,3.02403E+11,28935603820,-77.0619608,-21.79763596,1,1
LPKR.JK,2019Q2,Real Estate Investment and Services Development,-2.974811414,-6.575425005,5.28979E+13,3.03891E+13,-1989.720637,-14.58760232,1,1
LPLI.JK,2019Q2,Software & Computer Services,-1.797524864,-2.306025472,1.30212E+12,2.85522E+11,-12.10015528,4.010822855,1,1
LPPF.JK,2019Q2,Retailers,19.44525933,58.47022366,5.2203E+12,3.48429E+12,-39.14686896,1.747456474,1,1
LPPS.JK,2019Q2,Investment Banking and Brokerage Services,-1.337837909,-1.351822047,1.18777E+12,12633141010,-23.34232607,-98.78905625,1,1
LRNA.JK,2019Q2,Industrial Transportation,1.835076385,2.158870733,3.15476E+11,46690269080,-62.27689586,31.45300159,1,1
LSIP.JK,2019Q2,Food Producers,0.374256673,0.462768309,1.03252E+13,1.95954E+12,-74.66999877,6.863456396,0,1
LTLS.JK,2019Q2,Chemicals,1.129132007,3.062200859,6.19256E+12,4.30535E+12,47.6573643,-3.394432297,0,1
MAIN.JK,2019Q2,Food Producers,1.205484718,2.740570012,4.59968E+12,2.60463E+12,-14.59856284,20.55021917,0,1
MAMI.JK,2019Q2,Travel and Leisure,-0.014547794,-0.263493067,9.94892E+11,3.10062E+11,55.69441176,-16.93120082,1,1
MAPB.JK,2019Q2,Travel and Leisure,1.734399548,2.950610515,1.94321E+12,8.11162E+11,20.33360456,21.5781451,1,1
MAPI.JK,2019Q2,Retailers,3.425523676,6.352658813,1.27819E+13,7.01534E+12,44.20979458,11.73509704,1,1
MARI.JK,2019Q2,Media,2.278593824,3.743253794,3.24612E+11,1.25507E+11,9.229524861,21.16354587,1,1
MASA.JK,2019Q2,Automobiles and Parts,-0.567887419,-1.043947213,7.91796E+12,3.92638E+12,59.04713204,-4.27416394,1,1
MBAP.JK,2019Q2,"Oil, Gas and Coal",5.857813518,8.013899874,2.61471E+12,6.94597E+11,-13.71687106,17.9975301,0,1
MBSS.JK,2019Q2,Industrial Transportation,-0.319304228,-0.472506247,3.29915E+12,9.92732E+11,-44.79318472,5.924849433,1,1
MBTO.JK,2019Q2,Personal Goods,-2.829288928,-6.165541126,6.15223E+11,3.31778E+11,-24.46559523,-20.80596702,1,1
MCAS.JK,2019Q2,Software & Computer Services,1.988762318,1.885421721,1.59064E+12,8.91237E+11,80.60042821,93.53458716,1,1
MDIA.JK,2019Q2,Media,0.182255243,0.429907998,5.77177E+12,3.16347E+12,-101.035413,-27.56283463,1,1
MDKA.JK,2019Q2,Industrial Metals and Mining,2.696624329,5.668675894,1.25619E+13,6.96106E+12,-7.983431708,129.5691584,1,1
MDKI.JK,2019Q2,Chemicals,0.714571246,0.819736506,9.31636E+11,1.28581E+11,5.747264639,-11.6534419,0,1
MDLN.JK,2019Q2,Real Estate Investment and Services Development,2.054895319,4.55160879,1.57399E+13,8.58898E+12,108.2557117,53.02371682,1,1
MEDC.JK,2019Q2,"Oil, Gas and Coal",-0.06157832,-0.479993923,8.8502E+13,5.45604E+13,14.08320885,7.76760991,0,1
MERK.JK,2019Q2,Pharmaceuticals and Biotechnology,-0.517194201,-1.031075166,8.48785E+11,7.23099E+11,-41.69979521,-0.288517897,0,1
META.JK,2019Q2,Industrial Transportation,1.581061027,1.983993523,4.2802E+12,1.79102E+12,-25.08553351,-21.70743314,1,1
MFIN.JK,2019Q2,Finance and Credit Services,2.171824605,4.041376512,4.16031E+12,2.05421E+12,28.37514234,19.53928111,0,1
MFMI.JK,2019Q2,Industrial Support Services,3.231293795,4.066386211,2.78457E+11,55312184550,14.33980191,-0.060114219,1,1
MICE.JK,2019Q2,"Personal Care, Drug and Grocery Stores",0.455281053,0.770489726,1.00727E+12,3.38467E+11,30.73519184,26.09153293,0,1
MIDI.JK,2019Q2,Retailers,1.167298633,5.479874731,5.22466E+12,4.13467E+12,12.68694019,7.077173552,1,1
MIKA.JK,2019Q2,Health Care Providers,3.536705129,4.194068518,5.40975E+12,1.18568E+12,20.72353085,16.19770919,0,1
MIRA.JK,2019Q2,Industrial Transportation,0.395430857,0.606956341,3.53818E+11,1.11244E+11,-5.711178963,6.410888356,1,1
MKNT.JK,2019Q2,Telecommunications Equipment,-6.900291603,-30.15186989,7.46703E+11,6.72608E+11,-235.9445946,-27.73124088,0,1
MKPI.JK,2019Q2,Real Estate Investment and Services Development,1.482001058,1.978979129,6.8974E+12,1.75746E+12,-45.85072236,-5.924853429,1,1
MLBI.JK,2019Q2,Beverages,8.237617667,25.50414852,2.80487E+12,2.28144E+12,1.716659887,4.47527176,0,1
MLIA.JK,2019Q2,Construction and Materials,0.371831336,0.852773639,5.24681E+12,2.92602E+12,9.223162504,-38.77125843,0,1
MLPL.JK,2019Q2,Retailers,0.102075994,1.019866875,1.65111E+13,1.199E+13,-106.0524432,-8.476203121,1,1
MLPT.JK,2019Q2,Software & Computer Services,1.35906342,3.892269127,2.22605E+12,1.2442E+12,17.37263207,36.54713377,1,1
MMLP.JK,2019Q2,Industrial Support Services,3.026930146,3.636013973,6.09132E+12,2.31743E+12,19.99407861,40.51338637,1,1
MNCN.JK,2019Q2,Media,3.778728105,5.880000116,1.71521E+13,6.58378E+12,20.7584302,13.34008566,1,1
MPMX.JK,2019Q2,Automobiles and Parts,1.432792199,1.87702274,9.62539E+12,2.71264E+12,-21.14214351,5.013032055,1,1
MPOW.JK,2019Q2,Electricity,1.433142158,2.917659078,3.05345E+11,1.52797E+11,-4.294738734,-6.615701561,1,1
MPPA.JK,2019Q2,Retailers,-2.287549229,-10.31218474,5.04462E+12,4.00811E+12,-51.63112184,-31.65377012,1,1
MRAT.JK,2019Q2,Personal Goods,-0.486782089,-0.679319847,5.11369E+11,1.46056E+11,-140.5157289,-23.7343714,1,1
MSKY.JK,2019Q2,Media,-0.792924738,-1.843301861,4.60639E+12,2.62268E+12,-877.6633234,-7.183644437,1,1
MTDL.JK,2019Q2,Technology Hardware & Equipment,1.82003994,3.533514023,5.16621E+12,3.27053E+12,6.599325378,20.50141963,0,1
MTFN.JK,2019Q2,Investment Banking and Brokerage Services,0.222433397,35.24812903,1.09026E+12,1.08707E+12,-740.6993311,-51.48704743,1,1
MTLA.JK,2019Q2,Real Estate Investment and Services Development,2.599541948,4.015156424,5.2243E+12,1.79347E+12,-33.868432,22.62840301,1,1
MTRA.JK,2019Q2,Construction and Materials,1.294166207,2.489146406,2.59233E+11,1.28159E+11,108.7680677,-25.76860548,0,1
MTSM.JK,2019Q2,"Personal Care, Drug and Grocery Stores",-3.320841424,-3.992338746,73111516160,12131250590,-221.9261372,3.370934729,0,1
MYOH.JK,2019Q2,"Oil, Gas and Coal",1.902020497,2.524716715,2.00943E+12,5.72748E+11,30.13031022,0.670672068,0,1
MYOR.JK,2019Q2,Food Producers,2.015747449,3.798010488,1.7682E+13,8.52951E+12,43.88784422,11.90293558,0,1
NASA.JK,2019Q2,Real Estate Investment and Services Development,-0.217539848,-0.222781509,1.16525E+12,81256770640,-4.681925816,-84.23308839,1,1
NELY.JK,2019Q2,Industrial Transportation,2.321873097,2.716702615,5.11929E+11,82189954610,-1.451333907,15.70193152,1,1
NIKL.JK,2019Q2,Industrial Metals and Mining,0.131566303,0.373164127,1.68618E+12,1.04453E+12,-124.6168109,-15.86470113,1,1
NIPS.JK,2019Q2,Electronic and Electrical Equipment,2.237727227,4.725989137,1.77796E+12,8.11326E+11,-197.4631789,15.56249306,1,1
NIRO.JK,2019Q2,Real Estate Investment and Services Development,-0.166720725,-0.197878234,7.90152E+12,5.84592E+12,-221.7772067,5.977944272,1,1
NRCA.JK,2019Q2,Construction and Materials,1.872211859,3.656535424,2.44011E+12,1.10074E+12,-20.43475393,54.02621598,0,1
OASA.JK,2019Q2,Telecommunications Equipment,0.217678912,0.243958913,57572494180,8253560560,216.844871,5.506743232,0,1
OMRE.JK,2019Q2,Real Estate Investment and Services Development,-0.58923144,-0.646275002,4.23098E+12,4.32032E+11,-10.00245851,12.54181108,1,1
PADI.JK,2019Q2,Investment Banking and Brokerage Services,1.699477181,1.761003253,5.45371E+11,19951945020,8.857326088,557.8583721,1,1
PALM.JK,2019Q2,Food Producers,-0.997190215,-1.223792302,1.92461E+12,3.80515E+11,-353.8774377,-69.22521234,0,1
PANR.JK,2019Q2,Travel and Leisure,-0.308847201,-1.124972379,1.85618E+12,1.1612E+12,-12.95449544,2.812759005,1,1
PANS.JK,2019Q2,Investment Banking and Brokerage Services,1.101673304,1.905281044,2.28211E+12,9.41405E+11,-415.7649664,99.65706763,1,1
PBRX.JK,2019Q2,Personal Goods,1.259325101,2.832365909,8.98795E+12,4.95154E+12,21.93271217,10.43152502,1,1
PBSA.JK,2019Q2,Construction and Materials,-0.057261251,-0.073405047,7.01184E+11,1.31672E+11,126.4190319,3.448285229,0,1
PCAR.JK,2019Q2,Food Producers,-3.064785806,-3.992045756,1.12667E+11,27071199510,-0.533335832,-63.50440554,0,1
PDES.JK,2019Q2,Travel and Leisure,1.295815158,2.812030619,4.629E+11,2.49231E+11,-86.56637671,-15.41710385,1,1
PEGE.JK,2019Q2,Investment Banking and Brokerage Services,9.144130583,11.37032755,7.10212E+11,1.41359E+11,620.3938049,356.9327727,1,1
PGAS.JK,2019Q2,"Gas, Water and Multi-utilities",-0.000675565,-0.427866357,1.02313E+14,6.91809E+13,-5.607305103,-5.974655733,0,1
PGLI.JK,2019Q2,Travel and Leisure,-0.240104962,-0.00621992,87225369670,24114978240,63.88812614,-7.726859815,1,1
PICO.JK,2019Q2,General Industrials,0.194006607,0.51717469,8.52932E+11,5.46688E+11,0.968509572,13.48176052,1,1
PJAA.JK,2019Q2,Travel and Leisure,1.46328099,3.069398595,4.04181E+12,2.35321E+12,-26.95143836,8.695685372,1,1
PKPK.JK,2019Q2,"Oil, Gas and Coal",0.183227204,0.421143026,1.28176E+11,72315866000,-88.61971461,-41.11295328,0,1
PLIN.JK,2019Q2,Travel and Leisure,1.663215905,2.655720897,5.03113E+12,4.23501E+12,93.52000233,3.17788155,1,1
PORT.JK,2019Q2,Industrial Transportation,-0.003598737,0.531370637,2.23842E+12,1.13286E+12,-25.05536975,28.09159828,1,1
POWR.JK,2019Q2,Electricity,2.106906666,4.2471086,1.84917E+13,9.52198E+12,9.196442191,2.547234597,1,1
PPRO.JK,2019Q2,Real Estate Investment and Services Development,0.62674002,1.975878398,1.72378E+13,1.18015E+13,-37.51326406,-17.42638655,1,1
PRAS.JK,2019Q2,Industrial Metals and Mining,0.295263016,0.671929418,1.72035E+12,9.25171E+11,-42.67160928,-22.51731063,1,1
PRDA.JK,2019Q2,Medical Equipment and Services,1.743264045,2.138447196,1.89546E+12,3.56859E+11,20.40366497,12.20230574,0,1
PSAB.JK,2019Q2,Travel and Leisure,0.094352972,0.328273649,1.34735E+13,8.45279E+12,32.37921364,30.52033984,1,1
PSKT.JK,2019Q2,Travel and Leisure,-1.092629813,-1.252213255,4.67805E+11,55470977470,-63.78080152,-15.81781855,1,1
PTBA.JK,2019Q2,"Oil, Gas and Coal",3.628397504,5.225644885,2.34121E+13,7.53661E+12,-30.45888352,10.50465165,0,1
PTIS.JK,2019Q2,General Industrials,0.083856273,0.191598529,5.30441E+11,2.97774E+11,-27.84252074,1.898581099,1,1
PTPP.JK,2019Q2,Construction and Materials,0.462928655,1.342741727,5.35045E+13,4.06951E+13,-18.07024826,-2.265364062,0,1
PTRO.JK,2019Q2,"Oil, Gas and Coal",0.84224475,2.407160938,7.79717E+12,5.11832E+12,-19.01566273,16.72377851,0,1
PTSN.JK,2019Q2,Electronic and Electrical Equipment,0.43414239,1.530346898,3.7376E+12,2.73641E+12,1.127909273,118.534096,1,1
PTSP.JK,2019Q2,Travel and Leisure,4.081152694,7.015604748,3.31299E+11,1.69805E+11,38.58063564,27.04698947,1,1
PWON.JK,2019Q2,Real Estate Investment and Services Development,3.036200737,4.781604561,2.55773E+13,1.21393E+13,33.90301354,3.699788257,1,1
PYFA.JK,2019Q2,Pharmaceuticals and Biotechnology,-0.0642896,-0.100919947,1.84443E+11,70493078640,14.52926321,-0.846332803,0,1
RALS.JK,2019Q2,Retailers,8.897746573,12.78095842,6.26571E+12,2.17023E+12,0.268441073,-0.120003206,1,1
RANC.JK,2019Q2,"Personal Care, Drug and Grocery Stores",1.405056546,2.498844769,9.04619E+11,3.88781E+11,-2.350016988,1.748405796,0,1
RBMS.JK,2019Q2,Real Estate Investment and Services Development,-0.472605042,-0.500248755,8.16005E+11,2.04326E+11,-145.5361207,34.16958387,1,1
RELI.JK,2019Q2,Investment Banking and Brokerage Services,1.081373999,1.467650833,6.56392E+11,1.40873E+11,-19.72830879,176.5399719,1,1
RIGS.JK,2019Q2,Industrial Transportation,-15.51475241,-22.12486273,9.02227E+11,3.0599E+11,-892.6966667,3.626519653,1,1
RIMO.JK,2019Q2,Retailers,-1.054959367,-1.230906082,5.9315E+12,1.07872E+12,-189.8909115,823.1585912,1,1
RMBA.JK,2019Q2,Tobacco,-0.545488652,-0.999907931,1.56615E+13,6.51362E+12,-89.15562868,9.943646499,1,1
RODA.JK,2019Q2,Real Estate Investment and Services Development,-0.287729407,-0.40410226,3.98683E+12,1.59418E+12,1030.766967,37.14824825,1,1
ROTI.JK,2019Q2,Food Producers,0.510771029,1.264165652,4.40826E+12,1.52486E+12,546.567314,28.89587042,0,1
RUIS.JK,2019Q2,"Oil, Gas and Coal",0.643242537,1.595837106,1.04773E+12,5.93685E+11,22.92039119,21.63032706,0,1
SAME.JK,2019Q2,Health Care Providers,0.026442783,0.050601333,2.53301E+12,1.20209E+12,-20.13592485,9.800695425,0,1
SCCO.JK,2019Q2,Electronic and Electrical Equipment,1.020767983,1.536225188,4.31873E+12,1.30916E+12,37.15134747,18.29838361,1,1
SCMA.JK,2019Q2,Media,4.244309767,6.09403989,6.9014E+12,1.89365E+12,-36.41773477,14.6258807,1,1
SCPI.JK,2019Q2,Pharmaceuticals and Biotechnology,0.523470665,1.41412372,1.70111E+12,1.12608E+12,-93.66150725,4.461288669,0,1
SDMU.JK,2019Q2,Industrial Transportation,-2.833252232,-5.369749379,3.47911E+11,1.66963E+11,-99.63977952,15.19741943,1,1
SDPC.JK,2019Q2,Pharmaceuticals and Biotechnology,0.291289226,1.588964329,1.28946E+12,1.05399E+12,5.407889486,18.73068149,0,1
SGRO.JK,2019Q2,Food Producers,-0.245902414,-0.58521105,9.206E+12,5.31805E+12,-80.61537134,-8.926556849,0,1
SHID.JK,2019Q2,Travel and Leisure,-1.070796877,-1.70218295,1.4764E+12,5.54267E+11,-76.37691634,-27.99200702,1,1
SHIP.JK,2019Q2,Industrial Transportation,1.617319348,3.817417908,3.3846E+12,2.37067E+12,66.74013968,42.45070333,1,1
SIDO.JK,2019Q2,Food Producers,4.889977142,5.436923358,3.27093E+12,3.04222E+11,29.08687607,6.575048972,0,1
SILO.JK,2019Q2,Health Care Providers,0.021634139,0.024876349,7.85421E+12,1.5618E+12,568.5022026,18.89095209,0,1
SIMP.JK,2019Q2,Food Producers,-1.018853275,-1.898486463,3.52281E+13,2.06663E+13,-49.21851254,-6.619210823,0,1
SIPD.JK,2019Q2,Food Producers,0.770222788,2.06148758,2.39721E+12,1.36668E+12,327.7602524,32.76228801,0,1
SKBM.JK,2019Q2,Food Producers,-0.00678084,-0.074994581,1.70799E+12,8.37469E+11,-9.560899469,0.847453282,0,1
SKLT.JK,2019Q2,Food Producers,1.626114202,3.556776425,7.98533E+11,4.07215E+11,104.8844127,22.03877301,0,1
SMAR.JK,2019Q2,Food Producers,-0.690580123,-1.670056552,2.73338E+13,1.70136E+13,-177.9503362,-8.859119429,0,1
SMBR.JK,2019Q2,Construction and Materials,0.061990452,0.098910455,5.58235E+12,2.12663E+12,4.502670651,5.503727183,0,1
SMCB.JK,2019Q2,Construction and Materials,-0.820438104,-2.502476347,1.90368E+13,1.2902E+13,-165.393823,-6.731740661,0,1
SMDM.JK,2019Q2,Real Estate Investment and Services Development,0.743036216,0.513539158,3.18161E+12,1.40165E+12,40.77463793,13.69968986,1,1
SMDR.JK,2019Q2,Industrial Transportation,-5.977597976,-11.1162667,7.82122E+12,5.16074E+12,-2549.249034,-11.88551504,1,1
SMGR.JK,2019Q2,Construction and Materials,0.31352895,0.704057862,7.69832E+13,4.67037E+13,0.454524761,22.91252147,0,1
SMMT.JK,2019Q2,"Oil, Gas and Coal",2.190315774,3.21958012,8.43904E+11,3.0089E+11,558.5508504,79.86737217,0,1
SMRA.JK,2019Q2,Real Estate Investment and Services Development,0.472987189,1.532442821,2.39473E+13,1.69682E+13,7.272339381,9.84475266,1,1
SMRU.JK,2019Q2,Industrial Metals and Mining,-2.395472596,-4.832464363,1.82159E+12,8.99792E+11,-9.828010084,3.231908858,1,1
SMSM.JK,2019Q2,Automobiles and Parts,4.176188418,5.549349019,2.79858E+12,8.66818E+11,-1.013324771,-2.644987767,1,1
SOCI.JK,2019Q2,Industrial Transportation,0.551949328,1.138743592,9.75347E+12,4.94401E+12,95.84213153,20.23400954,1,1
SONA.JK,2019Q2,Travel and Leisure,1.238689335,2.00106264,1.26605E+12,4.6436E+11,-85.61465503,-21.63537019,1,1
SPMA.JK,2019Q2,Industrial Materials,1.49565718,2.478667737,2.20556E+12,8.78301E+11,61.9826204,16.0332242,1,1
SRAJ.JK,2019Q2,Health Care Providers,0.14220731,0.217269055,2.87135E+12,1.0251E+12,-139.3045704,43.11556041,0,1
SRIL.JK,2019Q2,Personal Goods,2.031630698,5.287656544,1.98848E+13,1.21904E+13,0.280632595,22.38190589,1,1
SRTG.JK,2019Q2,Investment Banking and Brokerage Services,9.244651386,11.57720699,2.30512E+13,4.51432E+12,-291.0129561,-326.6376391,1,1
SSIA.JK,2019Q2,Construction and Materials,-0.115146626,-0.588596511,7.61531E+12,3.45369E+12,-24.29400408,62.08904786,0,1
SSMS.JK,2019Q2,Food Producers,-1.147111359,-3.127410494,1.12441E+13,6.96138E+12,-41.71301981,-34.44666037,0,1
SSTM.JK,2019Q2,Personal Goods,-0.001421902,-0.003571856,5.37498E+11,3.36572E+11,-871.214906,-3.186699605,1,1
STTP.JK,2019Q2,Food Producers,4.205722581,6.235098619,2.58739E+12,1.05042E+12,41.97332361,34.22520208,0,1
SUPR.JK,2019Q2,Telecommunications Service Providers,-0.155703655,-0.596890789,1.10804E+13,8.11558E+12,-11.41704488,-9.313232694,0,1
TALF.JK,2019Q2,General Industrials,0.365198324,0.448885005,1.09905E+12,1.67139E+11,-40.93523399,-19.19819535,1,1
TARA.JK,2019Q2,Real Estate Investment and Services Development,0.027043701,0.021104486,1.12287E+12,78018263220,-52.25381774,-52.1218432,1,1
TBIG.JK,2019Q2,Telecommunications Equipment,0.593848748,4.986986209,2.92828E+13,2.5565E+13,6.682650702,9.984916696,0,1
TBLA.JK,2019Q2,Food Producers,0.942669098,3.090780949,1.65855E+13,1.16099E+13,-0.981955624,4.704074863,0,1
TBMS.JK,2019Q2,Industrial Metals and Mining,0.814050915,3.336059067,2.40564E+12,1.77498E+12,124.2444921,-18.90431711,1,1
TCID.JK,2019Q2,Personal Goods,0.902408031,1.153757645,2.50993E+12,5.8479E+11,6.525466423,11.3645834,1,1
TELE.JK,2019Q2,Telecommunications Equipment,0.149853874,0.31781001,8.33909E+12,4.30188E+12,52.02872797,-11.61578093,0,1
TFCO.JK,2019Q2,Chemicals,-0.004500139,-0.004887154,4.49045E+12,3.90254E+11,-109.5679675,-6.44997609,0,1
TGKA.JK,2019Q2,"Personal Care, Drug and Grocery Stores",3.523692465,8.662419108,2.83751E+12,1.92396E+12,77.15347852,10.39309664,0,1
TGRA.JK,2019Q2,Electricity,0.273987311,0.275377537,4.70822E+11,1.61148E+11,-659.3477936,139.5200205,1,1
TIFA.JK,2019Q2,Finance and Credit Services,0.663080047,2.611220065,1.34E+12,9.84781E+11,-4.285955614,-4.950663669,0,1
TINS.JK,2019Q2,Industrial Metals and Mining,-0.442166826,-1.276756971,2.06504E+13,1.10199E+13,372.857372,140.0041843,1,1
TIRA.JK,2019Q2,Industrial Engineering,-0.252318585,0.130284035,3.43588E+11,1.8376E+11,-172.7761675,25.07956035,1,1
TKIM.JK,2019Q2,Industrial Materials,1.908094816,4.354632341,4.24199E+13,2.37566E+13,33.10853747,-1.989492275,1,1
TLKM.JK,2019Q2,Telecommunications Service Providers,3.217037327,4.876995032,2.15699E+14,1.14003E+14,10.58098915,7.743950039,0,1
TMAS.JK,2019Q2,Industrial Transportation,1.49063915,3.864882963,2.84096E+12,1.72247E+12,13.38568869,8.940252025,1,1
TOBA.JK,2019Q2,"Oil, Gas and Coal",2.559190007,3.510772901,7.36159E+12,4.70739E+12,-53.09037979,51.01091742,0,1
TOPS.JK,2019Q2,Construction and Materials,0.541837953,1.297320267,3.32069E+12,1.89116E+12,-33.86449834,-44.27765633,0,1
TOTL.JK,2019Q2,Construction and Materials,1.246392424,3.620252673,2.9815E+12,1.95756E+12,-16.93299165,-10.49042135,0,1
TOTO.JK,2019Q2,Construction and Materials,0.780613884,1.133424448,2.76639E+12,8.56311E+11,-75.30181591,-20.88919489,0,1
TOWR.JK,2019Q2,Telecommunications Service Providers,2.073529256,6.416121605,2.60506E+13,1.57666E+13,2.100618569,7.179933614,0,1
TPIA.JK,2019Q2,Chemicals,0.504692029,0.881199859,4.51086E+13,2.00868E+13,-34.70526251,-16.31269035,0,1
TPMA.JK,2019Q2,Industrial Transportation,1.223725586,1.783584811,1.55225E+12,5.07399E+11,-39.36663172,-7.348613225,1,1
TRAM.JK,2019Q2,Industrial Transportation,1.433497399,3.301635751,1.13216E+13,1.40957E+12,-123.1168317,484.0488448,1,1
TRIM.JK,2019Q2,Investment Banking and Brokerage Services,1.009190384,1.959727214,1.68005E+12,8.54802E+11,2.427128006,-3.47811998,1,1
TRIS.JK,2019Q2,Personal Goods,0.083258312,-0.568714513,6.39965E+11,3.93291E+11,12.47008206,70.3573736,1,1
TRST.JK,2019Q2,General Industrials,0.250774599,0.722858191,4.39673E+12,2.2032E+12,5.859494274,7.225085195,1,1
TRUS.JK,2019Q2,Investment Banking and Brokerage Services,1.800504517,1.956331751,3.00505E+11,24120510450,8.067048871,9.328295634,1,1
TSPC.JK,2019Q2,Pharmaceuticals and Biotechnology,1.588278645,2.397001903,8.06481E+12,2.7584E+12,3.886868022,9.716608285,0,1
TURI.JK,2019Q2,Retailers,2.37797619,3.993534198,6.29824E+12,2.57315E+12,26.0650796,-4.506199766,1,1
ULTJ.JK,2019Q2,Food Producers,3.476990591,4.176527701,6.17534E+12,1.1451E+12,16.92443618,16.88440234,0,1
UNIC.JK,2019Q2,Chemicals,0.576810679,0.962191029,3.1211E+12,9.18965E+11,-58.90992485,-25.15742293,0,1
UNIT.JK,2019Q2,Investment Banking and Brokerage Services,-0.022568124,0.002509067,4.20833E+11,2.92165E+11,-3.95892219,71.31661391,1,1
UNTR.JK,2019Q2,Industrial Engineering,2.182048976,4.699021112,1.18272E+14,6.34717E+13,0.230360349,3.835281173,1,1
UNVR.JK,2019Q2,"Personal Care, Drug and Grocery Stores",8.884577097,27.56781426,2.18273E+13,1.67521E+13,15.61176611,3.406143059,0,1
VICO.JK,2019Q2,Investment Banking and Brokerage Services,0.072473968,0.724877192,2.9753E+13,2.70822E+13,-51.02825577,8.57893594,1,1
VOKS.JK,2019Q2,Technology Hardware & Equipment,1.515345657,3.72029122,2.43267E+12,1.52254E+12,403.9144188,32.26748165,0,1
VRNA.JK,2019Q2,Finance and Credit Services,-0.731841949,-3.042130041,2.60782E+12,2.11959E+12,-10.60589223,27.00861732,0,1
WAPO.JK,2019Q2,Food Producers,-1.03080623,-1.263163262,1.02245E+11,9533743440,-166.7720411,-15.0290875,0,1
WEHA.JK,2019Q2,Travel and Leisure,0.855308279,1.800048278,3.25501E+11,1.83457E+11,9.227765828,10.57387485,1,1
WICO.JK,2019Q2,Retailers,-1.715550667,-2.621967003,3.96195E+11,1.32843E+11,512.0234462,38.08501737,1,1
WIIM.JK,2019Q2,Tobacco,0.253344157,0.328046405,1.28849E+12,2.88288E+11,273.0800504,-1.080919133,1,1
WIKA.JK,2019Q2,Construction and Materials,1.145187902,3.975195578,5.96389E+13,4.29299E+13,26.99864423,-27.68770855,0,1
WINS.JK,2019Q2,Industrial Transportation,-1.080997746,-1.714169939,3.76709E+12,1.72946E+12,128.2380273,-12.61931169,1,1
WOMF.JK,2019Q2,Finance and Credit Services,0.407565226,2.962394468,8.36076E+12,7.16853E+12,-9.459964356,-6.999440804,0,1
WOOD.JK,2019Q2,Household Goods and Home Construction,1.352118623,2.500573249,4.8679E+12,1.99856E+12,8.765745653,10.82465963,0,1
WSBP.JK,2019Q2,Construction and Materials,0.614917766,1.135438798,1.47021E+13,6.44843E+12,-52.87125599,4.650697917,0,1
WSKT.JK,2019Q2,Construction and Materials,0.167029431,1.532891848,1.32574E+14,1.1455E+14,-66.43016226,-41.79854675,0,1
WTON.JK,2019Q2,Construction and Materials,1.084933854,3.158337834,8.84762E+12,5.61916E+12,21.33727243,-4.147006123,0,1
YPAS.JK,2019Q2,Chemicals,-0.714192546,-1.91389745,3.01324E+11,2.07531E+11,-105.6508296,-5.020258789,0,1
YULE.JK,2019Q2,Investment Banking and Brokerage Services,0.811709944,0.821025463,3.82978E+11,4185210590,321.0407204,-38.7173913,1,1
ZINC.JK,2019Q2,Industrial Metals and Mining,4.004027402,7.852383399,1.30021E+12,6.78318E+11,45.93197141,24.03658396,1,1
AALI.JK,2018Q2,Food Producers,1.689546944,2.312828037,2.68358E+13,8.3484E+12,57.95745056,12.81282649,0,0
ABBA.JK,2018Q2,Industrial Support Services,-7.515889361,-22.06972933,4.28226E+11,3.18741E+11,-65.58369735,-14.07237165,1,0
ABMM.JK,2018Q2,"Oil, Gas and Coal",0.708811535,3.777518366,1.43456E+13,1.17824E+13,-9.618847316,12.75992591,0,0
ACES.JK,2018Q2,Retailers,4.622061978,5.775129298,4.67116E+12,9.16064E+11,2.822785786,21.54219331,1,0
ACST.JK,2018Q2,Construction and Materials,0.531589004,2.38629792,7.06303E+12,5.61971E+12,126.4340501,79.15174776,0,0
ADES.JK,2018Q2,Beverages,0.939307918,1.826829127,8.62764E+11,4.14476E+11,11.54025998,-2.518401304,0,0
ADHI.JK,2018Q2,Construction and Materials,0.519814856,2.349135359,2.65036E+13,2.0566E+13,18.94087347,0.179165936,0,0
ADMF.JK,2018Q2,Finance and Credit Services,1.447092133,7.074456224,2.97541E+13,2.37739E+13,12.27460262,11.42739818,0,0
ADMG.JK,2018Q2,Chemicals,2.144506493,2.959979834,4.46476E+12,1.86954E+12,-19.71629552,35.28094261,0,0
ADRO.JK,2018Q2,"Oil, Gas and Coal",2.013126642,3.407875173,9.71819E+13,4.40916E+13,-8.231161293,10.587916,0,0
AGII.JK,2018Q2,Chemicals,0.247955183,0.455708988,6.55914E+12,3.39174E+12,5.510692884,4.506238188,0,0
AKKU.JK,2018Q2,General Industrials,-0.181805117,-0.26858949,1.12564E+12,3.67504E+11,468.4650988,-89.29661628,1,0
AKPI.JK,2018Q2,Chemicals,-0.183032177,-0.457537686,3.03082E+12,1.69579E+12,-1.780977657,15.73236712,0,0
AKRA.JK,2018Q2,"Oil, Gas and Coal",0.918120804,2.19614909,1.92544E+13,1.09116E+13,-45.84250855,10.26521061,0,0
AKSI.JK,2018Q2,Investment Banking and Brokerage Services,-5.636392843,-8.795155166,1.58975E+11,37122914190,1038.638992,-34.67414111,1,0
ALDO.JK,2018Q2,Household Goods and Home Construction,1.457977569,3.589579711,5.35347E+11,3.60144E+11,46.54564574,54.4367148,0,0
ALKA.JK,2018Q2,Industrial Metals and Mining,3.277016383,14.40492622,3.79224E+11,3.1845E+11,693.8379348,169.3570515,1,0
ALTO.JK,2018Q2,Food Producers,-1.486969358,-4.119898718,1.09759E+12,7.025E+11,-171.199041,7.240433617,0,0
AMFG.JK,2018Q2,General Industrials,-0.795571784,-1.584296398,7.49358E+12,3.97774E+12,-571.5007069,12.32077492,1,0
AMIN.JK,2018Q2,Household Goods and Home Construction,2.279900981,4.523033176,3.78494E+11,1.87927E+11,2.099879559,2.489538578,0,0
AMRT.JK,2018Q2,"Personal Care, Drug and Grocery Stores",0.450227811,1.860000684,2.25779E+13,1.72428E+13,30.12122512,8.247425572,0,0
ANJT.JK,2018Q2,Food Producers,0.324541268,0.492229463,8.30198E+12,2.71655E+12,-250.3380535,26.90454408,0,0
ANTM.JK,2018Q2,Industrial Metals and Mining,0.315771358,0.525703894,3.13372E+13,1.24963E+13,-666.6611345,347.2964607,1,0
APIC.JK,2018Q2,Investment Banking and Brokerage Services,-1.252612646,-1.904763095,2.60557E+12,1.25163E+12,780.7362561,-50.42066189,1,0
APII.JK,2018Q2,Electronic and Electrical Equipment,0.759487497,1.265830466,4.28724E+11,1.70932E+11,89.4370898,19.24229838,1,0
APLI.JK,2018Q2,General Industrials,-1.218772699,-2.17938786,3.88597E+11,1.71843E+11,158.5897207,3.210874427,1,0
APLN.JK,2018Q2,Real Estate Investment and Services Development,0.345193545,0.474750879,2.87777E+13,1.97266E+13,14.00616023,-58.38159721,1,0
ARII.JK,2018Q2,"Oil, Gas and Coal",-0.363817863,-1.324235759,4.791E+12,3.93328E+12,-260.3622198,136.2489816,0,0
ARNA.JK,2018Q2,Construction and Materials,1.854618943,3.079981388,1.59182E+12,5.97485E+11,23.00120415,14.80719236,0,0
ARTA.JK,2018Q2,Investment Banking and Brokerage Services,-0.510153809,-0.067732428,3.85585E+11,2.01856E+11,269.7027431,-4.093891834,1,0
ARTI.JK,2018Q2,Household Goods and Home Construction,0.134091555,0.044160304,2.54927E+12,8.43189E+11,231.9159404,67.80633269,0,0
ASGR.JK,2018Q2,Technology Hardware & Equipment,2.529874541,3.928312709,2.18401E+12,8.44648E+11,33.54320941,83.53450649,0,0
ASII.JK,2018Q2,Automobiles and Parts,2.228430353,4.210460704,3.09336E+14,1.81615E+14,53.32225914,15.1895393,1,0
ASRI.JK,2018Q2,Real Estate Investment and Services Development,1.039829247,2.453782682,2.09865E+13,1.22276E+13,101.9177244,20.21341804,1,0
ASSA.JK,2018Q2,Consumer Services,1.020675877,3.378319607,3.42426E+12,2.40502E+12,15.78677685,8.074228809,1,0
ATIC.JK,2018Q2,Software & Computer Services,0.56414311,1.159711978,3.26904E+12,2.66679E+12,79.18656164,13.14063335,1,0
AUTO.JK,2018Q2,Automobiles and Parts,0.409552186,0.604876012,1.51337E+13,5.29648E+12,91.08669898,19.32789103,1,0
BAJA.JK,2018Q2,Industrial Metals and Mining,-2.91369487,-17.76713187,9.63008E+11,7.47946E+11,-218.1946999,-20.742233,1,0
BALI.JK,2018Q2,Telecommunications Service Providers,0.556842684,1.158785731,2.70592E+12,1.4226E+12,30.5484385,37.12846144,0,0
BAPA.JK,2018Q2,Real Estate Investment and Services Development,-0.409117836,-0.59078287,1.7726E+11,56744534680,-36.27142066,-17.57113523,1,0
BATA.JK,2018Q2,Personal Goods,0.304206878,0.454642934,8.7983E+11,2.97881E+11,4.319781443,-1.701656999,1,0
BAYU.JK,2018Q2,Travel and Leisure,0.970597036,1.808075762,7.93539E+11,3.31246E+11,1.093624819,17.83932082,1,0
BBLD.JK,2018Q2,Finance and Credit Services,0.266454772,1.062322915,4.75105E+12,3.26012E+12,2.885055158,-4.022944256,0,0
BBRM.JK,2018Q2,Industrial Transportation,-1.831836243,-5.847834728,1.30153E+12,9.03334E+11,381.3788267,-25.73252651,1,0
BCAP.JK,2018Q2,Investment Banking and Brokerage Services,0.198478437,0.719428093,1.86407E+13,1.45652E+13,42.03012825,14.49033812,1,0
BELL.JK,2018Q2,Personal Goods,0.628432085,1.248554914,4.82335E+11,2.71516E+11,-27.42347909,-10.18743633,1,0
BEST.JK,2018Q2,Real Estate Investment and Services Development,0.754907389,1.116240899,5.74571E+12,1.858E+12,-17.82415908,-20.45925467,1,0
BFIN.JK,2018Q2,Investment Banking and Brokerage Services,1.912298157,6.604660635,1.90013E+13,1.3593E+13,27.36947726,28.83035359,1,0
BHIT.JK,2018Q2,Telecommunications Service Providers,0.160245159,-1.933341718,5.58382E+13,4.44092E+13,38.88829238,4.829253484,0,0
BIKA.JK,2018Q2,Real Estate Investment and Services Development,-0.189642521,-0.537275425,2.34969E+12,2.03431E+12,-40.17071211,-30.80803195,1,0
BIPI.JK,2018Q2,"Oil, Gas and Coal",2.616379269,12.22406984,1.82242E+13,1.33474E+13,-128.7713045,-27.49184695,0,0
BIPP.JK,2018Q2,Real Estate Investment and Services Development,-0.599031974,-0.767424779,1.72458E+12,8.73305E+11,-36.17314171,13.68832732,1,0
BIRD.JK,2018Q2,Travel and Leisure,1.397155722,1.854175709,6.55894E+12,1.64066E+12,2.783319677,-4.231274487,1,0
BISI.JK,2018Q2,Food Producers,-0.9775847,-1.126366302,2.18521E+12,2.76648E+11,-576.4652372,-32.52945033,0,0
BKDP.JK,2018Q2,Real Estate Investment and Services Development,-1.209381249,-1.916519192,7.7244E+11,2.83488E+11,88.83168608,18.90486664,1,0
BKSL.JK,2018Q2,Real Estate Investment and Services Development,0.832309126,1.352921622,1.52318E+13,5.95384E+12,-825.7881209,107.9250788,1,0
BLTA.JK,2018Q2,Industrial Transportation,1.962837588,4.790280043,1.14331E+12,6.64105E+11,-428.6987194,23.65232527,1,0
BLTZ.JK,2018Q2,Media,1.091837412,1.585144257,1.63998E+12,5.0143E+11,-19.34802858,37.87434128,1,0
BMSR.JK,2018Q2,Real Estate Investment and Services Development,0.195474032,0.747715887,5.35153E+11,4.24157E+11,39.61018647,23.72488666,1,0
BMTR.JK,2018Q2,Media,1.147363617,1.774960126,2.8743E+13,1.90947E+13,-1.983234921,0.6014833,1,0
BOGA.JK,2018Q2,Retailers,-0.070196246,-0.092177947,5.42443E+11,1.23363E+11,7.589901449,96.55409869,1,0
BOLT.JK,2018Q2,Automobiles and Parts,1.22905047,2.078892454,1.23522E+12,6.15835E+11,-30.84049987,1.75770615,1,0
BPFI.JK,2018Q2,Investment Banking and Brokerage Services,0.945437747,2.532883713,1.95618E+12,1.19639E+12,103.5234264,18.75600357,1,0
BPII.JK,2018Q2,Industrial Support Services,2.308536306,3.695249339,9.60747E+11,4.17235E+11,-18.61712679,2.346238876,1,0
BRAM.JK,2018Q2,Chemicals,1.139161706,1.428863896,4.41664E+12,1.54488E+12,-29.09342963,15.61127704,0,0
BRNA.JK,2018Q2,General Industrials,-1.963993658,-5.069496867,2.0922E+12,1.29225E+12,-107.0886397,2.947860441,1,0
BRPT.JK,2018Q2,Construction and Materials,1.568686929,2.309708769,9.67128E+13,7.9947E+13,19.69909576,24.52504841,0,0
BSDE.JK,2018Q2,Real Estate Investment and Services Development,0.159729685,0.007884294,5.13746E+13,2.28149E+13,-12.13495036,-43.29360051,1,0
BSSR.JK,2018Q2,"Oil, Gas and Coal",8.37175071,12.0870827,3.11715E+12,9.86612E+11,14.79201292,13.16432637,0,0
BTEK.JK,2018Q2,Food Producers,1.675231704,4.392756037,5.32396E+12,3.40238E+12,360.0169173,-8.547585265,0,0
BTON.JK,2018Q2,Industrial Metals and Mining,5.049283978,6.061741254,2.06781E+11,34072021040,586.0157702,50.58797833,1,0
BUDI.JK,2018Q2,Food Producers,0.370861851,0.92003332,2.99896E+12,1.79578E+12,-12.98546625,17.64265746,0,0
BUKK.JK,2018Q2,Construction and Materials,2.753951134,6.284001697,3.95646E+12,2.21482E+12,241.5184276,80.25417407,0,0
BULL.JK,2018Q2,Industrial Transportation,1.426889216,2.686565546,4.48243E+12,2.26487E+12,68.37791519,59.1668194,1,0
BUVA.JK,2018Q2,Real Estate Investment and Services Development,-0.199696929,-0.380354475,3.70633E+12,2.2346E+12,229.3210006,105.2806117,1,0
BWPT.JK,2018Q2,Food Producers,0.515803514,1.462049585,1.67677E+13,1.06164E+13,503.3451726,17.55138026,0,0
BYAN.JK,2018Q2,"Oil, Gas and Coal",15.57340922,26.99405982,1.49925E+13,7.02241E+12,147.1168448,95.78858836,0,0
CARS.JK,2018Q2,Retailers,1.038777533,5.437475787,9.0796E+12,7.16703E+12,29.58710355,1.343158023,1,0
CASS.JK,2018Q2,Industrial Transportation,4.263749226,5.325184821,1.90703E+12,1.25689E+12,6.503329329,11.48840736,1,0
CEKA.JK,2018Q2,Food Producers,0.391697901,0.605812483,1.32027E+12,4.22712E+11,468.7585019,4.346713122,0,0
CENT.JK,2018Q2,Telecommunications Service Providers,1.954641947,3.186794314,5.08236E+12,1.74095E+12,-127.6690063,21.63844005,0,0
CFIN.JK,2018Q2,Finance and Credit Services,0.644035914,1.723781674,1.09827E+13,6.80745E+12,49.12192296,29.25889527,0,0
CINT.JK,2018Q2,Household Goods and Home Construction,0.489240727,0.545751701,4.72669E+11,1.01609E+11,-19.62100902,-0.817634205,0,0
CITA.JK,2018Q2,Industrial Metals and Mining,5.908916307,14.88142574,2.9321E+12,1.78659E+12,-347.6896581,321.9116937,1,0
CLEO.JK,2018Q2,Beverages,2.164024499,4.768553366,7.30411E+11,4.04708E+11,159.8849695,36.3541865,0,0
CLPI.JK,2018Q2,Chemicals,-0.010321498,-0.014024199,6.216E+11,1.69299E+11,-53.3845671,9.280732343,0,0
CMNP.JK,2018Q2,Industrial Transportation,0.818433444,1.578036425,1.1706E+13,5.83196E+12,18.79811083,45.08213319,1,0
COWL.JK,2018Q2,Real Estate Investment and Services Development,-1.696763748,-4.924304736,3.49306E+12,2.3829E+12,-95.13531226,11.61088516,1,0
CPIN.JK,2018Q2,Food Producers,5.532154076,8.532053578,2.64652E+13,9.0446E+12,64.05059058,6.456153372,0,0
CSAP.JK,2018Q2,Retailers,0.210607902,0.690627637,5.30343E+12,3.77263E+12,-8.407228482,10.21874289,1,0
CTRA.JK,2018Q2,Real Estate Investment and Services Development,0.219828384,0.335169622,3.28813E+13,1.88174E+13,-15.5736371,-6.955808937,1,0
CTTH.JK,2018Q2,Construction and Materials,-0.439719443,-0.956813171,7.05553E+11,3.79506E+11,25.8189799,16.2584984,0,0
DART.JK,2018Q2,Real Estate Investment and Services Development,0.077745398,0.141669311,6.52781E+12,2.90606E+12,-35.72976302,-11.52304211,1,0
DAYA.JK,2018Q2,Retailers,0.244017614,0.515294457,3.56774E+11,2.00101E+11,-219.7074636,132.083177,1,0
DEFI.JK,2018Q2,Investment Banking and Brokerage Services,-0.083684385,-0.084817606,77873749160,1040091990,-95.10846105,-84.26640059,1,0
DEWA.JK,2018Q2,Industrial Metals and Mining,0.200368815,0.353577162,5.57145E+12,2.43091E+12,194.5282423,-15.23609169,1,0
DGIK.JK,2018Q2,Construction and Materials,0.058958125,0.130177586,1.73459E+12,9.64094E+11,3.421012109,-21.20019089,0,0
DILD.JK,2018Q2,Real Estate Investment and Services Development,0.141108961,0.515850645,1.38091E+13,7.69245E+12,165.9664803,16.62623073,1,0
DLTA.JK,2018Q2,Beverages,4.11665089,4.837029425,1.27708E+12,2.10557E+11,12.10467923,13.84162921,0,0
DMAS.JK,2018Q2,Real Estate Investment and Services Development,1.236403717,1.319041375,7.27555E+12,4.92976E+11,-578.5142705,2204.56158,1,0
DNET.JK,2018Q2,Software & Computer Services,1.070925222,1.387534246,1.10795E+13,2.40412E+12,-28.86317505,175.800919,1,0
DOID.JK,2018Q2,"Oil, Gas and Coal",0.743217165,4.04071486,1.53904E+13,1.12995E+13,-39.17431483,21.50831283,0,0
DPNS.JK,2018Q2,Chemicals,0.740097638,1.051472463,3.16669E+11,82089472860,392.2498606,32.3395145,0,0
DPUM.JK,2018Q2,Food Producers,0.966186068,1.450236129,2.07948E+12,7.06129E+11,-72.07765025,-14.08766019,0,0
DSFI.JK,2018Q2,Food Producers,0.413823335,0.976639463,3.80727E+11,2.32259E+11,5.041534051,-14.46148784,0,0
DSNG.JK,2018Q2,Construction and Materials,0.950469736,2.518212994,9.03038E+12,5.1064E+12,-52.01802126,-17.63894007,0,0
DSSA.JK,2018Q2,Electricity,-0.355495434,-1.107218021,4.19256E+13,2.20548E+13,66.08954243,34.61046298,1,0
DUTI.JK,2018Q2,Real Estate Investment and Services Development,1.907908079,2.359828997,1.1333E+13,4.00241E+12,83.28573087,23.59202213,1,0
DVLA.JK,2018Q2,Pharmaceuticals and Biotechnology,2.683157476,3.90738596,1.65769E+12,5.51334E+11,-23.0059381,-2.626972678,0,0
DYAN.JK,2018Q2,Industrial Support Services,1.945763458,4.517354104,1.2992E+12,6.59407E+11,1382.102757,22.23660357,1,0
ECII.JK,2018Q2,Retailers,0.233122341,0.260859113,1.92416E+12,2.01137E+11,-158.7834363,19.19345166,1,0
EKAD.JK,2018Q2,Chemicals,2.236554977,2.641124146,8.26609E+11,1.53912E+11,30.95351424,2.117433089,0,0
ELSA.JK,2018Q2,"Oil, Gas and Coal",1.091000765,1.810298777,5.25851E+12,2.10567E+12,139.6560741,42.98012811,0,0
ELTY.JK,2018Q2,Real Estate Investment and Services Development,-2.127644716,-5.173479238,1.40825E+13,8.15642E+12,-21.05804878,-64.0807984,1,0
EMDE.JK,2018Q2,Real Estate Investment and Services Development,0.295333237,0.73920975,2.05257E+12,1.21174E+12,-13.72627553,28.68722695,1,0
EMTK.JK,2018Q2,Telecommunications Equipment,-0.018703746,-1.122923122,2.22546E+13,8.21551E+12,-19.66857901,-4.068184283,0,0
ENRG.JK,2018Q2,"Oil, Gas and Coal",-2.302385631,-11.09287124,1.06443E+13,8.4831E+12,-54.50328774,-4.298400324,0,0
EPMT.JK,2018Q2,Pharmaceuticals and Biotechnology,2.278857603,3.183183265,7.4057E+12,2.00475E+12,12.14616365,3.599056068,0,0
ERAA.JK,2018Q2,Retailers,2.094497961,5.680202811,1.1928E+13,7.67139E+12,166.8782338,49.60164503,1,0
ERTX.JK,2018Q2,Personal Goods,0.843657975,2.767395979,8.2703E+11,6.3968E+11,15.63908435,11.1377825,1,0
ESSA.JK,2018Q2,"Oil, Gas and Coal",0.079022583,0.513307357,1.25664E+13,9.71835E+12,229.4590005,40.76014064,0,0
ESTI.JK,2018Q2,Industrial Materials,-1.284993801,-5.387231783,8.30834E+11,6.28139E+11,36.15018562,160.0384575,1,0
EXCL.JK,2018Q2,Telecommunications Service Providers,-0.171098097,-0.450029952,5.63777E+13,3.48316E+13,-32.07354034,-2.17189285,0,0
FAST.JK,2018Q2,Travel and Leisure,3.006073958,6.488099921,2.96038E+12,1.5092E+12,59.36763026,16.61275876,1,0
FASW.JK,2018Q2,Industrial Materials,1.118644525,3.169753233,1.01179E+13,6.57589E+12,244.4394635,76.1709244,1,0
FIRE.JK,2018Q2,Retailers,-2.565863175,-5.640559684,4.99036E+11,2.42576E+11,-19.33270054,335.9421757,1,0
FISH.JK,2018Q2,Food Producers,1.231997911,4.523837645,4.22872E+12,2.90884E+12,23.20453592,21.60484073,0,0
FMII.JK,2018Q2,Personal Goods,0.168881522,0.242249961,9.063E+11,2.48125E+11,100.7936543,573.9898128,1,0
FORU.JK,2018Q2,Media,-4.894865495,-10.71969388,1.38034E+11,78911738650,11.6050408,-46.98612357,1,0
FPNI.JK,2018Q2,General Industrials,0.795576007,1.72281362,3.02643E+12,1.55002E+12,-77.96138006,-0.449305517,1,0
FREN.JK,2018Q2,Telecommunications Service Providers,-3.994628379,-11.92889287,2.40991E+13,1.56421E+13,38.22586067,19.39489684,0,0
GAMA.JK,2018Q2,Real Estate Investment and Services Development,0.019765694,0.029474438,1.41836E+12,3.11786E+11,-258.4640494,72.42039256,1,0
GDST.JK,2018Q2,Industrial Metals and Mining,-1.411011922,-2.175316372,1.32178E+12,3.96082E+11,-82.72933902,-5.955256525,1,0
GDYR.JK,2018Q2,Automobiles and Parts,0.443314372,1.094203407,1.97503E+12,1.19292E+12,57.56220236,-1.381633554,1,0
GEMA.JK,2018Q2,Household Goods and Home Construction,0.304376471,0.698324098,9.66589E+11,5.00914E+11,39.19618849,123.1714107,0,0
GEMS.JK,2018Q2,"Oil, Gas and Coal",3.620060825,6.190127395,7.21785E+12,3.72959E+12,61.60428691,62.25566851,0,0
GGRM.JK,2018Q2,Tobacco,2.573100001,3.921947573,6.59772E+13,2.52541E+13,28.25087216,15.03625068,1,0
GIAA.JK,2018Q2,Travel and Leisure,0.227334044,0.649361394,5.10491E+13,3.89113E+13,-64.85724692,7.450643601,1,0
GJTL.JK,2018Q2,Automobiles and Parts,-0.759648815,-2.537786078,1.91887E+13,1.34958E+13,61.8627874,-4.426612657,1,0
GMTD.JK,2018Q2,Real Estate Investment and Services Development,1.920370001,3.334649218,1.24802E+12,5.16651E+11,25.58048921,41.93018944,1,0
GOLD.JK,2018Q2,Retailers,0.680398717,1.453164081,2.07933E+11,1.23114E+11,-286.8241359,64.42587321,1,0
GOLL.JK,2018Q2,Food Producers,-1.185207912,-2.93674772,2.37604E+12,1.65489E+12,-121.2534628,171.1532271,0,0
GPRA.JK,2018Q2,Real Estate Investment and Services Development,0.233734181,0.311638118,1.51705E+12,5.41717E+11,-10.6382482,-1.291922045,1,0
GTBO.JK,2018Q2,"Oil, Gas and Coal",3.333477363,4.165889049,8.06642E+11,1.50917E+11,20.76780918,967.9292466,0,0
GWSA.JK,2018Q2,Real Estate Investment and Services Development,0.453795359,0.503629337,7.32136E+12,6.25085E+11,347.8835902,-29.34811336,1,0
GZCO.JK,2018Q2,Food Producers,-2.062001292,-4.876302012,3.27776E+12,1.96676E+12,122.3344769,10.91158527,0,0
HADE.JK,2018Q2,Investment Banking and Brokerage Services,-0.740682042,-0.67073285,72507207980,8352788980,80.04442816,680.532,1,0
HDFA.JK,2018Q2,Finance and Credit Services,-0.171720032,-1.192292131,3.57249E+12,3.05007E+12,-8.582654611,-6.403081733,0,0
HDTX.JK,2018Q2,Industrial Materials,-10.95604115,-92.38315261,4.03509E+12,3.83538E+12,-7.633098093,-66.49375891,1,0
HERO.JK,2018Q2,Retailers,0.495747519,0.737116338,7.8056E+12,2.57418E+12,-145.03662,-0.327154163,1,0
HEXA.JK,2018Q2,Industrial Engineering,1.549004332,2.850290648,3.97929E+12,1.76394E+12,-5.687991132,29.78002862,1,0
HITS.JK,2018Q2,Industrial Transportation,2.762936193,15.73103894,2.60737E+12,2.17916E+12,-0.790055117,1.019857551,1,0
HMSP.JK,2018Q2,Tobacco,6.405958456,9.496083777,4.38789E+13,1.61601E+13,11.67852192,8.360089773,1,0
HOKI.JK,2018Q2,Food Producers,3.491194446,4.601919065,6.71156E+11,1.90891E+11,4.418634508,8.782835145,0,0
HOME.JK,2018Q2,Travel and Leisure,0.039780361,0.052528462,2.8256E+11,60444354870,-3110.459646,15.07741339,1,0
HOTL.JK,2018Q2,Travel and Leisure,-0.192539562,-0.561884207,1.12942E+12,7.23486E+11,-69.61863262,60.01339439,1,0
HRUM.JK,2018Q2,"Oil, Gas and Coal",1.337277784,1.486383532,6.22352E+12,2.1264E+12,-24.39002437,-17.79193873,0,0
IATA.JK,2018Q2,Travel and Leisure,-7.379445059,-13.3379033,9.9864E+11,4.68267E+11,-58.239507,50.93945646,1,0
IBFN.JK,2018Q2,Finance and Credit Services,-2.719619474,-56.73372444,2.04541E+12,1.98081E+12,-58.80100149,-207.2481207,0,0
IBST.JK,2018Q2,Telecommunications Service Providers,0.532994608,0.796201601,7.0695E+12,2.09375E+12,-6.962692537,7.479752188,0,0
ICBP.JK,2018Q2,Food Producers,3.170381772,5.374394293,3.47547E+13,1.48864E+13,13.12638982,6.398380486,0,0
ICON.JK,2018Q2,Real Estate Investment and Services Development,0.094896023,0.071616192,4.25035E+11,2.97305E+11,-73.49473435,-4.287267875,1,0
IDPR.JK,2018Q2,Construction and Materials,0.080786921,0.118554529,1.80077E+12,5.64383E+11,-51.11807571,-43.39024113,0,0
IGAR.JK,2018Q2,General Industrials,2.510852169,3.130354444,5.7695E+11,2.25798E+11,-20.73987038,7.983989744,1,0
IIKP.JK,2018Q2,Food Producers,-1.00904866,-1.095524305,3.07836E+11,24749057710,-41.20229336,-89.74048712,0,0
IKBI.JK,2018Q2,Electronic and Electrical Equipment,1.238583198,1.532529926,1.12016E+12,2.22969E+11,12.97518833,31.06188762,1,0
IMAS.JK,2018Q2,Automobiles and Parts,-0.006387182,-0.328087167,3.53996E+13,2.58495E+13,54.55690098,16.40575458,1,0
IMJS.JK,2018Q2,Consumer Services,0.337705868,2.094761341,1.53123E+13,1.29126E+13,31.74693696,11.94299454,1,0
IMPC.JK,2018Q2,General Industrials,0.322203837,0.812057878,2.39512E+12,1.3493E+12,-43.48287052,19.41394757,1,0
INAF.JK,2018Q2,Pharmaceuticals and Biotechnology,0.603537718,1.673158052,1.465E+12,9.38335E+11,-297.273829,-1.087033087,0,0
INAI.JK,2018Q2,Industrial Metals and Mining,1.050535547,4.565045226,1.25329E+12,9.62928E+11,32.0217304,5.388212543,1,0
INCF.JK,2018Q2,Chemicals,2.13289689,8.027046237,5.31958E+11,3.90917E+11,-186.0342998,-21.8606422,0,0
INCI.JK,2018Q2,Chemicals,1.244430268,1.429875703,3.20869E+11,41747243550,40.88820927,32.7938521,0,0
INCO.JK,2018Q2,Precious Metals and Mining,1.044662071,1.227166799,3.094E+13,4.4542E+12,-261.4082945,48.35359519,1,0
INDF.JK,2018Q2,Food Producers,1.047305713,2.4108658,9.36195E+13,6.05684E+13,0.099700053,3.094783045,0,0
INDR.JK,2018Q2,Personal Goods,1.216311576,3.439965855,1.24173E+13,8.06241E+12,112.7641349,27.06398047,1,0
INDS.JK,2018Q2,Automobiles and Parts,1.316306378,1.526705468,2.48279E+12,2.97915E+11,38.29024603,29.88821903,1,0
INDY.JK,2018Q2,"Oil, Gas and Coal",0.57358107,1.841051375,5.1038E+13,3.7196E+13,133.5894341,197.6336328,0,0
INKP.JK,2018Q2,Industrial Materials,2.281527036,5.381428118,1.18427E+14,6.34589E+13,90.47482176,23.71594109,1,0
INPP.JK,2018Q2,Real Estate Investment and Services Development,-0.364975282,-1.044086352,6.72277E+12,3.04264E+12,238.9643377,43.5919739,1,0
INRU.JK,2018Q2,Industrial Materials,-0.288168005,-0.628749511,5.21448E+12,2.95445E+12,-170.2034273,-4.337490824,1,0
INTD.JK,2018Q2,Leisure Goods,3.032090432,4.269797072,52441203660,14126772330,203.1417829,37.80923569,1,0
INTP.JK,2018Q2,Construction and Materials,0.329925766,0.385261917,2.64612E+13,4.12488E+12,-95.42424565,-3.864672375,0,0
IPOL.JK,2018Q2,General Industrials,0.350658516,0.662594155,4.14203E+12,1.85267E+12,31.79886501,13.72935447,1,0
ISAT.JK,2018Q2,Telecommunications Service Providers,0.059716461,-1.416860819,4.98575E+13,3.7167E+13,-57.25303621,-31.3096462,0,0
ISSP.JK,2018Q2,Industrial Metals and Mining,0.021132834,0.048505537,6.65513E+12,3.59985E+12,-17.30251075,25.45672842,1,0
ITMA.JK,2018Q2,"Oil, Gas and Coal",3.939732531,3.949168243,1.84718E+12,4148072500,13.07358185,-80.30838855,0,0
ITMG.JK,2018Q2,"Oil, Gas and Coal",3.311444926,5.059544639,1.87609E+13,5.88706E+12,-1.517851006,21.54258862,0,0
JAWA.JK,2018Q2,Food Producers,-1.055750308,-4.822309058,3.48902E+12,2.76304E+12,-129.4253855,62.81404485,0,0
JECC.JK,2018Q2,Technology Hardware & Equipment,0.491584916,1.815180486,2.1768E+12,1.49251E+12,6.529433707,38.22598451,0,0
JGLE.JK,2018Q2,Travel and Leisure,-0.297389541,-0.511443222,3.91668E+12,1.64206E+12,3867.631337,-6.081056245,1,0
JIHD.JK,2018Q2,Real Estate Investment and Services Development,0.472925067,-0.033593487,6.73038E+12,3.08869E+12,34.32627827,1.005524121,1,0
JKON.JK,2018Q2,Construction and Materials,0.571358528,1.022275943,4.3206E+12,1.66207E+12,-317.4434912,-11.30460905,0,0
JPFA.JK,2018Q2,Food Producers,3.301107921,7.723541693,2.19931E+13,1.30067E+13,97.89620528,17.79795539,0,0
JRPT.JK,2018Q2,Real Estate Investment and Services Development,2.041438087,3.45651531,1.03376E+13,4.52692E+12,-20.12504123,-6.711871734,1,0
JSMR.JK,2018Q2,Industrial Transportation,0.478032121,2.962214024,8.74753E+13,7.18735E+13,-9.058459885,11.39853679,1,0
JSPT.JK,2018Q2,Travel and Leisure,6.071369275,7.354955426,4.5622E+12,2.16897E+12,-2.780847386,108.9529948,1,0
JTPE.JK,2018Q2,Industrial Support Services,0.782147271,1.29943815,1.02594E+12,4.893E+11,-36.02910938,20.04067884,1,0
KAEF.JK,2018Q2,Pharmaceuticals and Biotechnology,1.9136426,4.544338131,7.94152E+12,3.9539E+12,104.472245,32.98759744,0,0
KBLI.JK,2018Q2,Electronic and Electrical Equipment,0.484178456,0.958202409,2.87909E+12,1.41706E+12,-35.69792183,16.79924569,1,0
KBLM.JK,2018Q2,Electronic and Electrical Equipment,0.139549665,0.192855435,1.0702E+12,2.87557E+11,-38.46184638,-27.81172927,1,0
KBLV.JK,2018Q2,Telecommunications Service Providers,-9.393203493,-18.28048649,9.99533E+12,6.05972E+12,89.19250008,-4.171181158,0,0
KBRI.JK,2018Q2,Industrial Materials,-1.810097574,-5.30317134,1.26373E+12,8.15936E+11,-64.90079752,1.635437613,1,0
KDSI.JK,2018Q2,Household Goods and Home Construction,1.179592705,2.971284898,1.24119E+12,7.22345E+11,58.33433718,9.955861574,0,0
KIAS.JK,2018Q2,Construction and Materials,-1.676892499,-1.99856582,1.72895E+12,3.86113E+11,47.18372756,11.40674562,0,0
KICI.JK,2018Q2,Household Goods and Home Construction,-0.812575076,-1.357233767,1.5222E+11,60420377800,-90.83195818,-42.34020855,0,0
KIJA.JK,2018Q2,Real Estate Investment and Services Development,-2.336355148,-5.12535726,1.1415E+13,6.13403E+12,-71.98338467,-51.8334313,1,0
KINO.JK,2018Q2,"Personal Care, Drug and Grocery Stores",1.147720637,1.928019275,3.53274E+12,1.48097E+12,124.1570253,15.74542398,0,0
KIOS.JK,2018Q2,Software & Computer Services,0.923213431,2.756376123,2.63817E+11,1.72169E+11,-232.3688563,1974.641958,1,0
KKGI.JK,2018Q2,"Oil, Gas and Coal",-0.707404615,-0.79180881,1.46152E+12,2.00795E+11,-71.4133445,-60.49537372,0,0
KLBF.JK,2018Q2,Pharmaceuticals and Biotechnology,3.611268571,4.603704648,1.7893E+13,4.55345E+12,-0.802130598,3.824856637,0,0
KMTR.JK,2018Q2,Automobiles and Parts,0.983360415,2.430639528,3.79194E+12,2.32328E+12,-54.94364751,-17.85726328,1,0
KOBX.JK,2018Q2,Industrial Transportation,0.376376533,1.113311764,1.34949E+12,7.4887E+11,54.62505582,29.11991802,1,0
KOIN.JK,2018Q2,Retailers,-0.816687017,-5.745198175,7.86298E+11,6.07545E+11,-75.88224104,5.825269164,1,0
KONI.JK,2018Q2,Leisure Goods,-0.087058914,-0.664978072,1.16184E+11,1.01088E+11,-158.507881,32.33125188,1,0
KOPI.JK,2018Q2,"Oil, Gas and Coal",2.311063168,3.301683146,1.7181E+11,52767517660,-210.8973733,-64.75939591,0,0
KPIG.JK,2018Q2,Real Estate Investment and Services Development,0.021099413,-0.01151887,1.62811E+13,3.48883E+12,-24.44672939,-15.04251761,1,0
KRAH.JK,2018Q2,Industrial Engineering,-1.533928085,-4.767752588,5.98712E+11,3.47268E+11,43.22489488,-30.37161458,1,0
KRAS.JK,2018Q2,Industrial Metals and Mining,-0.251875941,-0.621872782,5.93104E+13,3.41837E+13,-24.79730714,39.41673664,1,0
KREN.JK,2018Q2,Investment Banking and Brokerage Services,5.723923873,9.56450409,2.13796E+12,1.05801E+12,63.40964139,1121.600625,1,0
LEAD.JK,2018Q2,"Oil, Gas and Coal",-1.633040858,-3.537541199,2.74075E+12,1.49214E+12,6.238872453,3.47269023,0,0
LINK.JK,2018Q2,Telecommunications Service Providers,4.689493111,6.027348516,5.92041E+12,1.25218E+12,13.4454999,11.53364013,0,0
LION.JK,2018Q2,Industrial Metals and Mining,0.555629973,0.820348735,6.75296E+11,2.28207E+11,103.5417278,15.55693629,1,0
LMAS.JK,2018Q2,Media,0.428294861,1.526030159,4.35393E+11,3.67262E+11,-22.40871356,4.111753533,1,0
LMPI.JK,2018Q2,Household Goods and Home Construction,-2.39433187,-5.280025284,7.848E+11,4.47367E+11,-56.19204515,5.387529843,0,0
LMSH.JK,2018Q2,Industrial Metals and Mining,-0.665174621,-0.815367893,1.57511E+11,31039646140,-69.7542244,9.806154238,1,0
LPCK.JK,2018Q2,Real Estate Investment and Services Development,17.42203414,26.0235895,9.7249E+12,2.37279E+12,3230.828492,110.5883203,1,0
LPIN.JK,2018Q2,Automobiles and Parts,3.019533118,3.404222258,2.63133E+11,23378395060,-133.8728582,-52.14151875,1,0
LPKR.JK,2018Q2,Real Estate Investment and Services Development,2.242346851,1.597281717,5.41053E+13,3.28032E+13,-86.03962871,35.96174689,1,0
LPLI.JK,2018Q2,Software & Computer Services,-1.548285829,-1.935427459,1.52609E+12,3.10523E+11,-80.13770982,-18.15102697,1,0
LPPF.JK,2018Q2,Retailers,18.11149846,44.70447133,6.71138E+12,2.83956E+12,1.028013965,1.758889868,1,0
LPPS.JK,2018Q2,Investment Banking and Brokerage Services,0.101213213,0.102351254,1.22184E+12,13817941740,702.8652694,-230.8290748,1,0
LRNA.JK,2018Q2,Industrial Transportation,-2.100205282,-2.66766948,2.45386E+11,53342412020,11.09775296,1.720545327,1,0
LSIP.JK,2018Q2,Food Producers,1.150960382,1.401797131,1.02479E+13,1.92248E+12,-69.55830926,-40.67854274,0,0
LTLS.JK,2018Q2,Chemicals,0.347845085,0.76807877,6.40265E+12,4.6328E+12,-15.24144066,-6.549155914,0,0
MAIN.JK,2018Q2,Food Producers,2.150500827,4.924776713,4.0987E+12,2.27212E+12,254.0144143,10.89762398,0,0
MAMI.JK,2018Q2,Travel and Leisure,2.14289191,2.799058113,8.8381E+11,1.97539E+11,77.94512286,78.15601512,1,0
MAPB.JK,2018Q2,Travel and Leisure,1.728504662,2.659821538,1.62131E+12,5.85779E+11,230.8803733,37.27177616,1,0
MAPI.JK,2018Q2,Retailers,0.374487934,0.868267333,1.18437E+13,7.37109E+12,29.31131524,16.59325878,1,0
MARI.JK,2018Q2,Media,2.95025426,4.233499556,2.80829E+11,1.02345E+11,-0.498365062,33.06998313,1,0
MASA.JK,2018Q2,Automobiles and Parts,0.071903844,0.151637985,9.54914E+12,4.70974E+12,93.89973674,25.69115547,1,0
MBAP.JK,2018Q2,"Oil, Gas and Coal",6.914010902,9.019124896,2.4002E+12,5.63924E+11,-22.36920071,-13.2289005,0,0
MBSS.JK,2018Q2,Industrial Transportation,-1.373899332,-1.994224898,3.57487E+12,1.13561E+12,199.9819027,11.07660649,1,0
MBTO.JK,2018Q2,Personal Goods,-2.892659542,-5.503510126,7.53967E+11,3.62965E+11,-459.5438517,-23.1117819,1,0
MCAS.JK,2018Q2,Software & Computer Services,3.571099173,7.031417885,7.27041E+11,3.38321E+11,2174.023729,365.0965242,1,0
MDIA.JK,2018Q2,Media,2.238776527,4.591140347,5.79229E+12,2.74031E+12,-22.9352531,10.76701289,1,0
MDKA.JK,2018Q2,Industrial Metals and Mining,1.598163105,3.27879966,9.71673E+12,2.64071E+12,-3959.054838,420.8594665,1,0
MDKI.JK,2018Q2,Chemicals,1.39619049,1.614434058,8.47421E+11,1.09742E+11,-61.27124563,-3.931005557,0,0
MDLN.JK,2018Q2,Real Estate Investment and Services Development,0.761311122,1.568566244,1.47877E+13,7.60188E+12,-42.86784339,-37.36442446,1,0
MEDC.JK,2018Q2,"Oil, Gas and Coal",0.504903154,1.577747772,7.31326E+13,5.27736E+13,74.66160152,58.89238188,0,0
MERK.JK,2018Q2,Pharmaceuticals and Biotechnology,1.119195399,1.62488683,9.46048E+11,2.11132E+11,-69.60721305,-46.89762794,0,0
META.JK,2018Q2,Industrial Transportation,1.20796699,2.179452614,5.23725E+12,3.32312E+12,0.241768109,11.46590409,1,0
MFIN.JK,2018Q2,Finance and Credit Services,1.933653954,3.333557,3.43641E+12,1.55851E+12,8.249796066,5.310206434,0,0
MFMI.JK,2018Q2,Industrial Support Services,2.906561369,3.526833567,2.5323E+11,44182914100,28.55960029,15.45211272,1,0
MICE.JK,2018Q2,"Personal Care, Drug and Grocery Stores",0.744951429,1.021423889,8.57675E+11,2.11568E+11,9.497385023,9.24175781,0,0
MIDI.JK,2018Q2,Retailers,0.653537179,3.501560824,5.04768E+12,4.13182E+12,8.301754283,11.6457866,1,0
MIKA.JK,2018Q2,Health Care Providers,3.384065549,4.041384995,4.79145E+12,1.00065E+12,2.438600073,10.83495769,0,0
MIRA.JK,2018Q2,Industrial Transportation,0.387024623,0.576911309,3.56531E+11,1.41009E+11,-326.4787339,22.42133819,1,0
MKNT.JK,2018Q2,Telecommunications Equipment,1.965200916,4.267356585,1.10195E+12,7.74693E+11,132.7592834,-24.34203502,0,0
MKPI.JK,2018Q2,Real Estate Investment and Services Development,2.996978132,4.136571313,6.57181E+12,1.81186E+12,-31.37784588,-32.90947296,1,0
MLBI.JK,2018Q2,Beverages,9.945415733,28.25148554,2.3117E+12,1.80951E+12,38.93081552,24.74842041,0,0
MLIA.JK,2018Q2,Construction and Materials,0.286327417,0.80855158,5.12952E+12,3.28789E+12,-127.7754685,2.354201672,0,0
MLPL.JK,2018Q2,Retailers,-2.76545552,-8.868362021,1.83172E+13,1.66994E+13,-11.42958473,-17.11506685,1,0
MLPT.JK,2018Q2,Software & Computer Services,0.43852885,1.681461823,1.88082E+12,1.09532E+12,7.786937223,3.646915283,1,0
MMLP.JK,2018Q2,Industrial Support Services,4.181035733,5.010484774,5.36367E+12,1.93526E+12,62.68395367,26.62788865,1,0
MNCN.JK,2018Q2,Media,2.565581135,3.887275969,1.60888E+13,6.665E+12,9.653610401,3.535678977,1,0
MPMX.JK,2018Q2,Automobiles and Parts,0.699420488,1.235408132,1.55838E+13,6.73311E+12,1111.087889,16.86759428,1,0
MPOW.JK,2018Q2,Electricity,-0.638085866,-1.435824027,3.28826E+11,1.84343E+11,-24.59352585,-6.615699623,1,0
MPPA.JK,2018Q2,Retailers,-2.903894915,-14.60520081,5.57988E+12,4.56556E+12,-15.98990373,-5.979532984,1,0
MRAT.JK,2018Q2,Personal Goods,0.136722979,0.186026622,5.03589E+11,1.34614E+11,46.61528561,0.398403918,1,0
MSKY.JK,2018Q2,Media,-1.258422416,-2.934896869,4.82162E+12,2.75619E+12,-105.5649419,1.753195217,1,0
MTDL.JK,2018Q2,Technology Hardware & Equipment,1.572968763,3.185549949,4.5336E+12,2.91573E+12,48.35680751,18.29203277,0,0
MTFN.JK,2018Q2,Investment Banking and Brokerage Services,1.589932722,114.5550272,8.15384E+11,7.62914E+11,-98.65894854,311.1742268,1,0
MTLA.JK,2018Q2,Real Estate Investment and Services Development,2.939594725,5.076851953,5.01233E+12,2.00077E+12,41.28635647,8.660774566,1,0
MTRA.JK,2018Q2,Construction and Materials,1.770476159,3.661412523,2.63083E+11,1.35689E+11,-86.43498447,-21.42879689,0,0
MTSM.JK,2018Q2,"Personal Care, Drug and Grocery Stores",-1.393863248,-1.637792705,79447577640,11972139570,-39.12150876,25.26883104,0,0
MYOH.JK,2018Q2,"Oil, Gas and Coal",5.383587608,7.285927533,1.92783E+12,4.51287E+11,83.80281024,50.93192532,0,0
MYOR.JK,2018Q2,Food Producers,1.720541997,3.570275896,1.65167E+13,9.20204E+12,20.34010947,22.46823537,0,0
NASA.JK,2018Q2,Real Estate Investment and Services Development,-0.229883213,-0.183691219,1.29526E+12,2.13817E+11,1553.033474,-19.05636217,1,0
NELY.JK,2018Q2,Industrial Transportation,2.900478316,3.191875453,4.34763E+11,43540699190,120.2980078,14.81617973,1,0
NIKL.JK,2018Q2,Industrial Metals and Mining,-1.302694087,-3.891559458,1.80572E+12,1.23091E+12,-25.83958942,14.02525442,1,0
NIPS.JK,2018Q2,Electronic and Electrical Equipment,2.216034803,5.865688137,1.54772E+12,1.00619E+12,-143.3338266,29.61172653,1,0
NIRO.JK,2018Q2,Real Estate Investment and Services Development,-0.185098285,-0.430539299,5.08133E+12,3.06989E+12,-757.4637185,12.05839023,1,0
NRCA.JK,2018Q2,Construction and Materials,0.541688054,1.027309885,2.14824E+12,1.16471E+12,63.21234128,-10.72241983,0,0
OASA.JK,2018Q2,Telecommunications Equipment,-0.076103951,-0.079225705,49452290600,429276570,-120.8790821,97.46791185,0,0
OMRE.JK,2018Q2,Real Estate Investment and Services Development,-0.366414802,-0.406158563,4.21123E+12,5.79974E+11,50.78341224,-19.36732592,1,0
PADI.JK,2018Q2,Investment Banking and Brokerage Services,6.990085398,7.448691381,5.38572E+11,46915311850,-135.5518043,-89.8188758,1,0
PALM.JK,2018Q2,Food Producers,0.050779002,0.094395295,2.88739E+12,1.30963E+12,-89.5589616,-21.40949445,0,0
PANR.JK,2018Q2,Travel and Leisure,-0.08701259,-1.545385904,2.53214E+12,1.98067E+12,-180.0071194,24.05424639,1,0
PANS.JK,2018Q2,Investment Banking and Brokerage Services,-1.061894494,-2.219139106,2.75152E+12,1.54415E+12,-133.7021586,-47.15526712,1,0
PBRX.JK,2018Q2,Personal Goods,0.648699047,1.99572147,8.77106E+12,4.67216E+12,4.392721923,16.68942803,1,0
PBSA.JK,2018Q2,Construction and Materials,3.313430632,4.097122208,6.75987E+11,1.53157E+11,-86.82825519,-40.74200818,0,0
PCAR.JK,2018Q2,Food Producers,-2.034021464,-2.746069113,1.28237E+11,33728055420,-200.460703,40.40293291,0,0
PDES.JK,2018Q2,Travel and Leisure,1.063621613,2.316386947,4.75311E+11,2.58061E+11,-78.17373307,9.433371983,1,0
PEGE.JK,2018Q2,Investment Banking and Brokerage Services,3.172610655,4.666655323,3.59712E+11,1.06367E+11,-582.4489607,351.5276198,1,0
PGAS.JK,2018Q2,"Gas, Water and Multi-utilities",1.607941097,2.727333981,9.26409E+13,4.4335E+13,18.12754328,57.4759258,0,0
PGLI.JK,2018Q2,Travel and Leisure,0.912290364,1.377897289,86015272880,23091071910,-1209.712821,-9.960752166,1,0
PICO.JK,2018Q2,General Industrials,0.780696857,2.002536105,7.23063E+11,4.45179E+11,-9.99273398,-4.763867741,1,0
PJAA.JK,2018Q2,Travel and Leisure,0.900413202,2.073310028,4.20458E+12,2.07742E+12,-14.69551081,2.522098749,1,0
PKPK.JK,2018Q2,"Oil, Gas and Coal",0.490606419,1.127418517,1.34725E+11,78047730000,-74.93255235,-49.54234923,0,0
PLIN.JK,2018Q2,Travel and Leisure,0.88489824,4.367293862,4.92007E+12,3.73146E+12,-3.236208166,-3.145098449,1,0
PORT.JK,2018Q2,Industrial Transportation,-3.351848449,-7.051689406,2.04131E+12,9.59763E+11,-5.250557208,-40.65700611,1,0
POWR.JK,2018Q2,Electricity,1.331182949,2.704276535,1.84984E+13,9.16355E+12,3.059823618,4.057933945,1,0
PPRO.JK,2018Q2,Real Estate Investment and Services Development,0.619298142,1.739079874,1.41972E+13,8.6041E+12,6.189371559,11.25154836,1,0
PRAS.JK,2018Q2,Industrial Metals and Mining,0.230266535,0.490767095,1.72981E+12,8.93527E+11,47.62237332,29.26030389,1,0
PRDA.JK,2018Q2,Medical Equipment and Services,1.53708903,2.011246979,1.80343E+12,3.75771E+11,333.6464988,4.43011874,0,0
PSAB.JK,2018Q2,Travel and Leisure,0.094970504,0.131331473,1.32041E+13,8.58308E+12,42.93543891,-18.9857285,1,0
PSKT.JK,2018Q2,Travel and Leisure,-1.906050444,-2.154573051,4.69636E+11,53726049960,-2.81549614,10.66196017,1,0
PTBA.JK,2018Q2,"Oil, Gas and Coal",5.570261095,8.728680712,2.06347E+13,8.70436E+12,66.86281487,8.056407021,0,0
PTIS.JK,2018Q2,General Industrials,0.165039691,0.403594529,5.71164E+11,3.38141E+11,-260.5217143,25.36753147,1,0
PTPP.JK,2018Q2,Construction and Materials,0.996427267,2.786163807,4.4055E+13,3.24225E+13,2.177985369,11.80260101,0,0
PTRO.JK,2018Q2,"Oil, Gas and Coal",1.144089465,3.062965982,7.06121E+12,4.55787E+12,350.8720383,35.88230692,0,0
PTSN.JK,2018Q2,Electronic and Electrical Equipment,1.631284752,3.309754228,1.99451E+12,1.23676E+12,174.1777132,121.6280054,1,0
PTSP.JK,2018Q2,Travel and Leisure,3.143763535,5.858940337,3.15814E+11,1.73104E+11,103.2538192,17.60818322,1,0
PWON.JK,2018Q2,Real Estate Investment and Services Development,2.643941706,5.139232073,2.44702E+13,1.29895E+13,70.02513077,9.990259885,1,0
PYFA.JK,2018Q2,Pharmaceuticals and Biotechnology,0.038208707,0.063607404,1.84797E+11,72709634490,9.081478519,6.074573135,0,0
RALS.JK,2018Q2,Retailers,8.605238791,13.05914425,6.10542E+12,2.39507E+12,33.20922826,2.483727175,1,0
RANC.JK,2018Q2,"Personal Care, Drug and Grocery Stores",1.397767498,2.462648494,8.32533E+11,3.61262E+11,-10.16659276,5.786450571,0,0
RBMS.JK,2018Q2,Real Estate Investment and Services Development,-0.939462858,-1.255279917,5.62696E+11,26585701760,-730.6366345,2644.052577,1,0
RELI.JK,2018Q2,Investment Banking and Brokerage Services,0.08385582,0.106827357,6.07232E+11,1.26904E+11,-177.2861786,84.87787876,1,0
RIGS.JK,2018Q2,Industrial Transportation,-10.87452302,-16.4655811,1.10222E+12,3.9946E+11,-72.35231117,19.39479512,1,0
RIMO.JK,2018Q2,Retailers,-0.402058228,-0.468506863,4.79471E+12,1.00578E+11,2410.214263,15335.84315,1,0
RMBA.JK,2018Q2,Tobacco,-1.810341226,-2.870518625,1.38004E+13,5.15993E+12,1760.180162,9.557155611,1,0
RODA.JK,2018Q2,Real Estate Investment and Services Development,-0.129706286,-0.181820792,3.56957E+12,1.12292E+12,-90.93938615,4.020441402,1,0
ROTI.JK,2018Q2,Food Producers,-0.019267711,0.39116299,4.18116E+12,1.40195E+12,-86.48064285,6.184949961,0,0
RUIS.JK,2018Q2,"Oil, Gas and Coal",0.512643085,1.321388072,9.8796E+11,6.16499E+11,2.645528418,10.75442499,0,0
SAME.JK,2018Q2,Health Care Providers,1.4891836,2.485984026,1.82278E+12,7.42812E+11,22.68850639,19.4006229,0,0
SCCO.JK,2018Q2,Electronic and Electrical Equipment,0.594178314,0.890254903,4.01674E+12,1.47386E+12,13.00451629,2.833327477,1,0
SCMA.JK,2018Q2,Media,7.951942875,11.426787,6.19125E+12,1.95757E+12,-17.89090107,-6.232353114,1,0
SCPI.JK,2018Q2,Pharmaceuticals and Biotechnology,2.152857383,7.266375357,1.60684E+12,1.13512E+12,-34.56214535,-25.20587151,0,0
SDMU.JK,2018Q2,Industrial Transportation,-1.170418187,-2.098436217,3.66416E+11,1.7069E+11,-773.6766848,18.83495771,1,0
SDPC.JK,2018Q2,Pharmaceuticals and Biotechnology,0.8299807,3.628819256,1.01342E+12,7.90761E+11,28.01938788,11.12481711,0,0
SGRO.JK,2018Q2,Food Producers,0.890977703,1.882930234,8.60813E+12,4.75015E+12,57.44527079,14.14707949,0,0
SHID.JK,2018Q2,Travel and Leisure,-0.312684994,-0.511725934,1.50466E+12,5.64296E+11,-118.3460253,15.05071001,1,0
SHIP.JK,2018Q2,Industrial Transportation,1.522358778,3.570671497,3.29944E+12,1.88206E+12,35.00077256,49.48329329,1,0
SIDO.JK,2018Q2,Food Producers,3.595265194,4.21745454,3.49299E+12,7.3978E+11,6.143953935,7.880542903,0,0
SILO.JK,2018Q2,Health Care Providers,-0.329059489,-0.407916834,7.65972E+12,1.42631E+12,85.15497553,14.62232743,0,0
SIMP.JK,2018Q2,Food Producers,-0.145495171,-0.361280564,3.54727E+13,1.94396E+13,-49.36620448,-18.24103254,0,0
SIPD.JK,2018Q2,Food Producers,0.576430186,1.555216259,2.15827E+12,1.31727E+12,-127.3607826,22.30570499,0,0
SKBM.JK,2018Q2,Food Producers,0.7007188,1.047740359,1.62661E+12,7.11149E+11,-315.7134525,-7.231844723,0,0
SKLT.JK,2018Q2,Food Producers,1.505768111,3.147375562,6.85575E+11,3.27735E+11,21.9606467,9.514568421,0,0
SMAR.JK,2018Q2,Food Producers,-0.925622273,-2.345742595,3.03617E+13,1.9025E+13,-52.05511931,12.3378127,0,0
SMBR.JK,2018Q2,Construction and Materials,0.217144023,0.335662244,5.28415E+12,1.86595E+12,23.56183412,29.95216654,0,0
SMCB.JK,2018Q2,Construction and Materials,-1.075454967,-3.06655754,1.89485E+13,1.23079E+13,-37.44718891,9.243784305,0,0
SMDM.JK,2018Q2,Real Estate Investment and Services Development,0.432626235,0.388527567,3.19544E+12,1.4563E+12,340.4884668,20.03019424,1,0
SMDR.JK,2018Q2,Industrial Transportation,0.053534948,0.747419552,8.61402E+12,5.68715E+12,-64.3034504,21.31089419,1,0
SMGR.JK,2018Q2,Construction and Materials,1.120343099,1.918030367,4.9169E+13,2.01048E+13,27.17016449,5.946226621,0,0
SMMT.JK,2018Q2,"Oil, Gas and Coal",2.325460512,3.441059249,7.55575E+11,3.49862E+11,-114.7951307,111.3383401,0,0
SMRA.JK,2018Q2,Real Estate Investment and Services Development,0.518668064,0.559051685,2.30341E+13,1.51919E+13,-2.885621375,-0.316841447,1,0
SMRU.JK,2018Q2,Industrial Metals and Mining,-0.995685725,-2.413655746,1.86777E+12,1.06237E+12,68.40995785,4.16610972,1,0
SMSM.JK,2018Q2,Automobiles and Parts,4.403991215,5.953751548,2.71377E+12,1.02087E+12,4.79757194,22.91111452,1,0
SOCI.JK,2018Q2,Industrial Transportation,0.426450842,0.855239111,9.2127E+12,4.1788E+12,-30.44140216,0.812658315,1,0
SONA.JK,2018Q2,Travel and Leisure,2.160534453,3.90137866,1.31393E+12,6.20378E+11,174.8175014,42.87926104,1,0
SPMA.JK,2018Q2,Industrial Materials,0.694110975,1.260009231,2.16898E+12,9.69073E+11,-44.20246789,6.629200555,1,0
SRAJ.JK,2018Q2,Health Care Providers,-1.140724677,-1.510755828,2.12599E+12,5.26104E+11,-8.10079416,18.53502702,0,0
SRIL.JK,2018Q2,Personal Goods,3.048362282,8.927161063,1.79842E+13,1.01838E+13,-0.067428813,54.48394323,1,0
SRTG.JK,2018Q2,Investment Banking and Brokerage Services,-3.557973722,-4.663813431,2.51903E+13,4.6593E+12,-165.5018131,-154.5230545,1,0
SSIA.JK,2018Q2,Construction and Materials,-0.544964499,-1.20108497,7.49141E+12,3.80969E+12,-33.30394871,-19.81149225,0,0
SSMS.JK,2018Q2,Food Producers,1.132041099,2.777792208,1.07866E+13,6.29433E+12,16.67404989,23.26499431,0,0
SSTM.JK,2018Q2,Personal Goods,2.688294969,7.383037886,5.95027E+11,3.88634E+11,-121.9243598,129.3920189,1,0
STTP.JK,2018Q2,Food Producers,1.798540919,2.912045388,2.37823E+12,9.76457E+11,151.1578714,-6.580034855,0,0
SUPR.JK,2018Q2,Telecommunications Service Providers,0.891118054,2.779816513,1.20118E+13,8.21225E+12,-3.351213736,2.437276884,0,0
TALF.JK,2018Q2,General Industrials,0.989841707,1.135275896,9.38434E+11,1.36509E+11,1035.872322,84.97088644,1,0
TARA.JK,2018Q2,Real Estate Investment and Services Development,0.032692302,0.024250173,1.12741E+12,1.86006E+11,-51.39118678,10.16975905,1,0
TBIG.JK,2018Q2,Telecommunications Equipment,0.626103536,5.639606978,2.78899E+13,2.35529E+13,6.541956548,5.832392341,0,0
TBLA.JK,2018Q2,Food Producers,1.020747717,3.55341686,1.49138E+13,9.96226E+12,3.672411998,-7.255460939,0,0
TBMS.JK,2018Q2,Industrial Metals and Mining,0.600661123,2.703980993,2.38361E+12,1.82032E+12,-49.70836893,43.5451821,1,0
TCID.JK,2018Q2,Personal Goods,1.075045414,1.347334953,2.32029E+12,5.1413E+11,-13.60633451,-2.753320217,1,0
TELE.JK,2018Q2,Telecommunications Equipment,1.626894038,4.111858628,8.7498E+12,5.40988E+12,-32.38983366,3.279844069,0,0
TFCO.JK,2018Q2,Chemicals,-0.416210202,-0.461745783,4.62478E+12,5.1722E+11,9.150251924,5.133996236,0,0
TGKA.JK,2018Q2,"Personal Care, Drug and Grocery Stores",2.431623915,7.02370673,3.16369E+12,2.27304E+12,34.12427532,12.55100947,0,0
TGRA.JK,2018Q2,Electricity,0.245672466,0.291790034,3.90426E+11,62740009590,-96.48453331,-36.4541488,1,0
TIFA.JK,2018Q2,Finance and Credit Services,0.499804104,2.366565284,1.54533E+12,1.21257E+12,16.36899546,11.98659885,0,0
TINS.JK,2018Q2,Industrial Metals and Mining,0.993944877,1.944422016,1.24601E+13,5.36607E+12,-18.608345,3.925381194,1,0
TIRA.JK,2018Q2,Industrial Engineering,-3.241065746,-6.799523129,3.41749E+11,1.85537E+11,-1019.624415,-23.9165371,1,0
TKIM.JK,2018Q2,Industrial Materials,3.656215323,9.177083581,4.05339E+13,2.20992E+13,95.56598805,15.28442073,1,0
TLKM.JK,2018Q2,Telecommunications Service Providers,2.363912277,3.231785769,2.0196E+14,1.08107E+14,-12.91329757,-2.951604594,0,0
TMAS.JK,2018Q2,Industrial Transportation,1.17914414,3.274467651,2.83886E+12,1.79433E+12,20.61550132,32.49655275,1,0
TOBA.JK,2018Q2,"Oil, Gas and Coal",1.600378938,1.278976759,5.31283E+12,3.01116E+12,146.9614043,30.19060869,0,0
TOPS.JK,2018Q2,Construction and Materials,1.095722464,3.051308582,3.80133E+12,2.39886E+12,-19.66105653,-53.60127137,0,0
TOTL.JK,2018Q2,Construction and Materials,1.530171358,4.917226915,2.95772E+12,1.99886E+12,-18.51928957,-19.51312187,0,0
TOTO.JK,2018Q2,Construction and Materials,2.177193545,3.402643506,2.77252E+12,9.52885E+11,85.63614073,20.30805531,0,0
TOWR.JK,2018Q2,Telecommunications Service Providers,2.606964222,7.529899253,2.38279E+13,1.16147E+13,-6.768956696,8.485711149,0,0
TPIA.JK,2018Q2,Chemicals,1.404825315,2.413305041,4.29327E+13,1.81767E+13,-13.22481057,12.90533153,0,0
TPMA.JK,2018Q2,Industrial Transportation,2.162981009,3.435171656,1.61626E+12,5.9038E+11,79.090493,29.88202326,1,0
TRAM.JK,2018Q2,Industrial Transportation,-4.036850083,-275.0387932,2.17918E+12,2.17706E+12,-335.3940696,-54.5702853,1,0
TRIM.JK,2018Q2,Investment Banking and Brokerage Services,0.810622516,2.01259916,1.93676E+12,1.20277E+12,57.97209493,17.29254567,1,0
TRIS.JK,2018Q2,Personal Goods,1.081628425,1.099199385,5.83129E+11,3.40048E+11,-328.6816668,32.33302449,1,0
TRST.JK,2018Q2,General Industrials,0.293051359,0.495435199,3.88017E+12,1.64807E+12,-2.048462947,8.56242102,1,0
TRUS.JK,2018Q2,Investment Banking and Brokerage Services,1.655098809,1.867387349,2.96952E+11,39438639980,85.65499792,30.81848069,1,0
TSPC.JK,2018Q2,Pharmaceuticals and Biotechnology,1.771240798,2.717831832,7.78613E+12,2.52598E+12,2.142165735,7.369413167,0,0
TURI.JK,2018Q2,Retailers,2.444396982,4.238015673,5.64663E+12,2.34251E+12,3.94219543,5.102072344,1,0
ULTJ.JK,2018Q2,Food Producers,3.642834922,4.482157616,5.40382E+12,1.08371E+12,32.85438905,16.28121049,0,0
UNIC.JK,2018Q2,Chemicals,0.830636072,1.342684717,3.31701E+12,1.08324E+12,-21.78673758,29.45463614,0,0
UNIT.JK,2018Q2,Investment Banking and Brokerage Services,0.024210756,0.040418171,4.28876E+11,2.95041E+11,-9.11363007,-5.800937984,1,0
UNTR.JK,2018Q2,Industrial Engineering,3.537004545,6.037671819,8.88427E+13,3.96055E+13,50.66701467,26.55249798,1,0
UNVR.JK,2018Q2,"Personal Care, Drug and Grocery Stores",8.270793583,28.04184331,2.05261E+13,1.55144E+13,2.779825326,0.183259373,0,0
VICO.JK,2018Q2,Investment Banking and Brokerage Services,0.015197612,-0.057815667,3.02802E+13,2.83807E+13,59.75848978,9.358686119,1,0
VOKS.JK,2018Q2,Technology Hardware & Equipment,0.432689296,1.142640493,2.23118E+12,1.34586E+12,-57.44965769,-0.609071636,0,0
VRNA.JK,2018Q2,Finance and Credit Services,-1.56861996,-5.431786561,1.51726E+12,1.21429E+12,-23.43263667,-30.68619674,0,0
WAPO.JK,2018Q2,Food Producers,1.345794772,1.901078747,1.03947E+11,37149234750,19.3328487,121.3660384,0,0
WEHA.JK,2018Q2,Travel and Leisure,1.418858144,2.600094737,3.4944E+11,1.50347E+11,59.52974309,13.95156875,1,0
WICO.JK,2018Q2,Retailers,0.102993988,0.137090672,3.88067E+11,95860390500,-54.15215951,-1.288151195,1,0
WIIM.JK,2018Q2,Tobacco,0.653849908,0.825095082,1.23273E+12,2.51189E+11,-109.9182515,-4.118807357,1,0
WIKA.JK,2018Q2,Construction and Materials,0.800449706,2.691294667,5.40426E+13,3.73689E+13,18.60858532,18.49730193,0,0
WINS.JK,2018Q2,Industrial Transportation,-1.080687056,-1.814812049,4.44125E+12,2.01131E+12,-77.35444121,18.06266035,1,0
WOMF.JK,2018Q2,Finance and Credit Services,0.578475601,4.82765031,9.33073E+12,8.2775E+12,32.69527755,28.60457543,0,0
WOOD.JK,2018Q2,Household Goods and Home Construction,1.470912378,2.858042349,3.88711E+12,1.85612E+12,-6.103639168,15.05378716,0,0
WSBP.JK,2018Q2,Construction and Materials,1.228170475,2.383992172,1.47003E+13,6.75284E+12,131.2676547,6.885836686,0,0
WSKT.JK,2018Q2,Construction and Materials,1.925696885,9.121858168,1.17604E+14,1.00897E+14,136.3478856,24.94131349,0,0
WTON.JK,2018Q2,Construction and Materials,1.415166431,3.833919737,7.38197E+12,4.4837E+12,29.1091262,10.69520111,0,0
YPAS.JK,2018Q2,Chemicals,-1.526168284,-3.703404027,3.04634E+11,1.77157E+11,-115.916368,-1.143941391,0,0
YULE.JK,2018Q2,Investment Banking and Brokerage Services,0.718585128,0.763896943,3.94501E+11,7682249440,0.365656581,-41.745758,1,0
ZINC.JK,2018Q2,Industrial Metals and Mining,4.696059725,7.701653523,9.24064E+11,3.41621E+11,156.7998009,100.4721962,1,0
