Firm,Period,ICB Sector,ROA,ROE,TA,Total Liabilities,FCF,GROWTH_Q-1_in_percent,REV_GROWTH_Q-1_in_percent,Treated,After
AALI.JK,2020Q2,Food Producers,0.093413644,0.110357465,2.73813E+13,8.51301E+12,1.31357E+11,-71.47897557,-10.65767405,0,1
ABMM.JK,2020Q2,"Oil, Gas and Coal",0.34515499,0.683327751,1.45051E+13,1.02768E+13,2.98299E+11,167.2564031,27.49273266,0,1
ACES.JK,2020Q2,Retailers,3.576190336,5.148362188,6.98949E+12,1.98004E+12,3.47061E+11,16.37201745,-9.294041163,1,1
ADMF.JK,2020Q2,Finance and Credit Services,0.230515734,1.026339636,3.19602E+13,2.44394E+13,56319000000,-51.04688678,-15.23687401,0,1
ADRO.JK,2020Q2,"Oil, Gas and Coal",0.897641377,1.530234883,9.4212E+13,5.19542E+13,25933300000,-1220.283687,-29.00366762,0,1
ALDO.JK,2020Q2,Household Goods and Home Construction,1.529189215,2.378251671,9.35485E+11,5.14192E+11,11767496960,-41.66524391,-33.12123146,0,1
ALKA.JK,2020Q2,Industrial Metals and Mining,0.674933516,3.866050256,5.31668E+11,5.70264E+11,2842662000,-177.5505113,-16.54763726,1,1
AMRT.JK,2020Q2,"Personal Care, Drug and Grocery Stores",0.565764741,2.079482329,2.33787E+13,2.30794E+13,2.35012E+11,-25.98444803,-3.021600237,0,1
APIC.JK,2020Q2,Investment Banking and Brokerage Services,0.274526224,0.522110558,4.54551E+12,2.32161E+12,84672126480,124.5679819,-61.72005104,1,1
ARNA.JK,2020Q2,Construction and Materials,3.182686535,5.112592489,1.7152E+12,6.17841E+11,60113259300,-15.99711686,-29.3943896,0,1
ARTI.JK,2020Q2,Household Goods and Home Construction,-20.76414572,-0.050659517,1.48427E+12,4.54352E+11,13779021650,-73.25814183,-13.05631697,0,1
ASGR.JK,2020Q2,Technology Hardware & Equipment,0.705196461,1.161641181,2.5969E+12,1.0189E+12,73394000000,134.1280047,4.613304032,0,1
ASII.JK,2020Q2,Automobiles and Parts,2.097368577,4.274093837,3.43674E+14,1.90915E+14,9.016E+12,-63.74738311,-33.71912151,1,1
ASSA.JK,2020Q2,Consumer Services,-0.165937697,0.664331958,4.97979E+12,3.73529E+12,1.32361E+11,-37.43058448,-0.024691753,1,1
BAYU.JK,2020Q2,Travel and Leisure,-1.300081118,-2.276112016,7.41418E+11,3.18203E+11,2161353650,-88.41273244,-86.04232928,1,1
BBLD.JK,2020Q2,Finance and Credit Services,-0.0558596,-0.227960425,4.7868E+12,3.81828E+12,18299000000,-2.243940706,-15.45038245,0,1
BCAP.JK,2020Q2,Investment Banking and Brokerage Services,-0.033830637,-0.133510202,1.74313E+13,1.34657E+13,20581000000,-34.28991192,-16.45338931,1,1
BFIN.JK,2020Q2,Investment Banking and Brokerage Services,0.022606467,0.067099105,1.72851E+13,1.11345E+13,15901000000,-63.64046487,-22.40899116,1,1
BIRD.JK,2020Q2,Travel and Leisure,-1.418491616,-2.038534885,7.63014E+12,2.41462E+12,12231000000,-436.6697362,-69.92871506,1,1
BLTA.JK,2020Q2,Industrial Transportation,2.589568616,5.590901446,1.00287E+12,5.97324E+11,17909951000,-145.8919157,13.93774351,1,1
BMSR.JK,2020Q2,Real Estate Investment and Services Development,-1.888603139,-8.746390485,5.77347E+11,6.05411E+11,1739289500,-49.97323559,-29.58908149,1,1
BPFI.JK,2020Q2,Investment Banking and Brokerage Services,0.231099563,0.474473201,1.61358E+12,7.75273E+11,5748662510,-79.86081772,-23.21336947,1,1
BPII.JK,2020Q2,Industrial Support Services,0.691999788,1.501798761,2.42383E+12,1.44791E+12,63251481220,-5.966866832,-13.78530036,1,1
BSDE.JK,2020Q2,Real Estate Investment and Services Development,-0.538147555,-1.216916334,6.04118E+13,3.23061E+13,2.07796E+11,-26.10112849,-43.70801214,1,1
BTEK.JK,2020Q2,Food Producers,-2.607240043,-6.750082102,5.21586E+12,3.69817E+12,10358140550,-90.95922207,-25.3200402,0,1
BTON.JK,2020Q2,Industrial Metals and Mining,-9.624842886,-12.45032397,2.4914E+11,56218326280,28965495370,-3579.730439,4.444231526,1,1
BUDI.JK,2020Q2,Food Producers,0.271640163,0.558634996,2.9143E+12,1.65027E+12,45336000000,-20.89965062,-29.87889161,0,1
BUKK.JK,2020Q2,Construction and Materials,2.110012701,3.879724815,4.80782E+12,2.14654E+12,1.34181E+11,-5.734933788,-5.537597821,0,1
BYAN.JK,2020Q2,"Oil, Gas and Coal",2.588452261,5.929446344,1.96671E+13,1.11853E+13,4.55783E+11,-7.172788562,-1.498248947,0,1
CFIN.JK,2020Q2,Finance and Credit Services,0.082650493,0.198655354,1.11552E+13,6.35928E+12,12094948000,-42.35755649,-23.9406349,0,1
CITA.JK,2020Q2,Industrial Metals and Mining,4.212568879,5.236238699,4.36282E+12,1.12604E+12,2.7666E+11,6.414907153,-1.020516326,1,1
CLPI.JK,2020Q2,Chemicals,0.463878089,0.686655378,7.17529E+11,2.30017E+11,5909196500,-17.30673905,-6.641254908,0,1
CPIN.JK,2020Q2,Food Producers,2.32672106,3.269504904,3.20047E+13,8.77054E+12,5.77193E+11,-17.66046699,36.81643007,0,1
CTRA.JK,2020Q2,Real Estate Investment and Services Development,-0.058586788,-0.054091247,3.78842E+13,2.31599E+13,1.83004E+11,-63.46913362,-14.25444334,1,1
DEFI.JK,2020Q2,Investment Banking and Brokerage Services,-0.114586428,-0.115357349,96922043090,725353160,624933820,-12.76545437,-46.64612673,1,1
DILD.JK,2020Q2,Real Estate Investment and Services Development,0.0001501,0.102303304,1.59173E+13,1.0753E+13,83481261520,-64.40294885,-18.15483525,1,1
DLTA.JK,2020Q2,Beverages,-0.54873104,-0.617467612,1.40632E+12,1.94329E+11,44514972000,-59.29074528,-67.34350812,0,1
DMAS.JK,2020Q2,Real Estate Investment and Services Development,0.348766821,0.43018856,6.9876E+12,1.53709E+12,30015547750,30.2487079,34.66254715,1,1
DSFI.JK,2020Q2,Food Producers,-2.093608652,-4.199021225,3.77347E+11,1.99336E+11,2104935380,-53.73190355,-44.29167486,0,1
DSSA.JK,2020Q2,Electricity,0.425528311,0.663534128,5.45666E+13,3.50721E+13,5.90748E+11,33.20168796,-25.86218288,1,1
DUTI.JK,2020Q2,Real Estate Investment and Services Development,0.321069245,0.300782273,1.3848E+13,5.12383E+12,86182447210,-70.612662,-13.66384755,1,1
DVLA.JK,2020Q2,Pharmaceuticals and Biotechnology,4.182345086,5.947249987,2.01054E+12,5.88499E+11,64695907000,24.35027337,-8.061161225,0,1
EKAD.JK,2020Q2,Chemicals,1.694572904,1.927592586,9.83509E+11,1.13727E+11,42013220090,-47.82368671,-24.68930468,0,1
EPMT.JK,2020Q2,Pharmaceuticals and Biotechnology,1.628602339,2.346797249,8.35367E+12,2.14979E+12,1.2655E+11,5.546894494,6.339942213,0,1
ERAA.JK,2020Q2,Retailers,0.147783565,0.217444463,9.06328E+12,4.13807E+12,60871501000,-64.02051073,-14.7349751,1,1
FAST.JK,2020Q2,Travel and Leisure,-4.408888187,-10.07247444,3.60316E+12,1.9368E+12,2854186000,-91.26223722,-34.36065277,1,1
FIRE.JK,2020Q2,Retailers,1.270275492,2.073410491,5.31145E+11,2.47108E+11,1146408980,5185.868374,-18.92448594,1,1
FMII.JK,2020Q2,Personal Goods,-0.610947953,-0.857152066,8.79063E+11,2.51697E+11,285319770,-24.72808608,-83.78859268,1,1
GGRM.JK,2020Q2,Tobacco,1.761928732,2.541772029,7.91589E+13,2.44074E+13,1.12148E+12,-43.82218934,-3.181518519,1,1
GMTD.JK,2020Q2,Real Estate Investment and Services Development,0.319292981,0.511590912,1.10286E+12,4.11483E+11,3530595240,182.5751177,-18.11496641,1,1
GPRA.JK,2020Q2,Real Estate Investment and Services Development,-0.571854334,-0.795405769,1.82018E+12,6.68361E+11,12212445150,0.349280031,-36.36893451,1,1
GWSA.JK,2020Q2,Real Estate Investment and Services Development,0.076588345,0.119078797,7.6285E+12,6.36987E+11,43835232020,37.3391464,-50.27525336,1,1
HEXA.JK,2020Q2,Industrial Engineering,3.024150732,4.304801934,3.58516E+12,9.45242E+11,1.21372E+11,15.09232154,-66.35039524,1,1
HMSP.JK,2020Q2,Tobacco,2.974695127,4.764816072,4.19048E+13,1.52926E+13,1.62405E+12,-54.05206444,-11.16335389,1,1
HRUM.JK,2020Q2,"Oil, Gas and Coal",4.79728938,6.553607391,6.61764E+12,1.90116E+12,3.38359E+11,479.9556127,-41.21257454,0,1
ICBP.JK,2020Q2,Food Producers,3.461922156,4.982455553,4.34584E+13,1.48048E+13,2.07219E+12,75.73607591,-8.043698285,0,1
ICON.JK,2020Q2,Real Estate Investment and Services Development,1.07363348,1.598147178,3.61056E+11,1.86265E+11,3904076250,-77.60256194,-29.88792695,1,1
INAF.JK,2020Q2,Pharmaceuticals and Biotechnology,1.143135151,3.408884819,1.55531E+12,1.05503E+12,19657567560,-288.5567358,101.8886174,0,1
INCI.JK,2020Q2,Chemicals,0.884921806,1.086835412,4.35929E+11,87008930070,15615961250,255.69894,-14.46536415,0,1
INDF.JK,2020Q2,Food Producers,1.61041198,3.577554906,1.03395E+14,6.28719E+13,1.46144E+12,28.30859332,4.014241021,0,1
INDR.JK,2020Q2,Personal Goods,-0.421193086,-0.866199477,1.06834E+13,5.40112E+12,9096186400,-168.0263994,-51.73380415,1,1
INDS.JK,2020Q2,Automobiles and Parts,-0.583110652,-0.644625767,2.84333E+12,2.90708E+11,49056179800,-29.53964486,-46.75671958,1,1
INDY.JK,2020Q2,"Oil, Gas and Coal",0.058023228,-0.111714634,4.77669E+13,3.66929E+13,8.0927E+11,-130.9803631,-33.90346115,0,1
INKP.JK,2020Q2,Industrial Materials,0.286970872,0.570502143,1.17849E+14,6.85491E+13,3.5299E+12,62.84971807,-21.57130853,1,1
IPOL.JK,2020Q2,General Industrials,0.527896332,0.822560188,3.86276E+12,1.90854E+12,46521667000,-11.75031643,-15.79785915,1,1
ISAT.JK,2020Q2,Telecommunications Service Providers,0.451643542,2.155069588,6.10795E+13,4.86786E+13,1.89749E+12,354.1182763,6.216849517,0,1
ITMA.JK,2020Q2,"Oil, Gas and Coal",2.267968908,2.272204157,2.14567E+12,4401632500,55426923750,-44.36944396,-13.00613497,0,1
ITMG.JK,2020Q2,"Oil, Gas and Coal",1.141406246,1.663054536,1.74225E+13,5.09222E+12,3.52969E+11,-67.264007,-31.83079682,0,1
JECC.JK,2020Q2,Technology Hardware & Equipment,-0.297809216,-0.618900854,1.51205E+12,8.85996E+11,16340624000,-56.75216389,-38.69554641,0,1
JIHD.JK,2020Q2,Real Estate Investment and Services Development,-1.180037795,-1.311898692,6.82702E+12,3.24679E+12,443826000,50.15645069,-54.73302849,1,1
JRPT.JK,2020Q2,Real Estate Investment and Services Development,1.713650313,2.751643087,1.16647E+13,4.63655E+12,1.99402E+11,-0.636165431,1.90384061,1,1
KICI.JK,2020Q2,Household Goods and Home Construction,-0.354714952,-0.653985012,1.58619E+11,73417903700,20022110,-379.8936466,-46.37609217,0,1
KLBF.JK,2020Q2,Pharmaceuticals and Biotechnology,3.306642516,4.382426597,2.20911E+13,5.74954E+12,6.01418E+11,3.513672477,0.229240348,0,1
KMTR.JK,2020Q2,Automobiles and Parts,3.17525077,7.848691111,4.37039E+12,2.57319E+12,1.49887E+11,-289.7140344,-39.1452634,1,1
KRAH.JK,2020Q2,Industrial Engineering,-10.93193905,-73.22514549,6.06056E+11,5.07667E+11,25058968980,-2048.970419,-5.265138636,1,1
LION.JK,2020Q2,Industrial Metals and Mining,-2.426492655,-3.522451995,6.7531E+11,2.17629E+11,11015917270,-320.4635977,-21.18791555,1,1
LPPF.JK,2020Q2,Retailers,-2.94928106,-22.29295193,8.68086E+12,7.90023E+12,1.07686E+11,-113.2066372,-54.55798323,1,1
LSIP.JK,2020Q2,Food Producers,0.781613334,0.949238577,1.04706E+13,1.89173E+12,85870000000,-67.70254267,-27.24097851,0,1
LTLS.JK,2020Q2,Chemicals,2.200716473,6.465347567,6.02983E+12,4.13366E+12,1.62918E+11,-450.5125436,-14.61553706,0,1
MAPB.JK,2020Q2,Travel and Leisure,-3.720448364,-8.852787318,2.65581E+12,1.58323E+12,34847000000,463.7630349,-58.40339668,1,1
MASA.JK,2020Q2,Automobiles and Parts,-0.890140226,-1.94437977,5.99348E+12,3.77314E+12,1.31327E+11,-63.97046137,-29.54143963,1,1
MBAP.JK,2020Q2,"Oil, Gas and Coal",4.105589606,5.536949164,3.07298E+12,7.42901E+11,1.60355E+11,-50.96926351,-22.61351154,0,1
MDKA.JK,2020Q2,Industrial Metals and Mining,2.262037617,4.559008474,1.3354E+13,7.19584E+12,4.43884E+11,195.4550285,-20.35037393,1,1
MFIN.JK,2020Q2,Finance and Credit Services,0.328344009,0.660635642,4.57307E+12,2.22375E+12,19008000000,-61.28415901,-24.17995719,0,1
MICE.JK,2020Q2,"Personal Care, Drug and Grocery Stores",-0.293431437,-0.210976954,1.02165E+12,3.46823E+11,11328311000,-24.04705681,-22.00862514,0,1
MIDI.JK,2020Q2,Retailers,1.097129553,4.843183442,5.57848E+12,4.30589E+12,70202000000,-25.42785709,5.882898568,1,1
MIKA.JK,2020Q2,Health Care Providers,1.667374521,2.059041426,5.85882E+12,1.59402E+12,61653572340,-62.99589667,-35.22073613,0,1
MLIA.JK,2020Q2,Construction and Materials,-0.378593364,-0.888707986,5.72509E+12,3.25461E+12,29474046890,-7.058147736,-26.99983486,0,1
MMLP.JK,2020Q2,Industrial Support Services,0.727364484,-0.278752814,6.75555E+12,2.86441E+12,38273405000,13.56711038,7.16368886,1,1
MNCN.JK,2020Q2,Media,3.67548235,5.311046109,1.83939E+13,5.83331E+12,4.5091E+11,-3.004820967,-3.207864288,1,1
MSKY.JK,2020Q2,Media,-1.152034888,-1.798164061,4.21687E+12,1.45712E+12,77415000000,19.66052092,-0.873330772,1,1
MTDL.JK,2020Q2,Technology Hardware & Equipment,1.712376677,2.829289561,5.55971E+12,3.38585E+12,95809000000,-24.62356166,-17.16713599,0,1
MTLA.JK,2020Q2,Real Estate Investment and Services Development,0.504074412,0.779183089,5.81099E+12,2.24199E+12,63326000000,-59.37147565,-50.8697513,1,1
MYOH.JK,2020Q2,"Oil, Gas and Coal",9.644731551,12.40137152,2.26871E+12,4.0283E+11,19668232000,-41.19754468,-15.41540299,0,1
NRCA.JK,2020Q2,Construction and Materials,0.624327123,1.203320156,2.38494E+12,1.19553E+12,27579048710,107.5620447,-26.53052168,0,1
PBRX.JK,2020Q2,Personal Goods,1.89385644,3.793859645,9.26988E+12,5.9532E+12,17475230000,-24.69913648,46.27313676,1,1
PBSA.JK,2020Q2,Construction and Materials,2.354804162,3.16601729,7.45628E+11,1.89322E+11,7260310610,-65.30543484,-19.71675712,0,1
PEGE.JK,2020Q2,Investment Banking and Brokerage Services,1.467040362,1.501573092,5.07245E+11,8122437220,7441684900,-108.5331784,-129.2385882,1,1
PGAS.JK,2020Q2,"Gas, Water and Multi-utilities",-0.368704207,-1.607570299,1.07146E+14,8.69853E+13,1.77279E+12,36.58279132,-40.72797579,0,1
PGLI.JK,2020Q2,Travel and Leisure,-1.924785018,-2.810232635,89996026030,27732244050,950959220,75.53651486,-38.55932806,1,1
PKPK.JK,2020Q2,"Oil, Gas and Coal",1.194834514,5.439024565,76964386000,59369214000,2432072000,-122.1064206,857.1243282,0,1
PORT.JK,2020Q2,Industrial Transportation,-1.330640566,-3.06773142,2.16162E+12,1.40922E+12,37333452000,-45.21934574,-11.54069982,1,1
POWR.JK,2020Q2,Electricity,2.504863396,4.886548187,1.90993E+13,1.03726E+13,2.26058E+11,-57.07242111,-32.3127288,1,1
PRAS.JK,2020Q2,Industrial Metals and Mining,1.272541228,4.028443433,1.65025E+12,1.19993E+12,1323273660,-84.37847413,-52.14766114,1,1
PTBA.JK,2020Q2,"Oil, Gas and Coal",1.432452631,2.169416364,2.68925E+13,7.97306E+12,9.89121E+11,15.83311617,-24.06064238,0,1
PTIS.JK,2020Q2,General Industrials,0.003001754,0.006432051,5.01592E+11,2.65693E+11,8496939600,103.5672618,-11.37230069,1,1
RALS.JK,2020Q2,Retailers,-0.141167241,-0.189889276,5.4648E+12,1.2957E+12,26677000000,358.2300691,-39.12746389,1,1
RIGS.JK,2020Q2,Industrial Transportation,-1.023625581,-1.17108708,6.92617E+11,1.40204E+11,15978238000,-133.8664389,-37.45892328,1,1
SCCO.JK,2020Q2,Electronic and Electrical Equipment,0.713109126,0.896168918,3.98584E+12,8.69935E+11,1.147E+11,-10.37640303,-49.29511349,1,1
SCMA.JK,2020Q2,Media,3.932034089,5.66142572,6.78878E+12,1.75683E+12,2.70528E+11,-18.15267074,-18.97472359,1,1
SCPI.JK,2020Q2,Pharmaceuticals and Biotechnology,2.343129822,5.735927057,1.7627E+12,1.01809E+12,42763388000,-54.53514014,-9.713867347,0,1
SIDO.JK,2020Q2,Food Producers,5.076667973,5.718821149,3.44414E+12,3.66531E+11,2.01047E+11,-22.40384582,-0.235659271,0,1
SMDM.JK,2020Q2,Real Estate Investment and Services Development,0.023987695,-0.191348509,3.21066E+12,1.43611E+12,4005541320,-34.08593097,-27.58936977,1,1
SMGR.JK,2020Q2,Construction and Materials,0.229617468,0.505147985,7.8299E+13,4.55752E+13,5.2523E+11,-33.87235512,-13.2182561,0,1
SMSM.JK,2020Q2,Automobiles and Parts,2.67877168,3.914429858,3.36651E+12,1.08561E+12,1.05108E+11,-34.14187976,-17.69087662,1,1
SOCI.JK,2020Q2,Industrial Transportation,0.156908279,0.317379997,9.70704E+12,5.61805E+12,1.02745E+11,92.25929268,-20.43348014,1,1
SRIL.JK,2020Q2,Personal Goods,1.794266189,4.645889814,2.5859E+13,1.34162E+13,1.75112E+11,16.50766615,29.6621609,1,1
SSTM.JK,2020Q2,Personal Goods,-0.013188288,-0.029572726,4.56145E+11,2.54295E+11,7577183950,-127.5394349,-76.99430292,1,1
TBMS.JK,2020Q2,Industrial Metals and Mining,1.342735991,3.566432318,1.71304E+12,1.01671E+12,28026202800,248.4041313,-52.61490851,1,1
TCID.JK,2020Q2,Personal Goods,-2.512557829,-3.100722903,2.28035E+12,5.13954E+11,35641702120,-98.30076388,-23.82732904,1,1
TFCO.JK,2020Q2,Chemicals,0.192356325,0.203563529,4.30136E+12,3.38505E+11,48573185000,-96.9172438,-44.29899674,0,1
TGKA.JK,2020Q2,"Personal Care, Drug and Grocery Stores",3.437693244,8.091860098,3.1216E+12,2.1335E+12,1.24031E+11,10.02561228,-3.38653569,0,1
TIFA.JK,2020Q2,Finance and Credit Services,0.63308871,1.890922517,1.08543E+12,7.00844E+11,4135969000,-9.163352134,-5.341595587,0,1
TKIM.JK,2020Q2,Industrial Materials,-2.153729449,-4.419439165,4.40135E+13,2.51103E+13,2.88344E+12,956.5396292,-40.5195049,1,1
TLKM.JK,2020Q2,Telecommunications Service Providers,2.921364423,5.066581021,2.46351E+14,1.35467E+14,1.1443E+13,53.56591143,-4.480318184,0,1
TOBA.JK,2020Q2,"Oil, Gas and Coal",0.660268698,0.554345029,1.0458E+13,8.17954E+12,4.07749E+11,50.97430583,-72.84667752,0,1
TPMA.JK,2020Q2,Industrial Transportation,0.38735715,0.53490117,1.57764E+12,4.33507E+11,23416852000,-97.83388926,-45.97774624,1,1
TRIM.JK,2020Q2,Investment Banking and Brokerage Services,0.091144262,0.296345738,2.42458E+12,1.56576E+12,4820669000,-0.409404064,2.205034778,1,1
TRUS.JK,2020Q2,Investment Banking and Brokerage Services,0.450674149,0.49582145,3.20301E+11,29809693370,1725811300,-51.60425994,-5.218450359,1,1
TSPC.JK,2020Q2,Pharmaceuticals and Biotechnology,1.069790639,1.519368282,8.75686E+12,3.10854E+12,2.64728E+11,48.39342217,-6.365569156,0,1
TURI.JK,2020Q2,Retailers,-0.301705065,-0.447219213,5.74896E+12,1.69827E+12,36406000000,-98.36934077,-59.34267965,1,1
ULTJ.JK,2020Q2,Food Producers,1.716872151,1.972088892,7.05439E+12,9.51001E+11,1.45515E+11,-68.52457394,-12.95155299,0,1
UNIC.JK,2020Q2,Chemicals,1.822664408,2.34825306,3.05608E+12,7.52181E+11,21440531000,-31.47019075,-21.06992897,0,1
UNIT.JK,2020Q2,Investment Banking and Brokerage Services,0.019198749,0.070006035,4.19318E+11,2.84092E+11,5216314380,19.80575276,29.06460149,1,1
UNTR.JK,2020Q2,Industrial Engineering,2.093300745,3.674019796,1.04221E+14,4.54979E+13,4.20572E+12,-34.13905574,-18.76346716,1,1
VICO.JK,2020Q2,Investment Banking and Brokerage Services,0.008056452,0.083014906,2.55164E+13,2.57812E+13,4263137000,203.0119013,-57.82198428,1,1
WAPO.JK,2020Q2,Food Producers,-1.352630908,-1.513632924,83257888510,12330551510,733834250,-52.12587505,-50.71679636,0,1
WINS.JK,2020Q2,Industrial Transportation,-1.906941166,-2.948777703,3.37548E+12,1.50282E+12,17244581600,-358.9808299,-39.47106981,1,1
WOMF.JK,2020Q2,Finance and Credit Services,0.175077172,1.097457741,6.76219E+12,5.56572E+12,31899000000,-23.0671475,-21.80299225,0,1
WOOD.JK,2020Q2,Household Goods and Home Construction,1.002514351,2.031848488,5.59192E+12,2.92142E+12,53409675330,-21.92220246,35.19316426,0,1
WSBP.JK,2020Q2,Construction and Materials,-0.638825703,-1.407145408,1.53582E+13,8.5474E+12,2.34664E+11,-69.60853011,-53.9215762,0,1
YPAS.JK,2020Q2,Chemicals,-1.160763592,-2.472546728,2.58679E+11,1.40974E+11,6494523660,-25.23313252,-13.61550672,0,1
AALI.JK,2019Q2,Food Producers,0.050227578,0.033592246,2.71618E+13,8.63566E+12,42451000000,54.21431361,1.434728364,0,0
ABMM.JK,2019Q2,"Oil, Gas and Coal",-0.02156834,-0.075400823,1.16534E+13,7.87731E+12,1.22767E+11,-75.47868242,-25.09617499,0,0
ACES.JK,2019Q2,Retailers,4.205699787,5.47606836,5.44998E+12,1.68411E+12,2.32085E+11,-0.410411307,-9.368820336,1,0
ADMF.JK,2019Q2,Finance and Credit Services,1.455344315,7.180789784,3.368E+13,2.66964E+13,4.73457E+11,7.228970946,1.61223769,0,0
ADRO.JK,2019Q2,"Oil, Gas and Coal",2.67227577,4.730159084,1.01098E+14,4.65865E+13,9.78329E+11,30.37475608,8.87061631,0,0
ALDO.JK,2019Q2,Household Goods and Home Construction,1.590222368,3.112086379,9.33016E+11,5.3648E+11,21322212770,-5.826822855,-12.75699891,0,0
ALKA.JK,2019Q2,Industrial Metals and Mining,1.228503812,4.555248146,4.08588E+11,3.91122E+11,3711971000,-139.6168273,-4.730313255,1,0
AMRT.JK,2019Q2,"Personal Care, Drug and Grocery Stores",0.904854751,3.256828614,2.25252E+13,1.70787E+13,1.67797E+11,-37.23412335,16.30613858,0,0
APIC.JK,2019Q2,Investment Banking and Brokerage Services,1.3862453,2.49949449,3.42402E+12,1.29183E+12,23031545290,38.30442813,-11.63275799,1,0
ARNA.JK,2019Q2,Construction and Materials,2.898428075,4.467317703,1.63469E+12,5.72781E+11,74668934670,-19.33480442,-13.48623181,0,0
ARTI.JK,2019Q2,Household Goods and Home Construction,-0.969145861,-0.679284102,3.54397E+12,9.59531E+11,11201644150,-86.98534038,-39.10824449,0,0
ASGR.JK,2019Q2,Technology Hardware & Equipment,1.334122664,2.090834464,2.28645E+12,8.12289E+11,75324000000,44.18791946,13.30719033,0,0
ASII.JK,2019Q2,Automobiles and Parts,1.593431759,3.262716987,3.50288E+14,2.10847E+14,6.263E+12,-15.41799248,-5.086650897,1,0
ASSA.JK,2019Q2,Consumer Services,0.354673371,2.19008288,4.55212E+12,3.40651E+12,1.10673E+11,5.148270416,12.45420332,1,0
BAYU.JK,2019Q2,Travel and Leisure,1.333613006,2.362936796,8.21811E+11,3.39246E+11,4102432990,-68.93014653,47.48495715,1,0
BBLD.JK,2019Q2,Finance and Credit Services,0.318769344,1.377831336,5.155E+12,3.93862E+12,12545000000,6.107290474,3.312782282,0,0
BCAP.JK,2019Q2,Investment Banking and Brokerage Services,0.071185273,0.242899327,1.83874E+13,1.34825E+13,21578000000,31.9490868,-1.544602102,1,0
BFIN.JK,2019Q2,Investment Banking and Brokerage Services,1.918747726,5.592924377,1.83691E+13,1.22611E+13,3.5135E+11,0.981668749,0.813647436,1,0
BIRD.JK,2019Q2,Travel and Leisure,0.965567963,1.333695428,7.0865E+12,1.92339E+12,20193000000,-17.04488911,-3.957495951,1,0
BLTA.JK,2019Q2,Industrial Transportation,0.138908802,0.336948862,1.01221E+12,6.04284E+11,1030614000,-163.9128607,-7.031359407,1,0
BMSR.JK,2019Q2,Real Estate Investment and Services Development,-0.31350438,-1.20820414,5.78516E+11,4.13645E+11,5063193330,-27.76236448,-19.44988434,1,0
BPFI.JK,2019Q2,Investment Banking and Brokerage Services,1.091532355,2.361685296,1.75779E+12,9.46502E+11,12019100890,-9.352763584,-3.836490638,1,0
BPII.JK,2019Q2,Industrial Support Services,3.045380754,6.113188739,2.69596E+12,1.87282E+12,70525921390,1.439858993,1.074494109,1,0
BSDE.JK,2019Q2,Real Estate Investment and Services Development,2.905582431,5.343769609,5.33061E+13,2.5676E+13,6.86059E+11,17.30945612,20.99973208,1,0
BTEK.JK,2019Q2,Food Producers,-0.002183173,-0.005131906,5.20927E+12,2.98028E+12,11028895130,-159.1386115,20.87361075,0,0
BTON.JK,2019Q2,Industrial Metals and Mining,0.050152522,0.061698447,2.31113E+11,35859538800,34574320,-93.05126434,10.88634346,1,0
BUDI.JK,2019Q2,Food Producers,0.403724275,0.875427889,3.1145E+12,2.14535E+12,41945000000,36.93766624,-30.9586276,0,0
BUKK.JK,2019Q2,Construction and Materials,1.537555844,3.245968136,4.6315E+12,2.41458E+12,90380408000,-55.85688058,-28.47872935,0,0
BYAN.JK,2019Q2,"Oil, Gas and Coal",7.698277481,14.50618326,1.96477E+13,1.19115E+13,1.37171E+12,18.74151932,33.91572854,0,0
CFIN.JK,2019Q2,Finance and Credit Services,0.689538179,1.835266316,1.21432E+13,7.63446E+12,73399669000,6.205606479,4.190825586,0,0
CITA.JK,2019Q2,Industrial Metals and Mining,6.517878323,12.31482456,3.73918E+12,1.63698E+12,2.80293E+11,105.6645447,2.91298092,1,0
CLPI.JK,2019Q2,Chemicals,0.633669899,0.951544609,7.08823E+11,2.11299E+11,18781602410,74.93913969,-6.676595457,0,0
CPIN.JK,2019Q2,Food Producers,3.202589388,4.652920261,2.8631E+13,8.39062E+12,5.11529E+11,-32.03665935,4.586194692,0,0
CTRA.JK,2019Q2,Real Estate Investment and Services Development,0.065420669,0.091389589,3.50766E+13,1.97609E+13,2.62213E+11,-41.3579293,-8.990291073,1,0
DEFI.JK,2019Q2,Investment Banking and Brokerage Services,-0.026961428,-0.027293816,87949892870,901561450,172093570,-87.07056796,0.857571744,1,0
DILD.JK,2019Q2,Real Estate Investment and Services Development,-0.183575757,-0.659008375,1.4577E+13,8.22264E+12,1.06163E+11,25.22895816,-48.36773804,1,0
DLTA.JK,2019Q2,Beverages,3.46242245,4.644689817,1.62614E+12,2.35194E+11,87271852000,-23.13417699,-28.6476963,0,0
DMAS.JK,2019Q2,Real Estate Investment and Services Development,7.889014003,8.827635929,7.46449E+12,6.65901E+11,6.11675E+11,-2128.352313,15267.99895,1,0
DSFI.JK,2019Q2,Food Producers,0.857481994,1.822630464,4.02148E+11,2.09831E+11,3202905540,143.2644797,-13.24228776,0,0
DSSA.JK,2019Q2,Electricity,0.236385259,0.390627118,5.36735E+13,3.04134E+13,5.66672E+11,358.4523652,-15.68201055,1,0
DUTI.JK,2019Q2,Real Estate Investment and Services Development,2.070969739,3.011429538,1.30082E+13,5.05771E+12,2.49973E+11,-12.32114152,28.52094588,1,0
DVLA.JK,2019Q2,Pharmaceuticals and Biotechnology,1.67664971,2.426963774,1.82802E+12,5.34817E+11,87435076000,121.6784609,-10.26224382,0,0
EKAD.JK,2019Q2,Chemicals,1.294645358,1.413032011,8.48704E+11,1.29624E+11,1721786770,-55.88737405,-12.14548693,0,0
EPMT.JK,2019Q2,Pharmaceuticals and Biotechnology,2.183974358,3.089941089,7.97732E+12,2.11177E+12,1.75794E+11,39.71588019,15.43383136,0,0
ERAA.JK,2019Q2,Retailers,0.579315559,1.317903389,1.11401E+13,6.49839E+12,21334556000,7.125295764,16.5842001,1,0
FAST.JK,2019Q2,Travel and Leisure,3.353675404,6.831680641,3.25282E+12,1.59626E+12,18141613000,-60.95558998,20.20942534,1,0
FIRE.JK,2019Q2,Retailers,1.456623068,2.474851056,5.58058E+11,2.41657E+11,822734970,-80.41644358,11.79613893,1,0
FMII.JK,2019Q2,Personal Goods,-0.529530775,-0.774921605,9.19264E+11,2.9738E+11,10994395560,438.5328942,-27.94196597,1,0
GGRM.JK,2019Q2,Tobacco,2.909721231,4.19077376,6.67001E+13,2.22885E+13,1.72618E+12,-20.75937689,1.342291948,1,0
GMTD.JK,2019Q2,Real Estate Investment and Services Development,0.96104051,1.528229316,1.23068E+12,4.48801E+11,11937380750,43.26630189,6.722385467,1,0
GPRA.JK,2019Q2,Real Estate Investment and Services Development,0.403128435,0.320975637,1.541E+12,5.43684E+11,22740656680,73.9435891,-43.38041313,1,0
GWSA.JK,2019Q2,Real Estate Investment and Services Development,0.325246844,0.360367011,7.51413E+12,6.44317E+11,18041054530,-28.808369,-15.83283516,1,0
HEXA.JK,2019Q2,Industrial Engineering,2.632902394,5.218627131,4.84145E+12,2.32211E+12,1.34695E+11,-34.089192,-42.14333096,1,0
HMSP.JK,2019Q2,Tobacco,6.98967116,10.37859929,4.31126E+13,1.4628E+13,3.67738E+12,8.574038817,13.05889029,1,0
HRUM.JK,2019Q2,"Oil, Gas and Coal",1.637570718,2.036924736,6.2107E+12,1.84583E+12,1.39503E+11,-1.54979272,-6.775549352,0,0
ICBP.JK,2019Q2,Food Producers,3.549090006,5.395042606,3.73682E+13,1.33402E+13,1.061E+12,32.68038572,-3.386620669,0,0
ICON.JK,2019Q2,Real Estate Investment and Services Development,0.816825645,1.538877769,3.86697E+11,2.3585E+11,1382650800,4315.355278,5.576173842,1,0
INAF.JK,2019Q2,Pharmaceuticals and Biotechnology,-0.184450718,-0.545644053,1.39985E+12,9.27558E+11,1000786520,-148.9673111,70.65551961,0,0
INCI.JK,2019Q2,Chemicals,0.57052423,0.668167774,3.78946E+11,57666345110,1594019400,219.9284311,-9.187355658,0,0
INDF.JK,2019Q2,Food Producers,1.331966957,3.40891939,9.73677E+13,6.29051E+13,1.19497E+12,9.642605908,1.406135888,0,0
INDR.JK,2019Q2,Personal Goods,0.314093674,0.649924915,1.0886E+13,5.6705E+12,63168977500,-83.68571689,-6.525463277,1,0
INDS.JK,2019Q2,Automobiles and Parts,0.030540981,0.035958349,2.51612E+12,2.73274E+11,703586910,4504.504011,-22.30528888,1,0
INDY.JK,2019Q2,"Oil, Gas and Coal",0.151420674,0.102994761,5.02924E+13,3.73439E+13,2.76431E+11,-33.58006343,-3.749489218,0,0
INKP.JK,2019Q2,Industrial Materials,0.836367204,1.908081134,1.24871E+14,7.0403E+13,1.73351E+12,-21.69884002,2.112088952,1,0
IPOL.JK,2019Q2,General Industrials,0.397373356,0.693854487,3.95936E+12,1.89011E+12,54128445150,-32.43678696,-8.668780111,1,0
ISAT.JK,2019Q2,Telecommunications Service Providers,-0.073142201,-0.362600229,5.58625E+13,4.50224E+13,2.48413E+11,135.5621705,3.294667495,0,0
ITMA.JK,2019Q2,"Oil, Gas and Coal",2.970949399,2.974859039,1.95534E+12,4177599750,71255415000,-25.75391631,-0.772743238,0,0
ITMG.JK,2019Q2,"Oil, Gas and Coal",2.146462432,3.561307176,1.87044E+13,6.1397E+12,3.80951E+11,-23.86113356,-3.696609803,0,0
JECC.JK,2019Q2,Technology Hardware & Equipment,1.393481229,4.59477585,1.98638E+12,1.44901E+12,9138263000,-22.68972418,-2.21726258,0,0
JIHD.JK,2019Q2,Real Estate Investment and Services Development,0.294030534,-0.031699614,6.59197E+12,3.02236E+12,43374375000,-86.94364746,-12.18791227,1,0
JRPT.JK,2019Q2,Real Estate Investment and Services Development,2.30989188,3.802425778,1.10265E+13,4.47596E+12,2.53316E+11,10.3328664,9.044898482,1,0
KICI.JK,2019Q2,Household Goods and Home Construction,-0.586167748,-0.971011173,1.54135E+11,62184082600,222495710,-18.55504387,-9.593442992,0,0
KLBF.JK,2019Q2,Pharmaceuticals and Biotechnology,3.552581494,4.437832311,1.88131E+13,4.14816E+12,2.99302E+11,13.22482743,8.342992585,0,0
KMTR.JK,2019Q2,Automobiles and Parts,1.600153266,4.0265854,4.74286E+12,2.94992E+12,73770707430,-229201.3402,21.77208895,1,0
KRAH.JK,2019Q2,Industrial Engineering,-9.816841426,-40.30095783,6.45953E+11,4.12574E+11,4068340320,57.62877267,-60.65627368,1,0
LION.JK,2019Q2,Industrial Metals and Mining,0.377774612,0.540312081,6.78741E+11,2.13662E+11,4949019510,-167.6957509,-3.346867121,1,0
LPPF.JK,2019Q2,Retailers,19.44525933,58.47022366,5.2203E+12,3.48429E+12,84962000000,-160.3120237,108.7266179,1,0
LSIP.JK,2019Q2,Food Producers,0.374256673,0.462768309,1.03252E+13,1.95954E+12,22855000000,-160.8890902,-19.03010926,0,0
LTLS.JK,2019Q2,Chemicals,1.129132007,3.062200859,6.19256E+12,4.30535E+12,61464000000,1.777979762,-12.63221928,0,0
MAPB.JK,2019Q2,Travel and Leisure,1.734399548,2.950610515,1.94321E+12,8.11162E+11,14684000000,30.12758469,5.179900567,1,0
MASA.JK,2019Q2,Automobiles and Parts,-0.567887419,-1.043947213,7.91796E+12,3.92638E+12,1.07852E+11,-130.1556739,-21.3427256,1,0
MBAP.JK,2019Q2,"Oil, Gas and Coal",5.857813518,8.013899874,2.61471E+12,6.94597E+11,1.50236E+11,74.4303781,-5.204181938,0,0
MDKA.JK,2019Q2,Industrial Metals and Mining,2.696624329,5.668675894,1.25619E+13,6.96106E+12,3.05447E+11,12.4458708,8.274348305,1,0
MFIN.JK,2019Q2,Finance and Credit Services,2.171824605,4.041376512,4.16031E+12,2.05421E+12,81329000000,-4.05804538,7.756810098,0,0
MICE.JK,2019Q2,"Personal Care, Drug and Grocery Stores",0.455281053,0.770489726,1.00727E+12,3.38467E+11,4193813590,-7.473792642,1.177513685,0,0
MIDI.JK,2019Q2,Retailers,1.167298633,5.479874731,5.22466E+12,4.13467E+12,56441000000,-48.34242681,21.27275183,1,0
MIKA.JK,2019Q2,Health Care Providers,3.536705129,4.194068518,5.40975E+12,1.18568E+12,1.53554E+11,-4.584219661,-3.087425478,0,0
MLIA.JK,2019Q2,Construction and Materials,0.371831336,0.852773639,5.24681E+12,2.92602E+12,40256061000,-63.45660887,-13.19753032,0,0
MMLP.JK,2019Q2,Industrial Support Services,3.026930146,3.636013973,6.09132E+12,2.31743E+12,45230411000,18.57621706,3.334111752,1,0
MNCN.JK,2019Q2,Media,3.778728105,5.880000116,1.71521E+13,6.58378E+12,5.98851E+11,29.38437177,25.40667054,1,0
MSKY.JK,2019Q2,Media,-0.792924738,-1.843301861,4.60639E+12,2.62268E+12,82435000000,-42.58380867,3.105834397,1,0
MTDL.JK,2019Q2,Technology Hardware & Equipment,1.82003994,3.533514023,5.16621E+12,3.27053E+12,95461000000,-23.52248554,-9.597865486,0,0
MTLA.JK,2019Q2,Real Estate Investment and Services Development,2.599541948,4.015156424,5.2243E+12,1.79347E+12,71836530000,-58.89207749,32.10927417,1,0
MYOH.JK,2019Q2,"Oil, Gas and Coal",1.902020497,2.524716715,2.00943E+12,5.72748E+11,95832297600,-12.25122495,-1.488159178,0,0
NRCA.JK,2019Q2,Construction and Materials,1.872211859,3.656535424,2.44011E+12,1.10074E+12,34052412550,21.74094616,24.52985142,0,0
PBRX.JK,2019Q2,Personal Goods,1.259325101,2.832365909,8.98795E+12,4.95154E+12,29722680000,-19.59241074,51.12796182,1,0
PBSA.JK,2019Q2,Construction and Materials,-0.057261251,-0.073405047,7.01184E+11,1.31672E+11,5968783410,-40.94393895,22.61422982,0,0
PEGE.JK,2019Q2,Investment Banking and Brokerage Services,9.144130583,11.37032755,7.10212E+11,1.41359E+11,62506138660,339.5567116,282.7858172,1,0
PGAS.JK,2019Q2,"Gas, Water and Multi-utilities",-0.000675565,-0.427866357,1.02313E+14,6.91809E+13,1.99283E+12,12.29506075,7.106755532,0,0
PGLI.JK,2019Q2,Travel and Leisure,-0.240104962,-0.00621992,87225369670,24114978240,2713469780,40.48927706,34.95547518,1,0
PKPK.JK,2019Q2,"Oil, Gas and Coal",0.183227204,0.421143026,1.28176E+11,72315866000,10672000,-245.7770207,-74.92375124,0,0
PORT.JK,2019Q2,Industrial Transportation,-0.003598737,0.531370637,2.23842E+12,1.13286E+12,1617558000,1047.762422,-6.787857817,1,0
POWR.JK,2019Q2,Electricity,2.106906666,4.2471086,1.84917E+13,9.52198E+12,5.85749E+11,-10.82663404,-2.081580421,1,0
PRAS.JK,2019Q2,Industrial Metals and Mining,0.295263016,0.671929418,1.72035E+12,9.25171E+11,654288940,-221.7824513,-5.551250653,1,0
PTBA.JK,2019Q2,"Oil, Gas and Coal",3.628397504,5.225644885,2.34121E+13,7.53661E+12,1.34729E+12,27.86811364,-1.104953638,0,0
PTIS.JK,2019Q2,General Industrials,0.083856273,0.191598529,5.30441E+11,2.97774E+11,10971170000,357.9128747,3.334791142,1,0
RALS.JK,2019Q2,Retailers,8.897746573,12.78095842,6.26571E+12,2.17023E+12,5.24121E+11,1270.153904,133.5288303,1,0
RIGS.JK,2019Q2,Industrial Transportation,-15.51475241,-22.12486273,9.02227E+11,3.0599E+11,47892612500,-610.5630101,-16.25650969,1,0
SCCO.JK,2019Q2,Electronic and Electrical Equipment,1.020767983,1.536225188,4.31873E+12,1.30916E+12,92487648440,-18.51493828,-8.076056245,1,0
SCMA.JK,2019Q2,Media,4.244309767,6.09403989,6.9014E+12,1.89365E+12,3.02147E+11,-14.45329347,14.4654715,1,0
SCPI.JK,2019Q2,Pharmaceuticals and Biotechnology,0.523470665,1.41412372,1.70111E+12,1.12608E+12,9493772000,-94.77694233,23.65139082,0,0
SIDO.JK,2019Q2,Food Producers,4.889977142,5.436923358,3.27093E+12,3.04222E+11,1.63412E+11,-17.78293919,-2.420282565,0,0
SMDM.JK,2019Q2,Real Estate Investment and Services Development,0.743036216,0.513539158,3.18161E+12,1.40165E+12,23690884320,-23.6519196,-2.477925768,1,0
SMGR.JK,2019Q2,Construction and Materials,0.31352895,0.704057862,7.69832E+13,4.67037E+13,5.29192E+11,-12.24327678,1.192122515,0,0
SMSM.JK,2019Q2,Automobiles and Parts,4.176188418,5.549349019,2.79858E+12,8.66818E+11,1.17355E+11,-13.75957391,-1.062907893,1,0
SOCI.JK,2019Q2,Industrial Transportation,0.551949328,1.138743592,9.75347E+12,4.94401E+12,1.65222E+11,-24.89430664,-8.563757603,1,0
SRIL.JK,2019Q2,Personal Goods,2.031630698,5.287656544,1.98848E+13,1.21904E+13,1.85671E+11,14.74870264,16.20846744,1,0
SSTM.JK,2019Q2,Personal Goods,-0.001421902,-0.003571856,5.37498E+11,3.36572E+11,5628647890,-149.643251,6.39078105,1,0
TBMS.JK,2019Q2,Industrial Metals and Mining,0.814050915,3.336059067,2.40564E+12,1.77498E+12,25635038750,-21.96794929,-9.775842283,1,0
TCID.JK,2019Q2,Personal Goods,0.902408031,1.153757645,2.50993E+12,5.8479E+11,90197997040,831.3613917,-4.757320071,1,0
TFCO.JK,2019Q2,Chemicals,-0.004500139,-0.004887154,4.49045E+12,3.90254E+11,31643123850,61.89613751,-10.67201977,0,0
TGKA.JK,2019Q2,"Personal Care, Drug and Grocery Stores",3.523692465,8.662419108,2.83751E+12,1.92396E+12,1.10949E+11,13.86591988,-23.7842072,0,0
TIFA.JK,2019Q2,Finance and Credit Services,0.663080047,2.611220065,1.34E+12,9.84781E+11,8763448000,1.321562651,1.315775329,0,0
TKIM.JK,2019Q2,Industrial Materials,1.908094816,4.354632341,4.24199E+13,2.37566E+13,9.22642E+11,20.7054905,-12.48395867,1,0
TLKM.JK,2019Q2,Telecommunications Service Providers,3.217037327,4.876995032,2.15699E+14,1.14003E+14,9.36E+12,27.92725726,-0.961538462,0,0
TOBA.JK,2019Q2,"Oil, Gas and Coal",2.559190007,3.510772901,7.36159E+12,4.70739E+12,1.16445E+11,-49.13433118,9.242815109,0,0
TPMA.JK,2019Q2,Industrial Transportation,1.223725586,1.783584811,1.55225E+12,5.07399E+11,13955500000,-21.13009815,-1.057472886,1,0
TRIM.JK,2019Q2,Investment Banking and Brokerage Services,1.009190384,1.959727214,1.68005E+12,8.54802E+11,18361065000,-3.835069471,-2.255995791,1,0
TRUS.JK,2019Q2,Investment Banking and Brokerage Services,1.800504517,1.956331751,3.00505E+11,24120510450,5247117460,8.262512829,18.33360978,1,0
TSPC.JK,2019Q2,Pharmaceuticals and Biotechnology,1.588278645,2.397001903,8.06481E+12,2.7584E+12,2.06271E+11,49.02266624,-1.792173681,0,0
TURI.JK,2019Q2,Retailers,2.37797619,3.993534198,6.29824E+12,2.57315E+12,1.79869E+11,17.43828479,-9.843857846,1,0
ULTJ.JK,2019Q2,Food Producers,3.476990591,4.176527701,6.17534E+12,1.1451E+12,1.79342E+11,-31.06153921,8.135861864,0,0
UNIC.JK,2019Q2,Chemicals,0.576810679,0.962191029,3.1211E+12,9.18965E+11,22169731350,256.2364846,-19.29327986,0,0
UNIT.JK,2019Q2,Investment Banking and Brokerage Services,-0.022568124,0.002509067,4.20833E+11,2.92165E+11,5328467240,11.22446773,-28.2660156,1,0
UNTR.JK,2019Q2,Industrial Engineering,2.182048976,4.699021112,1.18272E+14,6.34717E+13,2.92013E+12,-14.41448439,-8.502104739,1,0
VICO.JK,2019Q2,Investment Banking and Brokerage Services,0.072473968,0.724877192,2.9753E+13,2.70822E+13,38051824000,41.36510099,6.423984943,1,0
WAPO.JK,2019Q2,Food Producers,-1.03080623,-1.263163262,1.02245E+11,9533743440,831124690,-103.714009,310.2411649,0,0
WINS.JK,2019Q2,Industrial Transportation,-1.080997746,-1.714169939,3.76709E+12,1.72946E+12,31439142500,28.73686901,14.46710234,1,0
WOMF.JK,2019Q2,Finance and Credit Services,0.407565226,2.962394468,8.36076E+12,7.16853E+12,36492000000,-0.582845664,-2.7641418,0,0
WOOD.JK,2019Q2,Household Goods and Home Construction,1.352118623,2.500573249,4.8679E+12,1.99856E+12,92475847660,-33.1866956,-1.728547698,0,0
WSBP.JK,2019Q2,Construction and Materials,0.614917766,1.135438798,1.47021E+13,6.44843E+12,2.51061E+11,62.17272729,-26.30359892,0,0
YPAS.JK,2019Q2,Chemicals,-0.714192546,-1.91389745,3.01324E+11,2.07531E+11,2878382480,-98.03319509,-24.68084351,0,0
INAF.JK,2019Q2,Pharmaceuticals and Biotechnology,-0.184450718,-0.545644053,1.39985E+12,9.27558E+11,1000786520,-148.9673111,70.65551961,0,0
INCI.JK,2019Q2,Chemicals,0.57052423,0.668167774,3.78946E+11,57666345110,1594019400,219.9284311,-9.187355658,0,0
INDF.JK,2019Q2,Food Producers,1.331966957,3.40891939,9.73677E+13,6.29051E+13,1.19497E+12,9.642605908,1.406135888,0,0
INDR.JK,2019Q2,Personal Goods,0.314093674,0.649924915,1.0886E+13,5.6705E+12,63168977500,-83.68571689,-6.525463277,1,0
INDS.JK,2019Q2,Automobiles and Parts,0.030540981,0.035958349,2.51612E+12,2.73274E+11,703586910,4504.504011,-22.30528888,1,0
INDY.JK,2019Q2,"Oil, Gas and Coal",0.151420674,0.102994761,5.02924E+13,3.73439E+13,2.76431E+11,-33.58006343,-3.749489218,0,0
INKP.JK,2019Q2,Industrial Materials,0.836367204,1.908081134,1.24871E+14,7.0403E+13,1.73351E+12,-21.69884002,2.112088952,1,0
INPS.JK,2019Q2,Industrial Transportation,-0.798276055,-2.90624636,4.86238E+11,3.48144E+11,4756436070,7.88669482,5.692190803,1,0
INTP.JK,2019Q2,Construction and Materials,0.910484653,1.069555493,2.58529E+13,4.01621E+12,3.47735E+11,-50.59387293,-12.9368756,0,0
IPCC.JK,2019Q2,Industrial Transportation,3.291687195,3.536270531,1.28118E+12,87130919000,46357338000,-35.64271449,-5.214594748,1,0
IPOL.JK,2019Q2,General Industrials,0.397373356,0.693854487,3.95936E+12,1.89011E+12,54128445150,-32.43678696,-8.668780111,1,0
ISAT.JK,2019Q2,Telecommunications Service Providers,-0.073142201,-0.362600229,5.58625E+13,4.50224E+13,2.48413E+11,135.5621705,3.294667495,0,0
ITMA.JK,2019Q2,"Oil, Gas and Coal",2.970949399,2.974859039,1.95534E+12,4177599750,71255415000,-25.75391631,-0.772743238,0,0
ITMG.JK,2019Q2,"Oil, Gas and Coal",2.146462432,3.561307176,1.87044E+13,6.1397E+12,3.80951E+11,-23.86113356,-3.696609803,0,0
JECC.JK,2019Q2,Technology Hardware & Equipment,1.393481229,4.59477585,1.98638E+12,1.44901E+12,9138263000,-22.68972418,-2.21726258,0,0
JIHD.JK,2019Q2,Real Estate Investment and Services Development,0.294030534,-0.031699614,6.59197E+12,3.02236E+12,43374375000,-86.94364746,-12.18791227,1,0
JRPT.JK,2019Q2,Real Estate Investment and Services Development,2.30989188,3.802425778,1.10265E+13,4.47596E+12,2.53316E+11,10.3328664,9.044898482,1,0
JSKY.JK,2019Q2,Alternative Energy,1.472356503,4.01644227,5.7083E+11,3.58483E+11,8709677280,119.0994871,38.09777362,0,0
KDSI.JK,2019Q2,Household Goods and Home Construction,1.598368215,3.886126699,1.41489E+12,8.18239E+11,16484755600,-2.215722778,-2.966692186,0,0
KICI.JK,2019Q2,Household Goods and Home Construction,-0.586167748,-0.971011173,1.54135E+11,62184082600,222495710,-18.55504387,-9.593442992,0,0
KLBF.JK,2019Q2,Pharmaceuticals and Biotechnology,3.552581494,4.437832311,1.88131E+13,4.14816E+12,2.99302E+11,13.22482743,8.342992585,0,0
KMTR.JK,2019Q2,Automobiles and Parts,1.600153266,4.0265854,4.74286E+12,2.94992E+12,73770707430,-229201.3402,21.77208895,1,0
KOPI.JK,2019Q2,"Oil, Gas and Coal",3.087247613,5.728140072,1.64161E+11,80403865870,6887483660,-118.837304,-4.213319678,0,0
KPAS.JK,2019Q2,Medical Equipment and Services,0.079180333,0.138328959,2.37056E+11,95223266060,1915274950,-8.255703717,-6.077111182,0,0
KRAH.JK,2019Q2,Industrial Engineering,-9.816841426,-40.30095783,6.45953E+11,4.12574E+11,4068340320,57.62877267,-60.65627368,1,0
LINK.JK,2019Q2,Telecommunications Service Providers,4.294482333,5.545455935,6.10223E+12,1.14431E+12,88686000000,994.3437069,2.601082476,0,0
LION.JK,2019Q2,Industrial Metals and Mining,0.377774612,0.540312081,6.78741E+11,2.13662E+11,4949019510,-167.6957509,-3.346867121,1,0
LPIN.JK,2019Q2,Automobiles and Parts,2.613063876,2.912740595,3.02403E+11,28935603820,8087082060,-61.52764263,-20.87807729,1,0
LPPF.JK,2019Q2,Retailers,19.44525933,58.47022366,5.2203E+12,3.48429E+12,84962000000,-160.3120237,108.7266179,1,0
LSIP.JK,2019Q2,Food Producers,0.374256673,0.462768309,1.03252E+13,1.95954E+12,22855000000,-160.8890902,-19.03010926,0,0
LTLS.JK,2019Q2,Chemicals,1.129132007,3.062200859,6.19256E+12,4.30535E+12,61464000000,1.777979762,-12.63221928,0,0
MAPA.JK,2019Q2,Retailers,5.892484449,8.689763358,3.74757E+12,1.04994E+12,2.14681E+11,58.72697599,29.08410778,1,0
MAPB.JK,2019Q2,Travel and Leisure,1.734399548,2.950610515,1.94321E+12,8.11162E+11,14684000000,30.12758469,5.179900567,1,0
MARI.JK,2019Q2,Media,2.278593824,3.743253794,3.24612E+11,1.25507E+11,10931594790,92.68871837,-5.605820052,1,0
MASA.JK,2019Q2,Automobiles and Parts,-0.567887419,-1.043947213,7.91796E+12,3.92638E+12,1.07852E+11,-130.1556739,-21.3427256,1,0
MBAP.JK,2019Q2,"Oil, Gas and Coal",5.857813518,8.013899874,2.61471E+12,6.94597E+11,1.50236E+11,74.4303781,-5.204181938,0,0
MDKA.JK,2019Q2,Industrial Metals and Mining,2.696624329,5.668675894,1.25619E+13,6.96106E+12,3.05447E+11,12.4458708,8.274348305,1,0
MEDC.JK,2019Q2,"Oil, Gas and Coal",-0.06157832,-0.479993923,8.8502E+13,5.45604E+13,2.69048E+11,22.54999512,9.385866562,0,0
MFIN.JK,2019Q2,Finance and Credit Services,2.171824605,4.041376512,4.16031E+12,2.05421E+12,81329000000,-4.05804538,7.756810098,0,0
MICE.JK,2019Q2,"Personal Care, Drug and Grocery Stores",0.455281053,0.770489726,1.00727E+12,3.38467E+11,4193813590,-7.473792642,1.177513685,0,0
MIDI.JK,2019Q2,Retailers,1.167298633,5.479874731,5.22466E+12,4.13467E+12,56441000000,-48.34242681,21.27275183,1,0
MIKA.JK,2019Q2,Health Care Providers,3.536705129,4.194068518,5.40975E+12,1.18568E+12,1.53554E+11,-4.584219661,-3.087425478,0,0
MLIA.JK,2019Q2,Construction and Materials,0.371831336,0.852773639,5.24681E+12,2.92602E+12,40256061000,-63.45660887,-13.19753032,0,0
MMLP.JK,2019Q2,Industrial Support Services,3.026930146,3.636013973,6.09132E+12,2.31743E+12,45230411000,18.57621706,3.334111752,1,0
MNCN.JK,2019Q2,Media,3.778728105,5.880000116,1.71521E+13,6.58378E+12,5.98851E+11,29.38437177,25.40667054,1,0
MPOW.JK,2019Q2,Electricity,1.433142158,2.917659078,3.05345E+11,1.52797E+11,9291780000,42.84501613,8.64241027,1,0
MSKY.JK,2019Q2,Media,-0.792924738,-1.843301861,4.60639E+12,2.62268E+12,82435000000,-42.58380867,3.105834397,1,0
MTDL.JK,2019Q2,Technology Hardware & Equipment,1.82003994,3.533514023,5.16621E+12,3.27053E+12,95461000000,-23.52248554,-9.597865486,0,0
MTLA.JK,2019Q2,Real Estate Investment and Services Development,2.599541948,4.015156424,5.2243E+12,1.79347E+12,71836530000,-58.89207749,32.10927417,1,0
MYOH.JK,2019Q2,"Oil, Gas and Coal",1.902020497,2.524716715,2.00943E+12,5.72748E+11,95832297600,-12.25122495,-1.488159178,0,0
NFCX.JK,2019Q2,Software & Computer Services,2.887069405,3.657269858,6.94287E+11,2.98748E+11,14194774250,34.73084922,61.85185963,1,0
NIKL.JK,2019Q2,Industrial Metals and Mining,0.131566303,0.373164127,1.68618E+12,1.04453E+12,9744272500,-101.8031683,-36.48621437,1,0
NIPS.JK,2019Q2,Electronic and Electrical Equipment,2.237727227,4.725989137,1.77796E+12,8.11326E+11,901741000,-39.26001389,11.09113718,1,0
NRCA.JK,2019Q2,Construction and Materials,1.872211859,3.656535424,2.44011E+12,1.10074E+12,34052412550,21.74094616,24.52985142,0,0
PANS.JK,2019Q2,Investment Banking and Brokerage Services,1.101673304,1.905281044,2.28211E+12,9.41405E+11,28742349810,-69.46520115,-39.94654966,1,0
PBID.JK,2019Q2,General Industrials,1.906223818,2.77944597,2.22974E+12,6.93448E+11,15564910000,-21.74905734,-12.42770486,1,0
PBRX.JK,2019Q2,Personal Goods,1.259325101,2.832365909,8.98795E+12,4.95154E+12,29722680000,-19.59241074,51.12796182,1,0
PBSA.JK,2019Q2,Construction and Materials,-0.057261251,-0.073405047,7.01184E+11,1.31672E+11,5968783410,-40.94393895,22.61422982,0,0
PEGE.JK,2019Q2,Investment Banking and Brokerage Services,9.144130583,11.37032755,7.10212E+11,1.41359E+11,62506138660,339.5567116,282.7858172,1,0
PGAS.JK,2019Q2,"Gas, Water and Multi-utilities",-0.000675565,-0.427866357,1.02313E+14,6.91809E+13,1.99283E+12,12.29506075,7.106755532,0,0
PGLI.JK,2019Q2,Travel and Leisure,-0.240104962,-0.00621992,87225369670,24114978240,2713469780,40.48927706,34.95547518,1,0
PICO.JK,2019Q2,General Industrials,0.194006607,0.51717469,8.52932E+11,5.46688E+11,3207807460,445.8250366,-11.76236032,1,0
PKPK.JK,2019Q2,"Oil, Gas and Coal",0.183227204,0.421143026,1.28176E+11,72315866000,10672000,-245.7770207,-74.92375124,0,0
PLIN.JK,2019Q2,Travel and Leisure,1.663215905,2.655720897,5.03113E+12,4.23501E+12,4.89531E+11,96.06597338,-8.878520324,1,0
PORT.JK,2019Q2,Industrial Transportation,-0.003598737,0.531370637,2.23842E+12,1.13286E+12,1617558000,1047.762422,-6.787857817,1,0
POWR.JK,2019Q2,Electricity,2.106906666,4.2471086,1.84917E+13,9.52198E+12,5.85749E+11,-10.82663404,-2.081580421,1,0
PPRE.JK,2019Q2,Construction and Materials,1.311076268,2.874907809,6.99478E+12,4.65039E+12,9618427180,-12.50228467,-15.66701936,0,0
PRAS.JK,2019Q2,Industrial Metals and Mining,0.295263016,0.671929418,1.72035E+12,9.25171E+11,654288940,-221.7824513,-5.551250653,1,0
PSAB.JK,2019Q2,Travel and Leisure,0.094352972,0.328273649,1.34735E+13,8.45279E+12,260358150,-45.42701552,-10.36026479,1,0
PTBA.JK,2019Q2,"Oil, Gas and Coal",3.628397504,5.225644885,2.34121E+13,7.53661E+12,1.34729E+12,27.86811364,-1.104953638,0,0
PTIS.JK,2019Q2,General Industrials,0.083856273,0.191598529,5.30441E+11,2.97774E+11,10971170000,357.9128747,3.334791142,1,0
PTPP.JK,2019Q2,Construction and Materials,0.462928655,1.342741727,5.35045E+13,4.06951E+13,8015644560,23.129554,15.04066542,0,0
PYFA.JK,2019Q2,Pharmaceuticals and Biotechnology,-0.0642896,-0.100919947,1.84443E+11,70493078640,3307153560,-50.17783605,-9.830631839,0,0
PZZA.JK,2019Q2,Travel and Leisure,3.014715504,4.755449472,1.95115E+12,7.31241E+11,30551066620,-45.29768255,14.53015683,1,0
RALS.JK,2019Q2,Retailers,8.897746573,12.78095842,6.26571E+12,2.17023E+12,5.24121E+11,1270.153904,133.5288303,1,0
RANC.JK,2019Q2,"Personal Care, Drug and Grocery Stores",1.405056546,2.498844769,9.04619E+11,3.88781E+11,13542370070,18.07245707,2.976121235,0,0
RIGS.JK,2019Q2,Industrial Transportation,-15.51475241,-22.12486273,9.02227E+11,3.0599E+11,47892612500,-610.5630101,-16.25650969,1,0
RIMO.JK,2019Q2,Retailers,-1.054959367,-1.230906082,5.9315E+12,1.07872E+12,84485219000,-48.34683851,-44.54481354,1,0
SCCO.JK,2019Q2,Electronic and Electrical Equipment,1.020767983,1.536225188,4.31873E+12,1.30916E+12,92487648440,-18.51493828,-8.076056245,1,0
SCMA.JK,2019Q2,Media,4.244309767,6.09403989,6.9014E+12,1.89365E+12,3.02147E+11,-14.45329347,14.4654715,1,0
SCPI.JK,2019Q2,Pharmaceuticals and Biotechnology,0.523470665,1.41412372,1.70111E+12,1.12608E+12,9493772000,-94.77694233,23.65139082,0,0
SHIP.JK,2019Q2,Industrial Transportation,1.617319348,3.817417908,3.3846E+12,2.37067E+12,1.15654E+11,17.62615942,-1.153323115,1,0
SIDO.JK,2019Q2,Food Producers,4.889977142,5.436923358,3.27093E+12,3.04222E+11,1.63412E+11,-17.78293919,-2.420282565,0,0
SIPD.JK,2019Q2,Food Producers,0.770222788,2.06148758,2.39721E+12,1.36668E+12,13800000000,-0.928155865,6.97402354,0,0
SKLT.JK,2019Q2,Food Producers,1.626114202,3.556776425,7.98533E+11,4.07215E+11,10311482670,-10.47198951,-0.338526503,0,0
SMDM.JK,2019Q2,Real Estate Investment and Services Development,0.743036216,0.513539158,3.18161E+12,1.40165E+12,23690884320,-23.6519196,-2.477925768,1,0
SMGR.JK,2019Q2,Construction and Materials,0.31352895,0.704057862,7.69832E+13,4.67037E+13,5.29192E+11,-12.24327678,1.192122515,0,0
SMSM.JK,2019Q2,Automobiles and Parts,4.176188418,5.549349019,2.79858E+12,8.66818E+11,1.17355E+11,-13.75957391,-1.062907893,1,0
SOCI.JK,2019Q2,Industrial Transportation,0.551949328,1.138743592,9.75347E+12,4.94401E+12,1.65222E+11,-24.89430664,-8.563757603,1,0
SPTO.JK,2019Q2,Retailers,1.610951859,3.32488223,2.66546E+12,1.47703E+12,69844197760,1.853506705,-20.43894801,1,0
SRIL.JK,2019Q2,Personal Goods,2.031630698,5.287656544,1.98848E+13,1.21904E+13,1.85671E+11,14.74870264,16.20846744,1,0
SRTG.JK,2019Q2,Investment Banking and Brokerage Services,9.244651386,11.57720699,2.30512E+13,4.51432E+12,2.04282E+12,71.47331264,62.76636228,1,0
SSTM.JK,2019Q2,Personal Goods,-0.001421902,-0.003571856,5.37498E+11,3.36572E+11,5628647890,-149.643251,6.39078105,1,0
TAMU.JK,2019Q2,Industrial Transportation,-0.71396097,-1.416760899,1.38618E+12,6.99817E+11,8268826800,-22.58710493,-0.361123619,1,0
TBMS.JK,2019Q2,Industrial Metals and Mining,0.814050915,3.336059067,2.40564E+12,1.77498E+12,25635038750,-21.96794929,-9.775842283,1,0
TCID.JK,2019Q2,Personal Goods,0.902408031,1.153757645,2.50993E+12,5.8479E+11,90197997040,831.3613917,-4.757320071,1,0
TELE.JK,2019Q2,Telecommunications Equipment,0.149853874,0.31781001,8.33909E+12,4.30188E+12,1.35622E+11,-11.52674246,-22.885521,0,0
TFCO.JK,2019Q2,Chemicals,-0.004500139,-0.004887154,4.49045E+12,3.90254E+11,31643123850,61.89613751,-10.67201977,0,0
TGKA.JK,2019Q2,"Personal Care, Drug and Grocery Stores",3.523692465,8.662419108,2.83751E+12,1.92396E+12,1.10949E+11,13.86591988,-23.7842072,0,0
TIFA.JK,2019Q2,Finance and Credit Services,0.663080047,2.611220065,1.34E+12,9.84781E+11,8763448000,1.321562651,1.315775329,0,0
TKIM.JK,2019Q2,Industrial Materials,1.908094816,4.354632341,4.24199E+13,2.37566E+13,9.22642E+11,20.7054905,-12.48395867,1,0
TLKM.JK,2019Q2,Telecommunications Service Providers,3.217037327,4.876995032,2.15699E+14,1.14003E+14,9.36E+12,27.92725726,-0.961538462,0,0
TNCA.JK,2019Q2,Industrial Transportation,0.668101535,0.786805494,47600813640,7330475990,495688960,-72.9171172,3.480267057,1,0
TOBA.JK,2019Q2,"Oil, Gas and Coal",2.559190007,3.510772901,7.36159E+12,4.70739E+12,1.16445E+11,-49.13433118,9.242815109,0,0
TPMA.JK,2019Q2,Industrial Transportation,1.223725586,1.783584811,1.55225E+12,5.07399E+11,13955500000,-21.13009815,-1.057472886,1,0
TRIM.JK,2019Q2,Investment Banking and Brokerage Services,1.009190384,1.959727214,1.68005E+12,8.54802E+11,18361065000,-3.835069471,-2.255995791,1,0
TRUS.JK,2019Q2,Investment Banking and Brokerage Services,1.800504517,1.956331751,3.00505E+11,24120510450,5247117460,8.262512829,18.33360978,1,0
TSPC.JK,2019Q2,Pharmaceuticals and Biotechnology,1.588278645,2.397001903,8.06481E+12,2.7584E+12,2.06271E+11,49.02266624,-1.792173681,0,0
TURI.JK,2019Q2,Retailers,2.37797619,3.993534198,6.29824E+12,2.57315E+12,1.79869E+11,17.43828479,-9.843857846,1,0
ULTJ.JK,2019Q2,Food Producers,3.476990591,4.176527701,6.17534E+12,1.1451E+12,1.79342E+11,-31.06153921,8.135861864,0,0
UNIC.JK,2019Q2,Chemicals,0.576810679,0.962191029,3.1211E+12,9.18965E+11,22169731350,256.2364846,-19.29327986,0,0
UNIT.JK,2019Q2,Investment Banking and Brokerage Services,-0.022568124,0.002509067,4.20833E+11,2.92165E+11,5328467240,11.22446773,-28.2660156,1,0
UNTR.JK,2019Q2,Industrial Engineering,2.182048976,4.699021112,1.18272E+14,6.34717E+13,2.92013E+12,-14.41448439,-8.502104739,1,0
VICO.JK,2019Q2,Investment Banking and Brokerage Services,0.072473968,0.724877192,2.9753E+13,2.70822E+13,38051824000,41.36510099,6.423984943,1,0
WAPO.JK,2019Q2,Food Producers,-1.03080623,-1.263163262,1.02245E+11,9533743440,831124690,-103.714009,310.2411649,0,0
WEGE.JK,2019Q2,Construction and Materials,1.855259863,4.786647435,5.74135E+12,3.35365E+12,75797141680,-57.45431029,8.729376917,0,0
WINS.JK,2019Q2,Industrial Transportation,-1.080997746,-1.714169939,3.76709E+12,1.72946E+12,31439142500,28.73686901,14.46710234,1,0
WOMF.JK,2019Q2,Finance and Credit Services,0.407565226,2.962394468,8.36076E+12,7.16853E+12,36492000000,-0.582845664,-2.7641418,0,0
WOOD.JK,2019Q2,Household Goods and Home Construction,1.352118623,2.500573249,4.8679E+12,1.99856E+12,92475847660,-33.1866956,-1.728547698,0,0
WSBP.JK,2019Q2,Construction and Materials,0.614917766,1.135438798,1.47021E+13,6.44843E+12,2.51061E+11,62.17272729,-26.30359892,0,0
WTON.JK,2019Q2,Construction and Materials,1.084933854,3.158337834,8.84762E+12,5.61916E+12,25610380290,-57.40388198,3.88501433,0,0
YPAS.JK,2019Q2,Chemicals,-0.714192546,-1.91389745,3.01324E+11,2.07531E+11,2878382480,-98.03319509,-24.68084351,0,0
