Firm,Period,ICB Sector,ROA_in_percent,TA,Total Liabilities,FCF,GROWTH_YoY_in_percent,Treated,After_YoY,
AALI.JK,2020Q2,Food Producers,0.093413644,27381270000000,8513006000000,131357000000,51.75251393,0,1,
AALI.JK,2019Q2,Food Producers,0.050227578,27161831000000,8635662000000,42451000000,-81.82974339,0,0,
ABMM.JK,2020Q2,"Oil, Gas and Coal",0.34515499,14505051335000,10276835573000,298298802000,66.17555856,0,1,
ABMM.JK,2019Q2,"Oil, Gas and Coal",-0.02156834,11653440472050,7877308925850,122767337550,-52.2875909,0,0,
ACES.JK,2020Q2,Retailers,3.576190336,6989488929030,1980040327520,347061324400,14.05191425,1,1,
ACES.JK,2019Q2,Retailers,4.205699787,5449977515040,1684106847020,232085487660,8.990449694,1,0,
ADES.JK,2019Q2,Beverages,1.523491099,866464000000,366549000000,25741000000,11.65003773,0,0,
ADES.JK,2020Q2,Beverages,2.248704831,818093000000,256827000000,29401000000,-12.19164195,0,1,
ADMF.JK,2019Q2,Finance and Credit Services,1.455344315,33680020000000,26696425000000,473457000000,96.41724858,0,0,
ADMF.JK,2020Q2,Finance and Credit Services,0.230515734,31960225000000,24439386000000,56319000000,-50.38166175,0,1,
ADRO.JK,2019Q2,"Oil, Gas and Coal",2.67227577,101097893625000,46586457450000,978328845000,22.81483052,0,0,
ADRO.JK,2020Q2,"Oil, Gas and Coal",0.897641377,94212033440000,51954179900000,25933300000,-26.65277378,0,1,
AISA.JK,2019Q2,Food Producers,-2.832360809,1756707000000,5247454000000,3024000000,-36.71677333,0,0,
AISA.JK,2020Q2,Food Producers,-1.741529045,2047640000000,3488090000000,24452000000,-944.4026341,0,1,
ALDO.JK,2019Q2,Household Goods and Home Construction,1.590222368,933015990450,536479596180,21322212770,61.87345001,0,0,
ALDO.JK,2020Q2,Household Goods and Home Construction,1.529189215,935484825570,514192151190,11767496960,-60.52821432,0,1,
ALKA.JK,2020Q2,Industrial Metals and Mining,0.674933516,531668351000,570263950000,2842662000,199.3815733,1,1,
ALKA.JK,2019Q2,Industrial Metals and Mining,1.228503812,408588052000,391122083000,3711971000,-80.09566261,1,0,
AMAG.JK,2020Q2,Non-life Insurance,0.350009557,4935622220000,2951491728000,23889487000,21.46615899,1,1,
AMAG.JK,2019Q2,Non-life Insurance,0.190095731,4716055810000,2817052600000,13568247000,-6.151989144,1,0,
AMFG.JK,2020Q2,General Industrials,2.267613283,8425766000000,5375081000000,289508000000,847.7834586,1,1,
AMFG.JK,2019Q2,General Industrials,-0.50510519,8845744000000,5322773000000,135350000000,-76.26085218,1,0,
AMRT.JK,2020Q2,"Personal Care, Drug and Grocery Stores",0.565764741,23378728000000,23079449000000,235012000000,42.16673773,0,1,
AMRT.JK,2019Q2,"Personal Care, Drug and Grocery Stores",0.904854751,22525209000000,17078711000000,167797000000,19.2310599,0,0,
ANDI.JK,2019Q2,Food Producers,-0.074598892,508206810970,270381469900,16375154150,13.75260089,0,0,
ANDI.JK,2020Q2,Food Producers,0.570079885,510220299720,238244641320,15620103790,7.374379897,0,1,
APIC.JK,2020Q2,Investment Banking and Brokerage Services,0.274526224,4545514298970,2321612670410,84672126480,180.9876042,1,1,
APIC.JK,2019Q2,Investment Banking and Brokerage Services,1.3862453,3424015446360,1291826127650,23031545290,-68.99437475,1,0,
APLI.JK,2020Q2,General Industrials,-0.556684549,383617040470,172153464700,3477108420,-104.4118272,1,1,
APLI.JK,2019Q2,General Industrials,-0.117513965,438065748290,230888518950,8233596860,-160.2104394,1,0,
ARMY.JK,2019Q2,Real Estate Investment and Services Development,1.374156626,1743499562020,287780418720,20693420060,-14.89610958,1,0,
ARMY.JK,2020Q2,Real Estate Investment and Services Development,0.272894786,1809918037200,353684403330,5063274290,-79.78816353,1,1,
ARNA.JK,2019Q2,Construction and Materials,2.898428075,1634687672230,572781472050,74668934670,44.23564545,0,0,
ARNA.JK,2020Q2,Construction and Materials,3.182686535,1715197162410,617841190400,60113259300,12.09553558,0,1,
ARTI.JK,2019Q2,Household Goods and Home Construction,-0.969145861,3543972691130,959530810410,11201644150,-78.75690136,0,0,
ARTI.JK,2020Q2,Household Goods and Home Construction,-20.76414572,1484267924380,454352417530,13779021650,-449.422856,0,1,
ASBI.JK,2019Q2,Non-life Insurance,-0.457167368,811787204000,553905429000,11450570000,4988.405993,1,0,
ASBI.JK,2020Q2,Non-life Insurance,0.268727881,888628657000,602356499000,2689469000,-86.09781055,1,1,
ASDM.JK,2019Q2,Non-life Insurance,0.979480643,1473361458000,1146962707000,13611188000,-12.07938478,1,0,
ASDM.JK,2020Q2,Non-life Insurance,0.430922983,1341805883000,1016390326000,6281983000,-60.75714053,1,1,
ASGR.JK,2019Q2,Technology Hardware & Equipment,1.334122664,2286445000000,812289000000,75324000000,-31.96768609,0,0,
ASGR.JK,2020Q2,Technology Hardware & Equipment,0.705196461,2596901000000,1018896000000,73394000000,-51.03746457,0,1,
ASII.JK,2019Q2,Automobiles and Parts,1.593431759,350288000000000,210847000000000,6263000000000,-9.487695403,1,0,
ASII.JK,2020Q2,Automobiles and Parts,2.097368577,343674000000000,190915000000000,9016000000000,-64.46648427,1,1,
ASJT.JK,2019Q2,Non-life Insurance,0.696340212,502265909430,302172061070,688630540,-158.9810058,1,0,
ASJT.JK,2020Q2,Non-life Insurance,-0.728413315,440741565050,194494275330,3648343330,-230.6574881,1,1,
ASRM.JK,2019Q2,Non-life Insurance,1.209428379,1642839567620,1143394454240,25169282470,63.22201014,1,0,
ASRM.JK,2020Q2,Non-life Insurance,0.74046923,1802408226390,1250118255430,32235044110,24.32747368,1,1,
ASSA.JK,2019Q2,Consumer Services,0.354673371,4552121772630,3406505699440,110672842690,4.726832196,1,0,
ASSA.JK,2020Q2,Consumer Services,-0.165937697,4979786041360,3735285610440,132360723190,-37.72389666,1,1,
BAYU.JK,2019Q2,Travel and Leisure,1.333613006,821810895610,339246165170,4102432990,3.785629955,1,0,
BAYU.JK,2020Q2,Travel and Leisure,-1.300081118,741417864640,318202996450,2161353650,-63.31261905,1,1,
BBLD.JK,2019Q2,Finance and Credit Services,0.318769344,5154995000000,3938618000000,12545000000,7.957253103,0,0,
BBLD.JK,2020Q2,Finance and Credit Services,-0.0558596,4786798000000,3818276000000,18299000000,-1.480737239,0,1,
BBRM.JK,2020Q2,Industrial Transportation,-1.748550492,1217037381000,941497617000,7000035000,49.68257944,1,1,
BBRM.JK,2019Q2,Industrial Transportation,-1.59986551,1195091311050,891057761100,5618554500,-39.79312695,1,0,
BCAP.JK,2019Q2,Investment Banking and Brokerage Services,0.071185273,18387352000000,13482514000000,21578000000,-15.48585573,1,0,
BCAP.JK,2020Q2,Investment Banking and Brokerage Services,-0.033830637,17431337000000,13465655000000,20581000000,-28.74205209,1,1,
BFIN.JK,2019Q2,Investment Banking and Brokerage Services,1.918747726,18369144000000,12261062000000,351350000000,-2.404442296,1,0,
BFIN.JK,2020Q2,Investment Banking and Brokerage Services,0.022606467,17285051000000,11134456000000,15901000000,-65.12338799,1,1,
BIPI.JK,2020Q2,"Oil, Gas and Coal",0.550716995,17399293570800,15629593551000,195648085000,-22.90593701,0,1,
BIPI.JK,2019Q2,"Oil, Gas and Coal",1.892157659,17505245231250,14128822700850,163674457050,-1107.012166,0,0,
BIRD.JK,2019Q2,Travel and Leisure,0.965567963,7086504000000,1923391000000,20193000000,-19.09862133,1,0,
BIRD.JK,2020Q2,Travel and Leisure,-1.418491616,7630135000000,2414617000000,12231000000,-190.0697293,1,1,
BISI.JK,2020Q2,Food Producers,2.455600763,2800977000000,389208000000,68796000000,339.5594059,0,1,
BISI.JK,2019Q2,Food Producers,0.464021257,2674293000000,575967000000,17698000000,-155.094916,0,0,
BLTA.JK,2020Q2,Industrial Transportation,2.589568616,1002874969800,597323606000,17909951000,394.6564494,1,1,
BLTA.JK,2019Q2,Industrial Transportation,0.138908802,1012205551250,604283579250,1030614000,-69.56690942,1,0,
BMSR.JK,2019Q2,Real Estate Investment and Services Development,-0.31350438,578515936140,413644922810,5063193330,47.09917781,1,0,
BMSR.JK,2020Q2,Real Estate Investment and Services Development,-1.888603139,577347360080,605411217550,1739289500,-64.9597809,1,1,
BMTR.JK,2019Q2,Media,1.92983822,29598282000000,19032717000000,444943000000,112.1276061,1,0,
BMTR.JK,2020Q2,Media,2.490825441,30901194000000,19923067000000,167272000000,-55.69366203,1,1,
BNBR.JK,2019Q2,Industrial Metals and Mining,1.295557059,14445209000000,11722562000000,187044000000,-7.665881253,1,0,
BNBR.JK,2020Q2,Industrial Metals and Mining,1.004340247,15128154000000,12951030000000,170040000000,-226.3621311,1,1,
BPFI.JK,2019Q2,Investment Banking and Brokerage Services,1.091532355,1757788605630,946501533190,12019100890,0.616895351,1,0,
BPFI.JK,2020Q2,Investment Banking and Brokerage Services,0.231099563,1613581425620,775273244450,5748662510,-79.92454258,1,1,
BPII.JK,2019Q2,Industrial Support Services,3.045380754,2695963049760,1872816865920,70525921390,323.6844741,1,0,
BPII.JK,2020Q2,Industrial Support Services,0.691999788,2423830236840,1447913358500,63251481220,-23.42815221,1,1,
BPTR.JK,2019Q2,Industrial Transportation,0.549468894,534718173090,322400791300,29553204480,-3.430743293,1,0,
BPTR.JK,2020Q2,Industrial Transportation,0.04330612,517981219740,296823303340,10867007260,-33.58096745,1,1,
BSDE.JK,2019Q2,Real Estate Investment and Services Development,2.905582431,53306109945070,25676033944460,686058735250,18.52684682,1,0,
BSDE.JK,2020Q2,Real Estate Investment and Services Development,-0.538147555,60411848311460,32306113309600,207796381130,-27.51413324,1,1,
BTEK.JK,2019Q2,Food Producers,-0.002183173,5209268703090,2980279413490,11028895130,-34.56894464,0,0,
BTEK.JK,2020Q2,Food Producers,-2.607240043,5215861754940,3698169275910,10358140550,-121.7756968,0,1,
BTON.JK,2020Q2,Industrial Metals and Mining,-9.624842886,249140434390,56218326280,28965495370,17449.61323,1,1,
BTON.JK,2019Q2,Industrial Metals and Mining,0.050152522,231113310700,35859538800,34574320,-98.27064758,1,0,
BUDI.JK,2019Q2,Food Producers,0.403724275,3114499000000,2145351000000,41945000000,26.6173357,0,0,
BUDI.JK,2020Q2,Food Producers,0.271640163,2914295000000,1650265000000,45336000000,-17.40055739,0,1,
BUKK.JK,2020Q2,Construction and Materials,2.110012701,4807822517000,2146544315000,134181335000,38.58362762,0,1,
BUKK.JK,2019Q2,Construction and Materials,1.537555844,4631503605000,2414583333000,90380408000,-15.77922756,0,0,
BYAN.JK,2019Q2,"Oil, Gas and Coal",7.698277481,19647693635000,11911499641250,1371706576250,-38.82476196,0,0,
BYAN.JK,2020Q2,"Oil, Gas and Coal",2.588452261,19667092374600,11185294604000,455782777000,-58.871006,0,1,
CAMP.JK,2019Q2,Food Producers,1.319595488,1054077089980,161911327230,10840701320,-11.2999441,0,0,
CAMP.JK,2020Q2,Food Producers,0.305404043,1070968299750,121569825130,10146097940,-90.1146573,0,1,
CFIN.JK,2019Q2,Finance and Credit Services,0.689538179,12143223223000,7634455642000,73399669000,23.74229419,0,0,
CFIN.JK,2020Q2,Finance and Credit Services,0.082650493,11155216433000,6359275238000,12094948000,-42.76847378,0,1,
CITA.JK,2019Q2,Industrial Metals and Mining,6.517878323,3739180216280,1636982688730,280293480830,172.5144341,1,0,
CITA.JK,2020Q2,Industrial Metals and Mining,4.212568879,4362823253710,1126041375910,276660139080,15.24245177,1,1,
CLPI.JK,2019Q2,Chemicals,0.633669899,708823285520,211299372120,18781602410,107.0964137,0,0,
CLPI.JK,2020Q2,Chemicals,0.463878089,717528627320,230017251280,5909196500,-26.45871981,0,1,
CPIN.JK,2020Q2,Food Producers,2.32672106,32004676000000,8770542000000,577193000000,18.27705835,0,1,
CPIN.JK,2019Q2,Food Producers,3.202589388,28631015000000,8390621000000,511529000000,-24.89581524,0,0,
CTBN.JK,2020Q2,Industrial Metals and Mining,0.955918994,1974491973000,502482763600,39309087000,96.32936257,1,1,
CTBN.JK,2019Q2,Industrial Metals and Mining,0.605628138,2300176161250,877074077500,22073137500,-30.19970264,1,0,
CTRA.JK,2019Q2,Real Estate Investment and Services Development,0.065420669,35076644000000,19760852000000,262213000000,61.37729314,1,0,
CTRA.JK,2020Q2,Real Estate Investment and Services Development,-0.058586788,37884189000000,23159890000000,183004000000,-26.75105981,1,1,
DEFI.JK,2020Q2,Investment Banking and Brokerage Services,-0.114586428,96922043090,725353160,624933820,291.0986686,1,1,
DEFI.JK,2019Q2,Investment Banking and Brokerage Services,-0.026961428,87949892870,901561450,172093570,-35.88304967,1,0,
DIGI.JK,2020Q2,Media,-9.082590161,38244299840,3221148060,2240984460,217.6075836,1,1,
DIGI.JK,2019Q2,Media,0.02684871,40733558750,2552524200,1836120310,-77.81515048,1,0,
DILD.JK,2020Q2,Real Estate Investment and Services Development,0.0001501,15917280081410,10753016969710,83481261520,50.42566287,1,1,
DILD.JK,2019Q2,Real Estate Investment and Services Development,-0.183575757,14576966335850,8222636499930,106162742140,13.35284085,1,0,
DIVA.JK,2019Q2,Software & Computer Services,2.347394718,881108758950,154149108670,24403428750,77.11118181,1,0,
DIVA.JK,2020Q2,Software & Computer Services,0.740200496,1069857566400,281182424660,9570144690,-7.613396598,1,1,
DLTA.JK,2019Q2,Beverages,3.46242245,1626140030000,235193982000,87271852000,-8.143168053,0,0,
DLTA.JK,2020Q2,Beverages,-0.54873104,1406321516000,194328999000,44514972000,-50.098553,0,1,
DMAS.JK,2019Q2,Real Estate Investment and Services Development,7.889014003,7464492709690,665900997220,611674581610,764.8601145,1,0,
DMAS.JK,2020Q2,Real Estate Investment and Services Development,0.348766821,6987604175310,1537090997900,30015547750,-93.75179438,1,1,
DPNS.JK,2020Q2,Chemicals,-0.476069805,321478340640,79165308880,2306145130,13.1746097,0,1,
DPNS.JK,2019Q2,Chemicals,-0.079639184,327625709500,77459989100,2557279510,8.350734671,0,0,
DSFI.JK,2019Q2,Food Producers,0.857481994,402147990150,209831157010,3202905540,18.11764381,0,0,
DSFI.JK,2020Q2,Food Producers,-2.093608652,377347388460,199335899700,2104935380,-67.82894914,0,1,
DSNG.JK,2019Q2,Construction and Materials,0.0198857,11295607000000,7848124000000,61555000000,57.8249215,0,0,
DSNG.JK,2020Q2,Construction and Materials,0.821271894,11709863000000,8281825000000,48126000000,44.15544082,0,1,
DSSA.JK,2020Q2,Electricity,0.425528311,54566632573600,35072074300000,590747534000,2.077383097,1,1,
DSSA.JK,2019Q2,Electricity,0.236385259,53673518993750,30413414584800,566671577550,-16.28922251,1,0,
DUTI.JK,2019Q2,Real Estate Investment and Services Development,2.070969739,13008192571630,5057708234280,249972533210,-20.3181948,1,0,
DUTI.JK,2020Q2,Real Estate Investment and Services Development,0.321069245,13848012503290,5123825541580,86182447210,-44.39530865,1,1,
DVLA.JK,2019Q2,Pharmaceuticals and Biotechnology,1.67664971,1828024666000,534816653000,87435076000,35.31541395,0,0,
DVLA.JK,2020Q2,Pharmaceuticals and Biotechnology,4.182345086,2010537712000,588498807000,64695907000,-32.82988871,0,1,
EKAD.JK,2020Q2,Chemicals,1.694572904,983508727500,113727089690,42013220090,19.28226536,0,1,
EKAD.JK,2019Q2,Chemicals,1.294645358,848703528680,129624037120,1721786770,-29.56586014,0,0,
EPMT.JK,2019Q2,Pharmaceuticals and Biotechnology,2.183974358,7977316930700,2111766759820,175793677760,4.665942978,0,0,
EPMT.JK,2020Q2,Pharmaceuticals and Biotechnology,1.628602339,8353666731890,2149793234970,126549757450,-8.848547447,0,1,
ERAA.JK,2019Q2,Retailers,0.579315559,11140089595000,6498390823000,21334556000,-51.95633467,1,0,
ERAA.JK,2020Q2,Retailers,0.147783565,9063284429000,4138070224000,60871501000,-59.36083432,1,1,
ESSA.JK,2019Q2,"Oil, Gas and Coal",-0.208465469,13161845206250,10441631577000,248624381850,138.7683124,0,0,
ESSA.JK,2020Q2,"Oil, Gas and Coal",-1.475568127,12147318979000,11667125328000,154840709000,-18.15114819,0,1,
ESTI.JK,2020Q2,Industrial Materials,0.464290809,817666728400,626093794000,11100671200,13.38304433,1,1,
ESTI.JK,2019Q2,Industrial Materials,0.32030324,886179335000,649659035000,8513985000,-171.8327345,1,0,
FAST.JK,2019Q2,Travel and Leisure,3.353675404,3252820862000,1596262320000,18141613000,206.6015743,1,0,
FAST.JK,2020Q2,Travel and Leisure,-4.408888187,3603158040000,1936797087000,2854186000,-88.15309401,1,1,
FIRE.JK,2020Q2,Retailers,1.270275492,531145387040,247107504520,1146408980,104.6227136,1,1,
FIRE.JK,2019Q2,Retailers,1.456623068,558058395120,241656558830,822734970,-21.61519456,1,0,
FMII.JK,2019Q2,Personal Goods,-0.529530775,919263920310,297380156160,10994395560,202.5646978,1,0,
FMII.JK,2020Q2,Personal Goods,-0.610947953,879063434860,251696896390,285319770,-43.30472502,1,1,
FORZ.JK,2020Q2,Real Estate Investment and Services Development,0.939117201,725628430820,469839004440,891342100,27.62025274,1,1,
FORZ.JK,2019Q2,Real Estate Investment and Services Development,0.019861085,708089333730,419162228110,44206060,-359.2025687,1,0,
GEMA.JK,2019Q2,Household Goods and Home Construction,0.118175233,1045672226270,679680932970,11344248150,57.08182455,0,0,
GEMA.JK,2020Q2,Household Goods and Home Construction,-0.289366091,862688313530,533250604070,1071280260,-34.99055165,0,1,
GEMS.JK,2020Q2,"Oil, Gas and Coal",2.6342845,11270042650200,6408974180000,564781634000,66.964095,0,1,
GEMS.JK,2019Q2,"Oil, Gas and Coal",2.060225357,9923500811250,5290519174200,40555087950,-49.89368126,0,0,
GGRM.JK,2019Q2,Tobacco,2.909721231,66700099000000,22288499000000,1726175000000,13.81718938,1,0,
GGRM.JK,2020Q2,Tobacco,1.761928732,79158868000000,24407363000000,1121480000000,-28.90879624,1,1,
GJTL.JK,2019Q2,Automobiles and Parts,-0.026458512,19302224000000,13292568000000,21183000000,-15.85361209,1,0,
GJTL.JK,2020Q2,Automobiles and Parts,1.355307229,18365879000000,12244104000000,504110000000,-122.0186912,1,1,
GMTD.JK,2019Q2,Real Estate Investment and Services Development,0.96104051,1230676629310,448801464430,11937380750,-46.97325435,1,0,
GMTD.JK,2020Q2,Real Estate Investment and Services Development,0.319292981,1102862041090,411483234510,3530595240,-62.62894501,1,1,
GPRA.JK,2019Q2,Real Estate Investment and Services Development,0.403128435,1541004736120,543683705370,22740656680,54.65380202,1,0,
GPRA.JK,2020Q2,Real Estate Investment and Services Development,-0.571854334,1820179869950,668360519270,12212445150,-11.9784597,1,1,
GWSA.JK,2019Q2,Real Estate Investment and Services Development,0.325246844,7514134768010,644317044880,18041054530,265.7637803,1,0,
GWSA.JK,2020Q2,Real Estate Investment and Services Development,0.076588345,7628495422340,636987252660,43835232020,-65.21223725,1,1,
HEXA.JK,2019Q2,Industrial Engineering,2.632902394,4841450111250,2322108472500,134695293750,118.0085441,1,0,
HEXA.JK,2020Q2,Industrial Engineering,3.024150732,3585164850000,945242486800,121372433800,-19.1684485,1,1,
HITS.JK,2020Q2,Industrial Transportation,2.523956522,3237588804000,2402915356000,118972396000,13.44319174,1,1,
HITS.JK,2019Q2,Industrial Transportation,2.296539405,3103588437300,2506210968300,37602321900,1.404643946,1,0,
HKMU.JK,2019Q2,Construction and Materials,2.271882381,1593157948720,962778353890,5005255180,57.53188968,0,0,
HKMU.JK,2020Q2,Construction and Materials,0.590983396,1884554238510,1169260488550,6335937520,-41.24913127,0,1,
HMSP.JK,2019Q2,Tobacco,6.98967116,43112611000000,14627986000000,3677377000000,11.63597142,1,0,
HMSP.JK,2020Q2,Tobacco,2.974695127,41904844000000,15292555000000,1624048000000,-57.0706071,1,1,
HRTA.JK,2020Q2,Personal Goods,1.651083187,2759711839650,1088740711130,2455303270,7.23157222,1,1,
HRTA.JK,2019Q2,Personal Goods,2.668012868,1853326706660,448836562020,42451777310,5.090015531,1,0,
HRUM.JK,2020Q2,"Oil, Gas and Coal",4.79728938,6617640235800,1901164640600,338359047800,187.5184185,0,1,
HRUM.JK,2019Q2,"Oil, Gas and Coal",1.637570718,6210696960000,1845827738750,139502596250,-26.44678599,0,0,
ICBP.JK,2020Q2,Food Producers,3.461922156,43458424000000,14804768000000,2072186000000,43.21223318,0,1,
ICBP.JK,2019Q2,Food Producers,3.549090006,37368164000000,13340232000000,1060998000000,13.96969282,0,0,
ICON.JK,2019Q2,Real Estate Investment and Services Development,0.816825645,386696844080,235849806430,1382650800,194.2786329,1,0,
ICON.JK,2020Q2,Real Estate Investment and Services Development,1.07363348,361056330810,186264691480,3904076250,-21.75458975,1,1,
IGAR.JK,2019Q2,General Industrials,2.23650432,594879235630,237787393140,10754325500,-4.675704469,1,0,
IGAR.JK,2020Q2,General Industrials,2.851005776,667893177380,263316717090,7921157220,-33.89064475,1,1,
INAF.JK,2020Q2,Pharmaceuticals and Biotechnology,1.143135151,1555305636110,1055033558290,19657567560,354.2393838,0,1,
INAF.JK,2019Q2,Pharmaceuticals and Biotechnology,-0.184450718,1399847472100,927558118220,1000786520,-70.83973423,0,0,
INCI.JK,2020Q2,Chemicals,0.884921806,435929287040,87008930070,15615961250,648.8554186,0,1,
INCI.JK,2019Q2,Chemicals,0.57052423,378945920630,57666345110,1594019400,-59.83818745,0,0,
INDF.JK,2020Q2,Food Producers,1.61041198,103395472000000,62871869000000,1461443000000,33.21967771,0,1,
INDF.JK,2019Q2,Food Producers,1.331966957,97367672000000,62905053000000,1194966000000,3.87016607,0,0,
INDR.JK,2019Q2,Personal Goods,0.314093674,10886011928750,5670503426250,63168977500,-65.2006435,1,0,
INDR.JK,2020Q2,Personal Goods,-0.421193086,10683369823400,5401121445200,9096186400,-214.4229246,1,1,
INDS.JK,2020Q2,Automobiles and Parts,-0.583110652,2843332367080,290707625150,49056179800,84.68217248,1,1,
INDS.JK,2019Q2,Automobiles and Parts,0.030540981,2516121829500,273274182590,703586910,-18.50913085,1,0,
INDY.JK,2019Q2,"Oil, Gas and Coal",0.151420674,50292434270000,37343877835000,276431476250,-56.69160327,0,0,
INDY.JK,2020Q2,"Oil, Gas and Coal",0.058023228,47766854491800,36692914718800,809269616000,-75.01587713,0,1,
INKP.JK,2020Q2,Industrial Materials,0.286970872,117848647080000,68549112100000,3529895400000,27.67786708,1,1,
INKP.JK,2019Q2,Industrial Materials,0.836367204,124870861875000,70403007480000,1733509830000,-34.89447315,1,0,
INPS.JK,2019Q2,Industrial Transportation,-0.798276055,486238153490,348143572780,4756436070,64.98697417,1,0,
INPS.JK,2020Q2,Industrial Transportation,-0.978499542,469972828030,335954538140,4031039900,-38.91282785,1,1,
INTP.JK,2019Q2,Construction and Materials,0.910484653,25852869000000,4016214000000,347735000000,980.2623568,0,0,
INTP.JK,2020Q2,Construction and Materials,0.255782002,27037394000000,3499253000000,124610000000,-104.40588,0,1,
IPCC.JK,2019Q2,Industrial Transportation,3.291687195,1281178144000,87130919000,46357338000,-49.29498769,1,0,
IPCC.JK,2020Q2,Industrial Transportation,-1.0631497,1925191829000,852157852000,4450545000,-170.3802938,1,1,
IPOL.JK,2019Q2,General Industrials,0.397373356,3959357421250,1890110203800,54128445150,19.83385527,1,0,
IPOL.JK,2020Q2,General Industrials,0.527896332,3862762597800,1908544832000,46521667000,-3.087283663,1,1,
ISAT.JK,2020Q2,Telecommunications Service Providers,0.451643542,61079475000000,48678596000000,1897492000000,59.34914447,0,1,
ISAT.JK,2019Q2,Telecommunications Service Providers,-0.073142201,55862548000000,45022432000000,248413000000,-7.831563479,0,0,
ITMA.JK,2019Q2,"Oil, Gas and Coal",2.970949399,1955340276250,4177599750,71255415000,64.02739173,0,0,
ITMA.JK,2020Q2,"Oil, Gas and Coal",2.267968908,2145667970000,4401632500,55426923750,-40.26990275,0,1,
ITMG.JK,2019Q2,"Oil, Gas and Coal",2.146462432,18704367375000,6139699625000,380951250000,-32.67786122,0,0,
ITMG.JK,2020Q2,"Oil, Gas and Coal",1.141406246,17422498060000,5092222340000,352968560000,-61.98080023,0,1,
JECC.JK,2020Q2,Technology Hardware & Equipment,-0.297809216,1512051050000,885995832000,16340624000,-10.4464401,0,1,
JECC.JK,2019Q2,Technology Hardware & Equipment,1.393481229,1986383992000,1449007603000,9138263000,-50.90206906,0,0,
JIHD.JK,2019Q2,Real Estate Investment and Services Development,0.294030534,6591969969000,3022358244000,43374375000,-84.23536675,1,0,
JIHD.JK,2020Q2,Real Estate Investment and Services Development,-1.180037795,6827022074000,3246788402000,443826000,-847.6241786,1,1,
JRPT.JK,2019Q2,Real Estate Investment and Services Development,2.30989188,11026479576000,4475955284000,253316299000,14.29121222,1,0,
JRPT.JK,2020Q2,Real Estate Investment and Services Development,1.713650313,11664690691000,4636546404000,199402257000,-16.80331444,1,1,
JSKY.JK,2019Q2,Alternative Energy,1.472356503,570829524610,358483067470,8709677280,22.77455432,0,0,
JSKY.JK,2020Q2,Alternative Energy,1.04156755,488917513250,265203686740,2495873880,-30.44228084,0,1,
KARW.JK,2020Q2,Personal Goods,1.14902698,276691645800,769636374200,7822113400,-100,1,1,
KARW.JK,2019Q2,Personal Goods,-0.065029225,341657336250,809159382500,6062167500,-100.8293373,1,0,
KDSI.JK,2019Q2,Household Goods and Home Construction,1.598368215,1414885425880,818239101650,16484755600,55.38682862,0,0,
KDSI.JK,2020Q2,Household Goods and Home Construction,0.864123163,1278707393200,649722937240,18691126550,-44.23680235,0,1,
KICI.JK,2019Q2,Household Goods and Home Construction,-0.586167748,154135103310,62184082600,222495710,-218.1988684,0,0,
KICI.JK,2020Q2,Household Goods and Home Construction,-0.354714952,158618861790,73417903700,20022110,-349.8746882,0,1,
KLBF.JK,2019Q2,Pharmaceuticals and Biotechnology,3.552581494,18813050576860,4148160712670,299301647830,5.880577641,0,0,
KLBF.JK,2020Q2,Pharmaceuticals and Biotechnology,3.306642516,22091102524240,5749540441180,601417612720,4.419210521,0,1,
KMTR.JK,2020Q2,Automobiles and Parts,3.17525077,4370394819860,2573193684690,149887033080,69.69715558,1,1,
KMTR.JK,2019Q2,Automobiles and Parts,1.600153266,4742857467630,2949920647610,73770707430,60.37146775,1,0,
KOPI.JK,2020Q2,"Oil, Gas and Coal",-2.05767404,173941344080,83141247490,5117184030,-40.39662135,0,1,
KOPI.JK,2019Q2,"Oil, Gas and Coal",3.087247613,164161337680,80403865870,6887483660,-202.2121014,0,0,
KPAS.JK,2020Q2,Medical Equipment and Services,-0.291586807,251933488760,109997388220,2425042490,2.756752775,0,1,
KPAS.JK,2019Q2,Medical Equipment and Services,0.079180333,237056060600,95223266060,1915274950,-31.93905584,0,0,
KRAH.JK,2020Q2,Industrial Engineering,-10.93193905,606055631090,507667491110,25058968980,182.9020983,1,1,
KRAH.JK,2019Q2,Industrial Engineering,-9.816841426,645953214550,412574116840,4068340320,-8.939034083,1,0,
LCKM.JK,2019Q2,Construction and Materials,1.290104814,131079983150,887156870,6683916750,5441.758074,0,0,
LCKM.JK,2020Q2,Construction and Materials,0.663642408,145511945020,14835962170,2294706500,-45.740486,0,1,
LINK.JK,2019Q2,Telecommunications Service Providers,4.294482333,6102227000000,1144314000000,88686000000,-3.154133606,0,0,
LINK.JK,2020Q2,Telecommunications Service Providers,3.574672838,7558351000000,2363287000000,77049000000,-11.97421116,0,1,
LION.JK,2020Q2,Industrial Metals and Mining,-2.426492655,675310196510,217628852760,11015917270,704.7759839,1,1,
LION.JK,2019Q2,Industrial Metals and Mining,0.377774612,678740749220,213662325610,4949019510,-76.6758278,1,0,
LPGI.JK,2019Q2,Non-life Insurance,0.337480895,2385981870680,1557340208750,6050681370,1498.420341,1,0,
LPGI.JK,2020Q2,Non-life Insurance,1.715991107,2547274735050,1726360226500,45451347600,502.0000729,1,1,
LPIN.JK,2020Q2,Automobiles and Parts,1.850353047,328210772180,26163923710,5841968050,198.7866305,1,1,
LPIN.JK,2019Q2,Automobiles and Parts,2.613063876,302402815910,28935603820,8087082060,-77.0619608,1,0,
LPPF.JK,2019Q2,Retailers,19.44525933,5220296000000,3484285000000,84962000000,-39.14686896,1,0,
LPPF.JK,2020Q2,Retailers,-2.94928106,8680864000000,7900233000000,107686000000,-119.1957177,1,1,
LSIP.JK,2020Q2,Food Producers,0.781613334,10470589000000,1891729000000,85870000000,177.0201203,0,1,
LSIP.JK,2019Q2,Food Producers,0.374256673,10325202000000,1959544000000,22855000000,-74.66999877,0,0,
LTLS.JK,2020Q2,Chemicals,2.200716473,6029827000000,4133661000000,162918000000,56.73343297,0,1,
LTLS.JK,2019Q2,Chemicals,1.129132007,6192560000000,4305354000000,61464000000,47.6573643,0,0,
LUCK.JK,2019Q2,Software & Computer Services,0.52118217,148253507540,22772285610,697133940,134.0882845,1,0,
LUCK.JK,2020Q2,Software & Computer Services,-0.064532135,162880700390,37019574740,4095326930,16.70401063,1,1,
MAPA.JK,2019Q2,Retailers,5.892484449,3747569000000,1049938000000,214681000000,25.42980089,1,0,
MAPA.JK,2020Q2,Retailers,-2.736530434,5390244000000,2494290000000,9106000000,-164.4260995,1,1,
MAPB.JK,2019Q2,Travel and Leisure,1.734399548,1943210000000,811162000000,14684000000,20.33360456,1,0,
MAPB.JK,2020Q2,Travel and Leisure,-3.720448364,2655812000000,1583226000000,34847000000,-382.7011067,1,1,
MARI.JK,2019Q2,Media,2.278593824,324612202270,125506971200,10931594790,9.229524861,1,0,
MARI.JK,2020Q2,Media,2.779297348,339737360040,121041794200,8862811590,-31.49952406,1,1,
MASA.JK,2019Q2,Automobiles and Parts,-0.567887419,7917964805000,3926383821750,107852473950,59.04713204,1,0,
MASA.JK,2020Q2,Automobiles and Parts,-0.890140226,5993478608600,3773140137000,131327144000,-54.64562035,1,1,
MBAP.JK,2019Q2,"Oil, Gas and Coal",5.857813518,2614713921250,694597298750,150236042500,-13.71687106,0,0,
MBAP.JK,2020Q2,"Oil, Gas and Coal",4.105589606,3072981264800,742900693200,160355097200,-19.84266285,0,1,
MDKA.JK,2020Q2,Industrial Metals and Mining,2.262037617,13353964093800,7195836305000,443883882000,-0.613237561,1,1,
MDKA.JK,2019Q2,Industrial Metals and Mining,2.696624329,12561937952500,6961063328700,305447085450,-7.983431708,1,0,
MEDC.JK,2019Q2,"Oil, Gas and Coal",-0.06157832,88501986036250,54560402239200,269047905750,14.08320885,0,0,
MEDC.JK,2020Q2,"Oil, Gas and Coal",-0.464212092,89767130085200,84994601336000,496106963000,-25.20314356,0,1,
MERK.JK,2020Q2,Pharmaceuticals and Biotechnology,-0.299366244,954480964000,335059886000,47462435000,156.4058143,0,1,
MERK.JK,2019Q2,Pharmaceuticals and Biotechnology,-0.517194201,848785112000,723098704000,5462570000,-41.69979521,0,0,
MFIN.JK,2019Q2,Finance and Credit Services,2.171824605,4160310000000,2054209000000,81329000000,28.37514234,0,0,
MFIN.JK,2020Q2,Finance and Credit Services,0.328344009,4573074000000,2223751000000,19008000000,-50.57298087,0,1,
MICE.JK,2019Q2,"Personal Care, Drug and Grocery Stores",0.455281053,1007267488460,338467383560,4193813590,30.73519184,0,0,
MICE.JK,2020Q2,"Personal Care, Drug and Grocery Stores",-0.293431437,1021654294820,346822735580,11328311000,23.27082112,0,1,
MIDI.JK,2019Q2,Retailers,1.167298633,5224658000000,4134673000000,56441000000,12.68694019,1,0,
MIDI.JK,2020Q2,Retailers,1.097129553,5578479000000,4305890000000,70202000000,10.84975783,1,1,
MIKA.JK,2019Q2,Health Care Providers,3.536705129,5409751894550,1185677753940,153554099530,20.72353085,0,0,
MIKA.JK,2020Q2,Health Care Providers,1.667374521,5858822121250,1594017544620,61653572340,-58.40557464,0,1,
MLIA.JK,2019Q2,Construction and Materials,0.371831336,5246809678000,2926023476000,40256061000,9.223162504,0,0,
MLIA.JK,2020Q2,Construction and Materials,-0.378593364,5725090238000,3254605482000,29474046890,-194.0076786,0,1,
MMLP.JK,2019Q2,Industrial Support Services,3.026930146,6091322807000,2317429594000,45230411000,19.99407861,1,0,
MMLP.JK,2020Q2,Industrial Support Services,0.727364484,6755553584000,2864413845000,38273405000,15.2743352,1,1,
MNCN.JK,2019Q2,Media,3.778728105,17152089000000,6583776000000,598851000000,20.7584302,1,0,
MNCN.JK,2020Q2,Media,3.67548235,18393876000000,5833306000000,450910000000,-20.79207505,1,1,
MPOW.JK,2019Q2,Electricity,1.433142158,305344764000,152796641000,9291780000,-4.294738734,1,0,
MPOW.JK,2020Q2,Electricity,7.631171223,268476850000,125334593000,24870533000,-46.38537427,1,1,
MREI.JK,2019Q2,Non-life Insurance,1.573262928,3593585448260,2079516561480,46383496500,3.210393788,1,0,
MREI.JK,2020Q2,Non-life Insurance,0.168359261,4104590372830,2555171169990,32673606400,-36.65128813,1,1,
MSKY.JK,2020Q2,Media,-1.152034888,4216867000000,1457121000000,77415000000,-171.263246,1,1,
MSKY.JK,2019Q2,Media,-0.792924738,4606390000000,2622675000000,82435000000,-877.6633234,1,0,
MTDL.JK,2020Q2,Technology Hardware & Equipment,1.712376677,5559709000000,3385853000000,95809000000,14.84067981,0,1,
MTDL.JK,2019Q2,Technology Hardware & Equipment,1.82003994,5166211000000,3270528000000,95461000000,6.599325378,0,0,
MTLA.JK,2020Q2,Real Estate Investment and Services Development,0.504074412,5810985000000,2241991000000,63326000000,-6.572936256,1,1,
MTLA.JK,2019Q2,Real Estate Investment and Services Development,2.599541948,5224297459000,1793470933000,71836530000,-33.868432,1,0,
MYOH.JK,2019Q2,"Oil, Gas and Coal",1.902020497,2009432528750,572748356700,95832297600,30.13031022,0,0,
MYOH.JK,2020Q2,"Oil, Gas and Coal",9.644731551,2268712367600,402830213000,19668232000,-48.56564586,0,1,
NFCX.JK,2019Q2,Software & Computer Services,2.887069405,694287438410,298747715620,14194774250,714.5405978,1,0,
NFCX.JK,2020Q2,Software & Computer Services,1.040163718,1411438174290,918571570220,7594288910,-35.25931568,1,1,
NIKL.JK,2019Q2,Industrial Metals and Mining,0.131566303,1686183033750,1044526376250,9744272500,-124.6168109,1,0,
NIKL.JK,2020Q2,Industrial Metals and Mining,7.455306151,1945586043000,1295032599800,155769285200,-1550.361574,1,1,
NIPS.JK,2020Q2,Electronic and Electrical Equipment,0.642446016,1900351922000,904579695000,4843921000,120.3049211,1,1,
NIPS.JK,2019Q2,Electronic and Electrical Equipment,2.237727227,1777956390000,811325733000,901741000,-197.4631789,1,0,
NRCA.JK,2020Q2,Construction and Materials,0.624327123,2384941296950,1195533456710,27579048710,6.553220779,0,1,
NRCA.JK,2019Q2,Construction and Materials,1.872211859,2440107440270,1100735904200,34052412550,-20.43475393,0,0,
OKAS.JK,2020Q2,Electronic and Electrical Equipment,-4.962379492,2577590628200,2953279314000,100408978000,271.3810934,1,1,
OKAS.JK,2019Q2,Electronic and Electrical Equipment,-0.32027514,2677034975000,2708926905750,16864773900,-456.6392832,1,0,
PANS.JK,2020Q2,Investment Banking and Brokerage Services,5.246016779,1940528454850,804488974080,101489796870,172.1524895,1,1,
PANS.JK,2019Q2,Investment Banking and Brokerage Services,1.101673304,2282113996050,941405211860,28742349810,-415.7649664,1,0,
PBID.JK,2020Q2,General Industrials,3.383827775,2262044859000,573300937000,85021755000,45.12762818,1,1,
PBID.JK,2019Q2,General Industrials,1.906223818,2229738012000,693447793000,15564910000,-14.44600294,1,0,
PBRX.JK,2020Q2,Personal Goods,1.89385644,9269884735400,5953202056000,17475230000,54.16492829,1,1,
PBRX.JK,2019Q2,Personal Goods,1.259325101,8987946691250,4951538983950,29722680000,21.93271217,1,0,
PBSA.JK,2019Q2,Construction and Materials,-0.057261251,701184353760,131672458570,5968783410,126.4190319,0,0,
PBSA.JK,2020Q2,Construction and Materials,2.354804162,745627590450,189322276140,7260310610,18.85006792,0,1,
PEGE.JK,2019Q2,Investment Banking and Brokerage Services,9.144130583,710211795910,141358933100,62506138660,620.3938049,1,0,
PEGE.JK,2020Q2,Investment Banking and Brokerage Services,1.467040362,507245012210,8122437220,7441684900,-94.99426582,1,1,
PGAS.JK,2020Q2,"Gas, Water and Multi-utilities",-0.368704207,107146455008200,86985331583000,1772786859000,21.32503281,0,1,
PGAS.JK,2019Q2,"Gas, Water and Multi-utilities",-0.000675565,102313303545000,69180924616050,1992832241400,-5.607305103,0,0,
PGLI.JK,2019Q2,Travel and Leisure,-0.240104962,87225369670,24114978240,2713469780,63.88812614,1,0,
PGLI.JK,2020Q2,Travel and Leisure,-1.924785018,89996026030,27732244050,950959220,-48.10738445,1,1,
PICO.JK,2019Q2,General Industrials,0.194006607,852932442590,546687579100,3207807460,0.968509572,1,0,
PICO.JK,2020Q2,General Industrials,-0.873392654,1127616056630,810295714910,4952674550,-15.51970667,1,1,
PKPK.JK,2020Q2,"Oil, Gas and Coal",1.194834514,76964386000,59369214000,2432072000,822.6921941,0,1,
PKPK.JK,2019Q2,"Oil, Gas and Coal",0.183227204,128175677000,72315866000,10672000,-88.61971461,0,0,
PLIN.JK,2019Q2,Travel and Leisure,1.663215905,5031131186000,4235005034000,489530911000,93.52000233,1,0,
PLIN.JK,2020Q2,Travel and Leisure,1.098271072,12679393237000,972457079000,298195910000,-15.49536369,1,1,
PNIN.JK,2019Q2,Non-life Insurance,1.573942984,31078255000000,15557350000000,649274000000,88.23077714,1,0,
PNIN.JK,2020Q2,Non-life Insurance,1.604416097,31605542000000,14881101000000,237569000000,-130.1507227,1,1,
PNLF.JK,2019Q2,Life Insurance,1.814932276,29179301000000,6518046000000,508256000000,18.10815587,0,0,
PNLF.JK,2020Q2,Life Insurance,1.478897392,29807861000000,5950658000000,451873000000,-1.503033749,0,1,
PORT.JK,2019Q2,Industrial Transportation,-0.003598737,2238421842000,1132857630000,1617558000,-25.05536975,1,0,
PORT.JK,2020Q2,Industrial Transportation,-1.330640566,2161615662000,1409223313000,37333452000,-62.2044559,1,1,
POWR.JK,2019Q2,Electricity,2.106906666,18491737535000,9521978690250,585749182200,9.196442191,1,0,
POWR.JK,2020Q2,Electricity,2.504863396,19099332973600,10372571830000,226057528000,-46.82080523,1,1,
PPRE.JK,2019Q2,Construction and Materials,1.311076268,6994775795170,4650389381110,9618427180,6.443148004,0,0,
PPRE.JK,2020Q2,Construction and Materials,0.143997491,7145527787530,4980795726500,64125515250,-46.30678144,0,1,
PRAS.JK,2019Q2,Industrial Metals and Mining,0.295263016,1720351587500,925171449350,654288940,-42.67160928,1,0,
PRAS.JK,2020Q2,Industrial Metals and Mining,1.272541228,1650251826410,1199934182610,1323273660,-141.8688082,1,1,
PSAB.JK,2019Q2,Travel and Leisure,0.094352972,13473533530000,8452793249550,260358150,32.37921364,1,0,
PSAB.JK,2020Q2,Travel and Leisure,-0.112854768,13626743761200,11480926027000,107891167000,7.226795171,1,1,
PTBA.JK,2020Q2,"Oil, Gas and Coal",1.432452631,26892528000000,7973055000000,989121000000,-23.86305001,0,1,
PTBA.JK,2019Q2,"Oil, Gas and Coal",3.628397504,23412080000000,7536612000000,1347294000000,-30.45888352,0,0,
PTIS.JK,2019Q2,General Industrials,0.083856273,530441210000,297773503750,10971170000,-27.84252074,1,0,
PTIS.JK,2020Q2,General Industrials,0.003001754,501591550600,265693354200,8496939600,-47.02707242,1,1,
PTPP.JK,2019Q2,Construction and Materials,0.462928655,53504482053140,40695149265640,8015644560,-18.07024826,0,0,
PTPP.JK,2020Q2,Construction and Materials,0.009167369,54119100261110,43222826136320,17141885640,-57.35142341,0,1,
PYFA.JK,2020Q2,Pharmaceuticals and Biotechnology,0.654998117,201228762110,75957469450,5716881930,92.26101183,0,1,
PYFA.JK,2019Q2,Pharmaceuticals and Biotechnology,-0.0642896,184442804440,70493078640,3307153560,14.52926321,0,0,
PZZA.JK,2019Q2,Travel and Leisure,3.014715504,1951148225220,731240807220,30551066620,-2.412669038,1,0,
PZZA.JK,2020Q2,Travel and Leisure,0.187317112,2362404163820,1019665856700,36524686060,-73.51944907,1,1,
RALS.JK,2019Q2,Retailers,8.897746573,6265710000000,2170233000000,524121000000,0.268441073,1,0,
RALS.JK,2020Q2,Retailers,-0.141167241,5464798000000,1295696000000,26677000000,-107.1988726,1,1,
RANC.JK,2020Q2,"Personal Care, Drug and Grocery Stores",2.331276089,1301114220820,733264496470,13417477820,223.582174,0,1,
RANC.JK,2019Q2,"Personal Care, Drug and Grocery Stores",1.405056546,904618820260,388780517820,13542370070,-2.350016988,0,0,
RIGS.JK,2020Q2,Industrial Transportation,-1.023625581,692617278800,140203635000,15978238000,-136.7489825,1,1,
RIGS.JK,2019Q2,Industrial Transportation,-15.51475241,902227111500,305989556250,47892612500,-892.6966667,1,0,
RIMO.JK,2020Q2,Retailers,0.097870048,6514551004300,1550704436750,33788359850,166.2863268,1,1,
RIMO.JK,2019Q2,Retailers,-1.054959367,5931495055100,1078716858790,84485219000,-189.8909115,1,0,
SAFE.JK,2020Q2,Travel and Leisure,-3.555855674,332325778080,401157266900,6687020400,42.91062356,1,1,
SAFE.JK,2019Q2,Travel and Leisure,0.687104897,329373392300,395641400870,2927650860,-886.4777519,1,0,
SCCO.JK,2019Q2,Electronic and Electrical Equipment,1.020767983,4318732115150,1309163053940,92487648440,37.15134747,1,0,
SCCO.JK,2020Q2,Electronic and Electrical Equipment,0.713109126,3985844434200,869935479700,114700126730,13.07069876,1,1,
SCMA.JK,2020Q2,Media,3.932034089,6788783649000,1756830262000,270527914000,-6.714624121,1,1,
SCMA.JK,2019Q2,Media,4.244309767,6901397056000,1893652303000,302147309000,-36.41773477,1,0,
SCPI.JK,2020Q2,Pharmaceuticals and Biotechnology,2.343129822,1762702209000,1018088922000,42763388000,1660.2146,0,1,
SCPI.JK,2019Q2,Pharmaceuticals and Biotechnology,0.523470665,1701108313000,1126081062000,9493772000,-93.66150725,0,0,
SHIP.JK,2019Q2,Industrial Transportation,1.617319348,3384599165000,2370665155950,115653681000,66.74013968,1,0,
SHIP.JK,2020Q2,Industrial Transportation,2.204141314,3406654389800,2446535949000,136590740000,32.16650395,1,1,
SIDO.JK,2019Q2,Food Producers,4.889977142,3270931000000,304222000000,163412000000,29.08687607,0,0,
SIDO.JK,2020Q2,Food Producers,5.076667973,3444139000000,366531000000,201047000000,3.559971797,0,1,
SIMA.JK,2020Q2,General Industrials,0.014655842,86088226800,57670297490,4810360,-99.51825752,1,1,
SIMA.JK,2019Q2,General Industrials,-1.097682076,39326442630,11920344070,1200107820,-243.215961,1,0,
SIPD.JK,2019Q2,Food Producers,0.770222788,2397208000000,1366679000000,13800000000,327.7602524,0,0,
SIPD.JK,2020Q2,Food Producers,-0.769507683,2444911000000,1479328000000,25911000000,62.3811865,0,1,
SKLT.JK,2019Q2,Food Producers,1.626114202,798532985220,407214672360,10311482670,104.8844127,0,0,
SKLT.JK,2020Q2,Food Producers,0.659322356,796224897200,412036176610,12353227190,17.56505072,0,1,
SMDM.JK,2019Q2,Real Estate Investment and Services Development,0.743036216,3181607318440,1401652734900,23690884320,40.77463793,1,0,
SMDM.JK,2020Q2,Real Estate Investment and Services Development,0.023987695,3210661357770,1436109214710,4005541320,-78.59188263,1,1,
SMGR.JK,2019Q2,Construction and Materials,0.31352895,76983221895000,46703650944000,529191830000,0.454524761,0,0,
SMGR.JK,2020Q2,Construction and Materials,0.229617468,78299047000000,45575172000000,525230000000,-12.08231437,0,1,
SMMA.JK,2019Q2,Investment Banking and Brokerage Services,0.177587636,109317893000000,86678072000000,532794000000,1.406607258,1,0,
SMMA.JK,2020Q2,Investment Banking and Brokerage Services,0.243215091,98711305000000,80249470000000,345143000000,-11.46702733,1,1,
SMSM.JK,2019Q2,Automobiles and Parts,4.176188418,2798580000000,866818000000,117355000000,-1.013324771,1,0,
SMSM.JK,2020Q2,Automobiles and Parts,2.67877168,3366507000000,1085610000000,105108000000,-23.62744653,1,1,
SOCI.JK,2019Q2,Industrial Transportation,0.551949328,9753468157500,4944012370050,165222086250,95.84213153,1,0,
SOCI.JK,2020Q2,Industrial Transportation,0.156908279,9707044067600,5618049280000,102744768000,-8.562587207,1,1,
SPTO.JK,2019Q2,Retailers,1.610951859,2665461972540,1477031345160,69844197760,3.324419286,1,0,
SPTO.JK,2020Q2,Retailers,-0.265305668,2889110468790,1909291277820,15420846150,-30.48874591,1,1,
SRIL.JK,2020Q2,Personal Goods,1.794266189,25858986833000,13416172734000,175112300800,17.37385295,1,1,
SRIL.JK,2019Q2,Personal Goods,2.031630698,19884845022900,12190351612500,185671381250,0.280632595,1,0,
SRTG.JK,2020Q2,Investment Banking and Brokerage Services,17.4230332,24127195000000,3639217000000,3926165000000,86.29876122,1,1,
SRTG.JK,2019Q2,Investment Banking and Brokerage Services,9.244651386,23051197000000,4514322000000,2042823000000,-291.0129561,1,0,
SSTM.JK,2020Q2,Personal Goods,-0.013188288,456144737740,254294612850,7577183950,-8.92193278,1,1,
SSTM.JK,2019Q2,Personal Goods,-0.001421902,537498186840,336571879200,5628647890,-871.214906,1,0,
SURE.JK,2019Q2,"Oil, Gas and Coal",0.004230647,551914272860,437474124480,14447312530,13400.08848,0,0,
SURE.JK,2020Q2,"Oil, Gas and Coal",0.795981146,532540717370,422485518830,11892920210,-23.81548881,0,1,
TAMU.JK,2020Q2,Industrial Transportation,-1.06522385,1189475261800,734015406000,32561206000,-176.1162603,1,1,
TAMU.JK,2019Q2,Industrial Transportation,-0.71396097,1386183853750,699816941850,8268826800,-317.2224851,1,0,
TBMS.JK,2019Q2,Industrial Metals and Mining,0.814050915,2405639343750,1774980270000,25635038750,124.2444921,1,0,
TBMS.JK,2020Q2,Industrial Metals and Mining,1.342735991,1713036453600,1016710254000,28026202800,-44.06654274,1,1,
TCID.JK,2019Q2,Personal Goods,0.902408031,2509930548990,584790467640,90197997040,6.525466423,1,0,
TCID.JK,2020Q2,Personal Goods,-2.512557829,2280351480990,513953610080,35641702120,-99.5019664,1,1,
TDPM.JK,2019Q2,Chemicals,1.307531928,4372933506250,2402231193000,83076440000,162.5631927,0,0,
TDPM.JK,2020Q2,Chemicals,1.279806268,4945246348800,2815180493400,58164100500,-22.70800513,0,1,
TELE.JK,2019Q2,Telecommunications Equipment,0.149853874,8339085000000,4301875000000,135622000000,52.02872797,0,0,
TELE.JK,2020Q2,Telecommunications Equipment,-97.74862958,2956614000000,4945881000000,217064000000,26.06327097,0,1,
TFCO.JK,2020Q2,Chemicals,0.192356325,4301361483600,338504708000,48573185000,-72.45598339,0,1,
TFCO.JK,2019Q2,Chemicals,-0.004500139,4490448805000,390254090850,31643123850,-109.5679675,0,0,
TGKA.JK,2019Q2,"Personal Care, Drug and Grocery Stores",3.523692465,2837509140310,1923957349660,110949109030,77.15347852,0,0,
TGKA.JK,2020Q2,"Personal Care, Drug and Grocery Stores",3.437693244,3121599704940,2133504552450,124031091150,0.8834699,0,1,
TIFA.JK,2019Q2,Finance and Credit Services,0.663080047,1339998899000,984781141000,8763448000,-4.285955614,0,0,
TIFA.JK,2020Q2,Finance and Credit Services,0.63308871,1085425972000,700844199000,4135969000,-33.03074628,0,1,
TKIM.JK,2020Q2,Industrial Materials,-2.153729449,44013514700000,25110280400000,2883437400000,37.0851294,1,1,
TKIM.JK,2019Q2,Industrial Materials,1.908094816,42419861000000,23756649150000,922641525000,33.10853747,1,0,
TLKM.JK,2019Q2,Telecommunications Service Providers,3.217037327,215699000000000,114003000000000,9360000000000,10.58098915,0,0,
TLKM.JK,2020Q2,Telecommunications Service Providers,2.921364423,246351000000000,135467000000000,11443000000000,-0.8313243,0,1,
TNCA.JK,2019Q2,Industrial Transportation,0.668101535,47600813640,7330475990,495688960,12.67040669,1,0,
TNCA.JK,2020Q2,Industrial Transportation,0.675661153,52583624520,10026765340,308316390,-16.14612385,1,1,
TOBA.JK,2020Q2,"Oil, Gas and Coal",0.660268698,10458017434800,8179544402000,407749390000,158.5068858,0,1,
TOBA.JK,2019Q2,"Oil, Gas and Coal",2.559190007,7361586563750,4707385957950,116444862300,-53.09037979,0,0,
TPMA.JK,2019Q2,Industrial Transportation,1.223725586,1552253597500,507399097500,13955500000,-39.36663172,1,0,
TPMA.JK,2020Q2,Industrial Transportation,0.38735715,1577636596600,433506847800,23416852000,-96.4860872,1,1,
TRIM.JK,2019Q2,Investment Banking and Brokerage Services,1.009190384,1680046067000,854801923000,18361065000,2.427128006,1,0,
TRIM.JK,2020Q2,Investment Banking and Brokerage Services,0.091144262,2424577756000,1565764991000,4820669000,-43.22922752,1,1,
TRUS.JK,2019Q2,Investment Banking and Brokerage Services,1.800504517,300504792340,24120510450,5247117460,8.067048871,1,0,
TRUS.JK,2020Q2,Investment Banking and Brokerage Services,0.450674149,320300808920,29809693370,1725811300,-55.95330946,1,1,
TSPC.JK,2020Q2,Pharmaceuticals and Biotechnology,1.069790639,8756861340450,3108537952660,264728270280,44.40374233,0,1,
TSPC.JK,2019Q2,Pharmaceuticals and Biotechnology,1.588278645,8064809077590,2758396213060,206270745690,3.886868022,0,0,
TUGU.JK,2020Q2,Non-life Insurance,-0.30447772,21172021958000,15106732850000,197532064000,48.21564682,1,1,
TUGU.JK,2019Q2,Non-life Insurance,0.596517768,19820518494000,10159443627450,191897416012,-18.80383566,1,0,
TURI.JK,2019Q2,Retailers,2.37797619,6298241000000,2573149000000,179869000000,26.0650796,1,0,
TURI.JK,2020Q2,Retailers,-0.301705065,5748955000000,1698265000000,36406000000,-98.74349929,1,1,
ULTJ.JK,2019Q2,Food Producers,3.476990591,6175342000000,1145099000000,179342000000,16.92443618,0,0,
ULTJ.JK,2020Q2,Food Producers,1.716872151,7054390000000,951001000000,145515000000,-29.91672308,0,1,
UNIC.JK,2020Q2,Chemicals,1.822664408,3056081115400,752181267000,21440531000,87.91144283,0,1,
UNIC.JK,2019Q2,Chemicals,0.576810679,3121097007500,918965336250,22169731350,-58.90992485,0,0,
UNIT.JK,2020Q2,Investment Banking and Brokerage Services,0.019198749,419317702320,284092261350,5216314380,5.901961314,1,1,
UNIT.JK,2019Q2,Investment Banking and Brokerage Services,-0.022568124,420832801630,292164930230,5328467240,-3.95892219,1,0,
UNTR.JK,2019Q2,Industrial Engineering,2.182048976,118272343000000,63471726000000,2920126000000,0.230360349,1,0,
UNTR.JK,2020Q2,Industrial Engineering,2.093300745,104220997000000,45497884000000,4205723000000,-46.29726497,1,1,
VICO.JK,2020Q2,Investment Banking and Brokerage Services,0.008056452,25516408592000,25781192382000,4263137000,-19.63974046,1,1,
VICO.JK,2019Q2,Investment Banking and Brokerage Services,0.072473968,29753024294000,27082151635000,38051824000,-51.02825577,1,0,
VINS.JK,2019Q2,Non-life Insurance,1.079776372,256451247550,75409525120,2868934560,-36.70173356,1,0,
VINS.JK,2020Q2,Non-life Insurance,0.496611213,254972219450,77946148740,1594628890,-52.18330819,1,1,
WAPO.JK,2020Q2,Food Producers,-1.352630908,83257888510,12330551510,733834250,211.8154079,0,1,
WAPO.JK,2019Q2,Food Producers,-1.03080623,102245111740,9533743440,831124690,-166.7720411,0,0,
WEGE.JK,2020Q2,Construction and Materials,0.237773872,5681209035760,3756822476730,90666026340,24.04881466,0,1,
WEGE.JK,2019Q2,Construction and Materials,1.855259863,5741352240540,3353649924400,75797141680,-31.91696914,0,0,
WINS.JK,2019Q2,Industrial Transportation,-1.080997746,3767088345000,1729464293750,31439142500,128.2380273,1,0,
WINS.JK,2020Q2,Industrial Transportation,-1.906941166,3375480936000,1502822349400,17244581600,76.26754837,1,1,
WOMF.JK,2019Q2,Finance and Credit Services,0.407565226,8360758000000,7168531000000,36492000000,-9.459964356,0,0,
WOMF.JK,2020Q2,Finance and Credit Services,0.175077172,6762187000000,5565723000000,31899000000,-23.90680511,0,1,
WOOD.JK,2019Q2,Household Goods and Home Construction,1.352118623,4867896076500,1998563901410,92475847660,8.765745653,0,0,
WOOD.JK,2020Q2,Household Goods and Home Construction,1.002514351,5591916479560,2921422192210,53409675330,6.516263721,0,1,
WSBP.JK,2019Q2,Construction and Materials,0.614917766,14702052913750,6448428229940,251061013970,-52.87125599,0,0,
WSBP.JK,2020Q2,Construction and Materials,-0.638825703,15358233261430,8547396853340,234664056820,-56.44212767,0,1,
WTON.JK,2019Q2,Construction and Materials,1.084933854,8847623306060,5619164507280,25610380290,21.33727243,0,0,
WTON.JK,2020Q2,Construction and Materials,-0.400607199,9168900774580,6481221811310,67840390810,-98.23055089,0,1,
YPAS.JK,2019Q2,Chemicals,-0.714192546,301324114550,207530509740,2878382480,-105.6508296,0,0,
YPAS.JK,2020Q2,Chemicals,-1.160763592,258679298620,140973574110,6494523660,-6112.832841,0,1,
