Firm,Period,ICB Sector,ROA,ROE,TA,Total Liabilities,FCF,OI_GROWTH,REV_GROWTH,Treated,After,Balanced
AALI.JK,2019Q2,Food Producers,0.050227578,0.033592246,2.71618E+13,8.63566E+12,42451000000,54.21431361,1.434728364,0,1,TRUE
ABMM.JK,2019Q2,"Oil, Gas and Coal",-0.02156834,-0.075400823,1.16534E+13,7.87731E+12,1.22767E+11,-75.47868242,-25.09617499,0,1,TRUE
ACES.JK,2019Q2,Retailers,4.205699787,5.47606836,5.44998E+12,1.68411E+12,2.32085E+11,-0.410411307,-9.368820336,1,1,TRUE
ADMF.JK,2019Q2,Finance and Credit Services,1.455344315,7.180789784,3.368E+13,2.66964E+13,4.73457E+11,7.228970946,1.61223769,0,1,TRUE
ADRO.JK,2019Q2,"Oil, Gas and Coal",2.67227577,4.730159084,1.01098E+14,4.65865E+13,9.78329E+11,30.37475608,8.87061631,0,1,TRUE
ALDO.JK,2019Q2,Household Goods and Home Construction,1.590222368,3.112086379,9.33016E+11,5.3648E+11,21322212770,-5.826822855,-12.75699891,0,1,TRUE
ALKA.JK,2019Q2,Industrial Metals and Mining,1.228503812,4.555248146,4.08588E+11,3.91122E+11,3711971000,-139.6168273,-4.730313255,1,1,TRUE
AMRT.JK,2019Q2,"Personal Care, Drug and Grocery Stores",0.904854751,3.256828614,2.25252E+13,1.70787E+13,1.67797E+11,-37.23412335,16.30613858,0,1,TRUE
APIC.JK,2019Q2,Investment Banking and Brokerage Services,1.3862453,2.49949449,3.42402E+12,1.29183E+12,23031545290,38.30442813,-11.63275799,1,1,TRUE
ARNA.JK,2019Q2,Construction and Materials,2.898428075,4.467317703,1.63469E+12,5.72781E+11,74668934670,-19.33480442,-13.48623181,0,1,TRUE
ARTI.JK,2019Q2,Household Goods and Home Construction,-0.969145861,-0.679284102,3.54397E+12,9.59531E+11,11201644150,-86.98534038,-39.10824449,0,1,TRUE
ASGR.JK,2019Q2,Technology Hardware & Equipment,1.334122664,2.090834464,2.28645E+12,8.12289E+11,75324000000,44.18791946,13.30719033,0,1,TRUE
ASII.JK,2019Q2,Automobiles and Parts,1.593431759,3.262716987,3.50288E+14,2.10847E+14,6.263E+12,-15.41799248,-5.086650897,1,1,TRUE
ASSA.JK,2019Q2,Consumer Services,0.354673371,2.19008288,4.55212E+12,3.40651E+12,1.10673E+11,5.148270416,12.45420332,1,1,TRUE
BAYU.JK,2019Q2,Travel and Leisure,1.333613006,2.362936796,8.21811E+11,3.39246E+11,4102432990,-68.93014653,47.48495715,1,1,TRUE
BBLD.JK,2019Q2,Finance and Credit Services,0.318769344,1.377831336,5.155E+12,3.93862E+12,12545000000,6.107290474,3.312782282,0,1,TRUE
BCAP.JK,2019Q2,Investment Banking and Brokerage Services,0.071185273,0.242899327,1.83874E+13,1.34825E+13,21578000000,31.9490868,-1.544602102,1,1,TRUE
BFIN.JK,2019Q2,Investment Banking and Brokerage Services,1.918747726,5.592924377,1.83691E+13,1.22611E+13,3.5135E+11,0.981668749,0.813647436,1,1,TRUE
BIRD.JK,2019Q2,Travel and Leisure,0.965567963,1.333695428,7.0865E+12,1.92339E+12,20193000000,-17.04488911,-3.957495951,1,1,TRUE
BLTA.JK,2019Q2,Industrial Transportation,0.138908802,0.336948862,1.01221E+12,6.04284E+11,1030614000,-163.9128607,-7.031359407,1,1,TRUE
BMSR.JK,2019Q2,Real Estate Investment and Services Development,-0.31350438,-1.20820414,5.78516E+11,4.13645E+11,5063193330,-27.76236448,-19.44988434,1,1,TRUE
BPFI.JK,2019Q2,Investment Banking and Brokerage Services,1.091532355,2.361685296,1.75779E+12,9.46502E+11,12019100890,-9.352763584,-3.836490638,1,1,TRUE
BPII.JK,2019Q2,Industrial Support Services,3.045380754,6.113188739,2.69596E+12,1.87282E+12,70525921390,1.439858993,1.074494109,1,1,TRUE
BSDE.JK,2019Q2,Real Estate Investment and Services Development,2.905582431,5.343769609,5.33061E+13,2.5676E+13,6.86059E+11,17.30945612,20.99973208,1,1,TRUE
BTEK.JK,2019Q2,Food Producers,-0.002183173,-0.005131906,5.20927E+12,2.98028E+12,11028895130,-159.1386115,20.87361075,0,1,TRUE
BTON.JK,2019Q2,Industrial Metals and Mining,0.050152522,0.061698447,2.31113E+11,35859538800,34574320,-93.05126434,10.88634346,1,1,TRUE
BUDI.JK,2019Q2,Food Producers,0.403724275,0.875427889,3.1145E+12,2.14535E+12,41945000000,36.93766624,-30.9586276,0,1,TRUE
BUKK.JK,2019Q2,Construction and Materials,1.537555844,3.245968136,4.6315E+12,2.41458E+12,90380408000,-55.85688058,-28.47872935,0,1,TRUE
BYAN.JK,2019Q2,"Oil, Gas and Coal",7.698277481,14.50618326,1.96477E+13,1.19115E+13,1.37171E+12,18.74151932,33.91572854,0,1,TRUE
CFIN.JK,2019Q2,Finance and Credit Services,0.689538179,1.835266316,1.21432E+13,7.63446E+12,73399669000,6.205606479,4.190825586,0,1,TRUE
CITA.JK,2019Q2,Industrial Metals and Mining,6.517878323,12.31482456,3.73918E+12,1.63698E+12,2.80293E+11,105.6645447,2.91298092,1,1,TRUE
CLPI.JK,2019Q2,Chemicals,0.633669899,0.951544609,7.08823E+11,2.11299E+11,18781602410,74.93913969,-6.676595457,0,1,TRUE
CPIN.JK,2019Q2,Food Producers,3.202589388,4.652920261,2.8631E+13,8.39062E+12,5.11529E+11,-32.03665935,4.586194692,0,1,TRUE
CTRA.JK,2019Q2,Real Estate Investment and Services Development,0.065420669,0.091389589,3.50766E+13,1.97609E+13,2.62213E+11,-41.3579293,-8.990291073,1,1,TRUE
DEFI.JK,2019Q2,Investment Banking and Brokerage Services,-0.026961428,-0.027293816,87949892870,901561450,172093570,-87.07056796,0.857571744,1,1,TRUE
DILD.JK,2019Q2,Real Estate Investment and Services Development,-0.183575757,-0.659008375,1.4577E+13,8.22264E+12,1.06163E+11,25.22895816,-48.36773804,1,1,TRUE
DLTA.JK,2019Q2,Beverages,3.46242245,4.644689817,1.62614E+12,2.35194E+11,87271852000,-23.13417699,-28.6476963,0,1,TRUE
DMAS.JK,2019Q2,Real Estate Investment and Services Development,7.889014003,8.827635929,7.46449E+12,6.65901E+11,6.11675E+11,-2128.352313,15267.99895,1,1,TRUE
DSFI.JK,2019Q2,Food Producers,0.857481994,1.822630464,4.02148E+11,2.09831E+11,3202905540,143.2644797,-13.24228776,0,1,TRUE
DSSA.JK,2019Q2,Electricity,0.236385259,0.390627118,5.36735E+13,3.04134E+13,5.66672E+11,358.4523652,-15.68201055,1,1,TRUE
DUTI.JK,2019Q2,Real Estate Investment and Services Development,2.070969739,3.011429538,1.30082E+13,5.05771E+12,2.49973E+11,-12.32114152,28.52094588,1,1,TRUE
DVLA.JK,2019Q2,Pharmaceuticals and Biotechnology,1.67664971,2.426963774,1.82802E+12,5.34817E+11,87435076000,121.6784609,-10.26224382,0,1,TRUE
EKAD.JK,2019Q2,Chemicals,1.294645358,1.413032011,8.48704E+11,1.29624E+11,1721786770,-55.88737405,-12.14548693,0,1,TRUE
EPMT.JK,2019Q2,Pharmaceuticals and Biotechnology,2.183974358,3.089941089,7.97732E+12,2.11177E+12,1.75794E+11,39.71588019,15.43383136,0,1,TRUE
ERAA.JK,2019Q2,Retailers,0.579315559,1.317903389,1.11401E+13,6.49839E+12,21334556000,7.125295764,16.5842001,1,1,TRUE
FAST.JK,2019Q2,Travel and Leisure,3.353675404,6.831680641,3.25282E+12,1.59626E+12,18141613000,-60.95558998,20.20942534,1,1,TRUE
FIRE.JK,2019Q2,Retailers,1.456623068,2.474851056,5.58058E+11,2.41657E+11,822734970,-80.41644358,11.79613893,1,1,TRUE
FMII.JK,2019Q2,Personal Goods,-0.529530775,-0.774921605,9.19264E+11,2.9738E+11,10994395560,438.5328942,-27.94196597,1,1,TRUE
GGRM.JK,2019Q2,Tobacco,2.909721231,4.19077376,6.67001E+13,2.22885E+13,1.72618E+12,-20.75937689,1.342291948,1,1,TRUE
GMTD.JK,2019Q2,Real Estate Investment and Services Development,0.96104051,1.528229316,1.23068E+12,4.48801E+11,11937380750,43.26630189,6.722385467,1,1,TRUE
GPRA.JK,2019Q2,Real Estate Investment and Services Development,0.403128435,0.320975637,1.541E+12,5.43684E+11,22740656680,73.9435891,-43.38041313,1,1,TRUE
GWSA.JK,2019Q2,Real Estate Investment and Services Development,0.325246844,0.360367011,7.51413E+12,6.44317E+11,18041054530,-28.808369,-15.83283516,1,1,TRUE
HEXA.JK,2019Q2,Industrial Engineering,2.632902394,5.218627131,4.84145E+12,2.32211E+12,1.34695E+11,-34.089192,-42.14333096,1,1,TRUE
HMSP.JK,2019Q2,Tobacco,6.98967116,10.37859929,4.31126E+13,1.4628E+13,3.67738E+12,8.574038817,13.05889029,1,1,TRUE
HRUM.JK,2019Q2,"Oil, Gas and Coal",1.637570718,2.036924736,6.2107E+12,1.84583E+12,1.39503E+11,-1.54979272,-6.775549352,0,1,TRUE
ICBP.JK,2019Q2,Food Producers,3.549090006,5.395042606,3.73682E+13,1.33402E+13,1.061E+12,32.68038572,-3.386620669,0,1,TRUE
ICON.JK,2019Q2,Real Estate Investment and Services Development,0.816825645,1.538877769,3.86697E+11,2.3585E+11,1382650800,4315.355278,5.576173842,1,1,TRUE
INAF.JK,2019Q2,Pharmaceuticals and Biotechnology,-0.184450718,-0.545644053,1.39985E+12,9.27558E+11,1000786520,-148.9673111,70.65551961,0,1,TRUE
INCI.JK,2019Q2,Chemicals,0.57052423,0.668167774,3.78946E+11,57666345110,1594019400,219.9284311,-9.187355658,0,1,TRUE
INDF.JK,2019Q2,Food Producers,1.331966957,3.40891939,9.73677E+13,6.29051E+13,1.19497E+12,9.642605908,1.406135888,0,1,TRUE
INDR.JK,2019Q2,Personal Goods,0.314093674,0.649924915,1.0886E+13,5.6705E+12,63168977500,-83.68571689,-6.525463277,1,1,TRUE
INDS.JK,2019Q2,Automobiles and Parts,0.030540981,0.035958349,2.51612E+12,2.73274E+11,703586910,4504.504011,-22.30528888,1,1,TRUE
INDY.JK,2019Q2,"Oil, Gas and Coal",0.151420674,0.102994761,5.02924E+13,3.73439E+13,2.76431E+11,-33.58006343,-3.749489218,0,1,TRUE
INKP.JK,2019Q2,Industrial Materials,0.836367204,1.908081134,1.24871E+14,7.0403E+13,1.73351E+12,-21.69884002,2.112088952,1,1,TRUE
IPOL.JK,2019Q2,General Industrials,0.397373356,0.693854487,3.95936E+12,1.89011E+12,54128445150,-32.43678696,-8.668780111,1,1,TRUE
ISAT.JK,2019Q2,Telecommunications Service Providers,-0.073142201,-0.362600229,5.58625E+13,4.50224E+13,2.48413E+11,135.5621705,3.294667495,0,1,TRUE
ITMA.JK,2019Q2,"Oil, Gas and Coal",2.970949399,2.974859039,1.95534E+12,4177599750,71255415000,-25.75391631,-0.772743238,0,1,TRUE
ITMG.JK,2019Q2,"Oil, Gas and Coal",2.146462432,3.561307176,1.87044E+13,6.1397E+12,3.80951E+11,-23.86113356,-3.696609803,0,1,TRUE
JECC.JK,2019Q2,Technology Hardware & Equipment,1.393481229,4.59477585,1.98638E+12,1.44901E+12,9138263000,-22.68972418,-2.21726258,0,1,TRUE
JIHD.JK,2019Q2,Real Estate Investment and Services Development,0.294030534,-0.031699614,6.59197E+12,3.02236E+12,43374375000,-86.94364746,-12.18791227,1,1,TRUE
JRPT.JK,2019Q2,Real Estate Investment and Services Development,2.30989188,3.802425778,1.10265E+13,4.47596E+12,2.53316E+11,10.3328664,9.044898482,1,1,TRUE
KICI.JK,2019Q2,Household Goods and Home Construction,-0.586167748,-0.971011173,1.54135E+11,62184082600,222495710,-18.55504387,-9.593442992,0,1,TRUE
KLBF.JK,2019Q2,Pharmaceuticals and Biotechnology,3.552581494,4.437832311,1.88131E+13,4.14816E+12,2.99302E+11,13.22482743,8.342992585,0,1,TRUE
KMTR.JK,2019Q2,Automobiles and Parts,1.600153266,4.0265854,4.74286E+12,2.94992E+12,73770707430,-229201.3402,21.77208895,1,1,TRUE
KRAH.JK,2019Q2,Industrial Engineering,-9.816841426,-40.30095783,6.45953E+11,4.12574E+11,4068340320,57.62877267,-60.65627368,1,1,TRUE
LION.JK,2019Q2,Industrial Metals and Mining,0.377774612,0.540312081,6.78741E+11,2.13662E+11,4949019510,-167.6957509,-3.346867121,1,1,TRUE
LPPF.JK,2019Q2,Retailers,19.44525933,58.47022366,5.2203E+12,3.48429E+12,84962000000,-160.3120237,108.7266179,1,1,TRUE
LSIP.JK,2019Q2,Food Producers,0.374256673,0.462768309,1.03252E+13,1.95954E+12,22855000000,-160.8890902,-19.03010926,0,1,TRUE
LTLS.JK,2019Q2,Chemicals,1.129132007,3.062200859,6.19256E+12,4.30535E+12,61464000000,1.777979762,-12.63221928,0,1,TRUE
MAPB.JK,2019Q2,Travel and Leisure,1.734399548,2.950610515,1.94321E+12,8.11162E+11,14684000000,30.12758469,5.179900567,1,1,TRUE
MASA.JK,2019Q2,Automobiles and Parts,-0.567887419,-1.043947213,7.91796E+12,3.92638E+12,1.07852E+11,-130.1556739,-21.3427256,1,1,TRUE
MBAP.JK,2019Q2,"Oil, Gas and Coal",5.857813518,8.013899874,2.61471E+12,6.94597E+11,1.50236E+11,74.4303781,-5.204181938,0,1,TRUE
MDKA.JK,2019Q2,Industrial Metals and Mining,2.696624329,5.668675894,1.25619E+13,6.96106E+12,3.05447E+11,12.4458708,8.274348305,1,1,TRUE
MFIN.JK,2019Q2,Finance and Credit Services,2.171824605,4.041376512,4.16031E+12,2.05421E+12,81329000000,-4.05804538,7.756810098,0,1,TRUE
MICE.JK,2019Q2,"Personal Care, Drug and Grocery Stores",0.455281053,0.770489726,1.00727E+12,3.38467E+11,4193813590,-7.473792642,1.177513685,0,1,TRUE
MIDI.JK,2019Q2,Retailers,1.167298633,5.479874731,5.22466E+12,4.13467E+12,56441000000,-48.34242681,21.27275183,1,1,TRUE
MIKA.JK,2019Q2,Health Care Providers,3.536705129,4.194068518,5.40975E+12,1.18568E+12,1.53554E+11,-4.584219661,-3.087425478,0,1,TRUE
MLIA.JK,2019Q2,Construction and Materials,0.371831336,0.852773639,5.24681E+12,2.92602E+12,40256061000,-63.45660887,-13.19753032,0,1,TRUE
MMLP.JK,2019Q2,Industrial Support Services,3.026930146,3.636013973,6.09132E+12,2.31743E+12,45230411000,18.57621706,3.334111752,1,1,TRUE
MNCN.JK,2019Q2,Media,3.778728105,5.880000116,1.71521E+13,6.58378E+12,5.98851E+11,29.38437177,25.40667054,1,1,TRUE
MSKY.JK,2019Q2,Media,-0.792924738,-1.843301861,4.60639E+12,2.62268E+12,82435000000,-42.58380867,3.105834397,1,1,TRUE
MTDL.JK,2019Q2,Technology Hardware & Equipment,1.82003994,3.533514023,5.16621E+12,3.27053E+12,95461000000,-23.52248554,-9.597865486,0,1,TRUE
MTLA.JK,2019Q2,Real Estate Investment and Services Development,2.599541948,4.015156424,5.2243E+12,1.79347E+12,71836530000,-58.89207749,32.10927417,1,1,TRUE
MYOH.JK,2019Q2,"Oil, Gas and Coal",1.902020497,2.524716715,2.00943E+12,5.72748E+11,95832297600,-12.25122495,-1.488159178,0,1,TRUE
NRCA.JK,2019Q2,Construction and Materials,1.872211859,3.656535424,2.44011E+12,1.10074E+12,34052412550,21.74094616,24.52985142,0,1,TRUE
PBRX.JK,2019Q2,Personal Goods,1.259325101,2.832365909,8.98795E+12,4.95154E+12,29722680000,-19.59241074,51.12796182,1,1,TRUE
PBSA.JK,2019Q2,Construction and Materials,-0.057261251,-0.073405047,7.01184E+11,1.31672E+11,5968783410,-40.94393895,22.61422982,0,1,TRUE
PEGE.JK,2019Q2,Investment Banking and Brokerage Services,9.144130583,11.37032755,7.10212E+11,1.41359E+11,62506138660,339.5567116,282.7858172,1,1,TRUE
PGAS.JK,2019Q2,"Gas, Water and Multi-utilities",-0.000675565,-0.427866357,1.02313E+14,6.91809E+13,1.99283E+12,12.29506075,7.106755532,0,1,TRUE
PGLI.JK,2019Q2,Travel and Leisure,-0.240104962,-0.00621992,87225369670,24114978240,2713469780,40.48927706,34.95547518,1,1,TRUE
PKPK.JK,2019Q2,"Oil, Gas and Coal",0.183227204,0.421143026,1.28176E+11,72315866000,10672000,-245.7770207,-74.92375124,0,1,TRUE
PORT.JK,2019Q2,Industrial Transportation,-0.003598737,0.531370637,2.23842E+12,1.13286E+12,1617558000,1047.762422,-6.787857817,1,1,TRUE
POWR.JK,2019Q2,Electricity,2.106906666,4.2471086,1.84917E+13,9.52198E+12,5.85749E+11,-10.82663404,-2.081580421,1,1,TRUE
PRAS.JK,2019Q2,Industrial Metals and Mining,0.295263016,0.671929418,1.72035E+12,9.25171E+11,654288940,-221.7824513,-5.551250653,1,1,TRUE
PTBA.JK,2019Q2,"Oil, Gas and Coal",3.628397504,5.225644885,2.34121E+13,7.53661E+12,1.34729E+12,27.86811364,-1.104953638,0,1,TRUE
PTIS.JK,2019Q2,General Industrials,0.083856273,0.191598529,5.30441E+11,2.97774E+11,10971170000,357.9128747,3.334791142,1,1,TRUE
RALS.JK,2019Q2,Retailers,8.897746573,12.78095842,6.26571E+12,2.17023E+12,5.24121E+11,1270.153904,133.5288303,1,1,TRUE
RIGS.JK,2019Q2,Industrial Transportation,-15.51475241,-22.12486273,9.02227E+11,3.0599E+11,47892612500,-610.5630101,-16.25650969,1,1,TRUE
SCCO.JK,2019Q2,Electronic and Electrical Equipment,1.020767983,1.536225188,4.31873E+12,1.30916E+12,92487648440,-18.51493828,-8.076056245,1,1,TRUE
SCMA.JK,2019Q2,Media,4.244309767,6.09403989,6.9014E+12,1.89365E+12,3.02147E+11,-14.45329347,14.4654715,1,1,TRUE
SCPI.JK,2019Q2,Pharmaceuticals and Biotechnology,0.523470665,1.41412372,1.70111E+12,1.12608E+12,9493772000,-94.77694233,23.65139082,0,1,TRUE
SIDO.JK,2019Q2,Food Producers,4.889977142,5.436923358,3.27093E+12,3.04222E+11,1.63412E+11,-17.78293919,-2.420282565,0,1,TRUE
SMDM.JK,2019Q2,Real Estate Investment and Services Development,0.743036216,0.513539158,3.18161E+12,1.40165E+12,23690884320,-23.6519196,-2.477925768,1,1,TRUE
SMGR.JK,2019Q2,Construction and Materials,0.31352895,0.704057862,7.69832E+13,4.67037E+13,5.29192E+11,-12.24327678,1.192122515,0,1,TRUE
SMSM.JK,2019Q2,Automobiles and Parts,4.176188418,5.549349019,2.79858E+12,8.66818E+11,1.17355E+11,-13.75957391,-1.062907893,1,1,TRUE
SOCI.JK,2019Q2,Industrial Transportation,0.551949328,1.138743592,9.75347E+12,4.94401E+12,1.65222E+11,-24.89430664,-8.563757603,1,1,TRUE
SRIL.JK,2019Q2,Personal Goods,2.031630698,5.287656544,1.98848E+13,1.21904E+13,1.85671E+11,14.74870264,16.20846744,1,1,TRUE
SSTM.JK,2019Q2,Personal Goods,-0.001421902,-0.003571856,5.37498E+11,3.36572E+11,5628647890,-149.643251,6.39078105,1,1,TRUE
TBMS.JK,2019Q2,Industrial Metals and Mining,0.814050915,3.336059067,2.40564E+12,1.77498E+12,25635038750,-21.96794929,-9.775842283,1,1,TRUE
TCID.JK,2019Q2,Personal Goods,0.902408031,1.153757645,2.50993E+12,5.8479E+11,90197997040,831.3613917,-4.757320071,1,1,TRUE
TFCO.JK,2019Q2,Chemicals,-0.004500139,-0.004887154,4.49045E+12,3.90254E+11,31643123850,61.89613751,-10.67201977,0,1,TRUE
TGKA.JK,2019Q2,"Personal Care, Drug and Grocery Stores",3.523692465,8.662419108,2.83751E+12,1.92396E+12,1.10949E+11,13.86591988,-23.7842072,0,1,TRUE
TIFA.JK,2019Q2,Finance and Credit Services,0.663080047,2.611220065,1.34E+12,9.84781E+11,8763448000,1.321562651,1.315775329,0,1,TRUE
TKIM.JK,2019Q2,Industrial Materials,1.908094816,4.354632341,4.24199E+13,2.37566E+13,9.22642E+11,20.7054905,-12.48395867,1,1,TRUE
TLKM.JK,2019Q2,Telecommunications Service Providers,3.217037327,4.876995032,2.15699E+14,1.14003E+14,9.36E+12,27.92725726,-0.961538462,0,1,TRUE
TOBA.JK,2019Q2,"Oil, Gas and Coal",2.559190007,3.510772901,7.36159E+12,4.70739E+12,1.16445E+11,-49.13433118,9.242815109,0,1,TRUE
TPMA.JK,2019Q2,Industrial Transportation,1.223725586,1.783584811,1.55225E+12,5.07399E+11,13955500000,-21.13009815,-1.057472886,1,1,TRUE
TRIM.JK,2019Q2,Investment Banking and Brokerage Services,1.009190384,1.959727214,1.68005E+12,8.54802E+11,18361065000,-3.835069471,-2.255995791,1,1,TRUE
TRUS.JK,2019Q2,Investment Banking and Brokerage Services,1.800504517,1.956331751,3.00505E+11,24120510450,5247117460,8.262512829,18.33360978,1,1,TRUE
TSPC.JK,2019Q2,Pharmaceuticals and Biotechnology,1.588278645,2.397001903,8.06481E+12,2.7584E+12,2.06271E+11,49.02266624,-1.792173681,0,1,TRUE
TURI.JK,2019Q2,Retailers,2.37797619,3.993534198,6.29824E+12,2.57315E+12,1.79869E+11,17.43828479,-9.843857846,1,1,TRUE
ULTJ.JK,2019Q2,Food Producers,3.476990591,4.176527701,6.17534E+12,1.1451E+12,1.79342E+11,-31.06153921,8.135861864,0,1,TRUE
UNIC.JK,2019Q2,Chemicals,0.576810679,0.962191029,3.1211E+12,9.18965E+11,22169731350,256.2364846,-19.29327986,0,1,TRUE
UNIT.JK,2019Q2,Investment Banking and Brokerage Services,-0.022568124,0.002509067,4.20833E+11,2.92165E+11,5328467240,11.22446773,-28.2660156,1,1,TRUE
UNTR.JK,2019Q2,Industrial Engineering,2.182048976,4.699021112,1.18272E+14,6.34717E+13,2.92013E+12,-14.41448439,-8.502104739,1,1,TRUE
VICO.JK,2019Q2,Investment Banking and Brokerage Services,0.072473968,0.724877192,2.9753E+13,2.70822E+13,38051824000,41.36510099,6.423984943,1,1,TRUE
WAPO.JK,2019Q2,Food Producers,-1.03080623,-1.263163262,1.02245E+11,9533743440,831124690,-103.714009,310.2411649,0,1,TRUE
WINS.JK,2019Q2,Industrial Transportation,-1.080997746,-1.714169939,3.76709E+12,1.72946E+12,31439142500,28.73686901,14.46710234,1,1,TRUE
WOMF.JK,2019Q2,Finance and Credit Services,0.407565226,2.962394468,8.36076E+12,7.16853E+12,36492000000,-0.582845664,-2.7641418,0,1,TRUE
WOOD.JK,2019Q2,Household Goods and Home Construction,1.352118623,2.500573249,4.8679E+12,1.99856E+12,92475847660,-33.1866956,-1.728547698,0,1,TRUE
WSBP.JK,2019Q2,Construction and Materials,0.614917766,1.135438798,1.47021E+13,6.44843E+12,2.51061E+11,62.17272729,-26.30359892,0,1,TRUE
YPAS.JK,2019Q2,Chemicals,-0.714192546,-1.91389745,3.01324E+11,2.07531E+11,2878382480,-98.03319509,-24.68084351,0,1,TRUE
AALI.JK,2018Q2,Food Producers,1.689546944,2.312828037,2.68358E+13,8.3484E+12,3.92346E+11,29.89292247,2.89514427,0,0,TRUE
ABMM.JK,2018Q2,"Oil, Gas and Coal",0.708811535,3.777518366,1.43456E+13,1.17824E+13,1.80582E+11,166.8726388,-1.384038782,0,0,TRUE
ACES.JK,2018Q2,Retailers,4.622061978,5.775129298,4.67116E+12,9.16064E+11,2.68807E+11,27.52013855,-8.27477587,1,0,TRUE
ADMF.JK,2018Q2,Finance and Credit Services,1.447092133,7.074456224,2.97541E+13,2.37739E+13,4.30215E+11,-1.630295484,1.571289969,0,0,TRUE
ADRO.JK,2018Q2,"Oil, Gas and Coal",2.013126642,3.407875173,9.71819E+13,4.40916E+13,67162560000,-23.53148922,15.33122558,0,0,TRUE
ALDO.JK,2018Q2,Household Goods and Home Construction,1.457977569,3.589579711,5.35347E+11,3.60144E+11,14766258110,345.5402011,-15.29944553,0,0,TRUE
ALKA.JK,2018Q2,Industrial Metals and Mining,3.277016383,14.40492622,3.79224E+11,3.1845E+11,8137468000,-250.1909963,62.01843877,1,0,TRUE
AMRT.JK,2018Q2,"Personal Care, Drug and Grocery Stores",0.450227811,1.860000684,2.25779E+13,1.72428E+13,2.37824E+11,-34.33873402,23.59460976,0,0,TRUE
APIC.JK,2018Q2,Investment Banking and Brokerage Services,-1.252612646,-1.904763095,2.60557E+12,1.25163E+12,1.16177E+11,263.9782134,-75.1570181,1,0,TRUE
ARNA.JK,2018Q2,Construction and Materials,1.854618943,3.079981388,1.59182E+12,5.97485E+11,45734132110,-22.15862841,-13.32357147,0,0,TRUE
ARTI.JK,2018Q2,Household Goods and Home Construction,0.134091555,0.044160304,2.54927E+12,8.43189E+11,11346022080,-59.55808653,-9.763915007,0,0,TRUE
ASGR.JK,2018Q2,Technology Hardware & Equipment,2.529874541,3.928312709,2.18401E+12,8.44648E+11,89683000000,50.0781514,64.96412189,0,0,TRUE
ASII.JK,2018Q2,Automobiles and Parts,2.228430353,4.210460704,3.09336E+14,1.81615E+14,6.346E+12,7.611592272,1.630181649,1,0,TRUE
ASSA.JK,2018Q2,Consumer Services,1.020675877,3.378319607,3.42426E+12,2.40502E+12,1.06485E+11,-7.189526191,-3.754705437,1,0,TRUE
BAYU.JK,2018Q2,Travel and Leisure,0.970597036,1.808075762,7.93539E+11,3.31246E+11,1544493430,-58.95201176,40.41096383,1,0,TRUE
BBLD.JK,2018Q2,Finance and Credit Services,0.266454772,1.062322915,4.75105E+12,3.26012E+12,20816000000,16.22903556,-0.317012429,0,0,TRUE
BCAP.JK,2018Q2,Investment Banking and Brokerage Services,0.198478437,0.719428093,1.86407E+13,1.45652E+13,96753000000,-167.43478,12.31716892,1,0,TRUE
BFIN.JK,2018Q2,Investment Banking and Brokerage Services,1.912298157,6.604660635,1.90013E+13,1.3593E+13,3.46383E+11,2.67251637,6.43746093,1,0,TRUE
BIRD.JK,2018Q2,Travel and Leisure,1.397155722,1.854175709,6.55894E+12,1.64066E+12,68567000000,-6.168131591,2.532423236,1,0,TRUE
BLTA.JK,2018Q2,Industrial Transportation,1.962837588,4.790280043,1.14331E+12,6.64105E+11,38180835200,-141.7635727,-0.256847482,1,0,TRUE
BMSR.JK,2018Q2,Real Estate Investment and Services Development,0.195474032,0.747715887,5.35153E+11,4.24157E+11,2236016480,65.33316497,-8.405425886,1,0,TRUE
BPFI.JK,2018Q2,Investment Banking and Brokerage Services,0.945437747,2.532883713,1.95618E+12,1.19639E+12,18961155720,-10.37218874,-11.50836156,1,0,TRUE
BPII.JK,2018Q2,Industrial Support Services,2.308536306,3.695249339,9.60747E+11,4.17235E+11,22211704910,4.345038028,27.49185211,1,0,TRUE
BSDE.JK,2018Q2,Real Estate Investment and Services Development,0.159729685,0.007884294,5.13746E+13,2.28149E+13,5.2351E+11,-77.71477499,-16.66650414,1,0,TRUE
BTEK.JK,2018Q2,Food Producers,1.675231704,4.392756037,5.32396E+12,3.40238E+12,126577860,52.66906443,17.99491714,0,0,TRUE
BTON.JK,2018Q2,Industrial Metals and Mining,5.049283978,6.061741254,2.06781E+11,34072021040,8659555700,112.6078039,-15.45760777,1,0,TRUE
BUDI.JK,2018Q2,Food Producers,0.370861851,0.92003332,2.99896E+12,1.79578E+12,27269000000,10.31448321,-0.278634041,0,0,TRUE
BUKK.JK,2018Q2,Construction and Materials,2.753951134,6.284001697,3.95646E+12,2.21482E+12,1.28199E+11,10.38481543,19.84536943,0,0,TRUE
BYAN.JK,2018Q2,"Oil, Gas and Coal",15.57340922,26.99405982,1.49925E+13,7.02241E+12,2.11799E+12,27.71619332,9.487488089,0,0,TRUE
CFIN.JK,2018Q2,Finance and Credit Services,0.644035914,1.723781674,1.09827E+13,6.80745E+12,69235771000,-8.73851092,1.060719874,0,0,TRUE
CITA.JK,2018Q2,Industrial Metals and Mining,5.908916307,14.88142574,2.9321E+12,1.78659E+12,1.58997E+11,42.90947799,-7.754758077,1,0,TRUE
CLPI.JK,2018Q2,Chemicals,-0.010321498,-0.014024199,6.216E+11,1.69299E+11,11058334490,84.27324556,-3.811856839,0,0,TRUE
CPIN.JK,2018Q2,Food Producers,5.532154076,8.532053578,2.64652E+13,9.0446E+12,1.06168E+12,50.46098452,16.04747761,0,0,TRUE
CTRA.JK,2018Q2,Real Estate Investment and Services Development,0.219828384,0.335169622,3.28813E+13,1.88174E+13,1.4797E+11,-46.12881852,6.598243709,1,0,TRUE
DEFI.JK,2018Q2,Investment Banking and Brokerage Services,-0.083684385,-0.084817606,77873749160,1040091990,183616160,-443.6804404,2.198434584,1,0,TRUE
DILD.JK,2018Q2,Real Estate Investment and Services Development,0.141108961,0.515850645,1.38091E+13,7.69245E+12,1.13384E+11,101.9167048,54.74262751,1,0,TRUE
DLTA.JK,2018Q2,Beverages,4.11665089,4.837029425,1.27708E+12,2.10557E+11,88489653000,-13.74226892,-26.50886765,0,0,TRUE
DMAS.JK,2018Q2,Real Estate Investment and Services Development,1.236403717,1.319041375,7.27555E+12,4.92976E+11,91309908450,-510.0377021,1815.830298,1,0,TRUE
DSFI.JK,2018Q2,Food Producers,0.413823335,0.976639463,3.80727E+11,2.32259E+11,1713773720,202.0422565,-13.51255662,0,0,TRUE
DSSA.JK,2018Q2,Electricity,-0.355495434,-1.107218021,4.19256E+13,2.20548E+13,5.95491E+11,1.952388346,5.055812028,1,0,TRUE
DUTI.JK,2018Q2,Real Estate Investment and Services Development,1.907908079,2.359828997,1.1333E+13,4.00241E+12,3.48178E+11,39.42663048,-21.48468646,1,0,TRUE
DVLA.JK,2018Q2,Pharmaceuticals and Biotechnology,2.683157476,3.90738596,1.65769E+12,5.51334E+11,71314435000,-1017.919054,-10.7798088,0,0,TRUE
EKAD.JK,2018Q2,Chemicals,2.236554977,2.641124146,8.26609E+11,1.53912E+11,15996497520,-25.58590841,-19.10536502,0,0,TRUE
EPMT.JK,2018Q2,Pharmaceuticals and Biotechnology,2.278857603,3.183183265,7.4057E+12,2.00475E+12,1.81901E+11,38.26735277,13.17583874,0,0,TRUE
ERAA.JK,2018Q2,Retailers,2.094497961,5.680202811,1.1928E+13,7.67139E+12,2.24452E+11,18.60229092,6.428995264,1,0,TRUE
FAST.JK,2018Q2,Travel and Leisure,3.006073958,6.488099921,2.96038E+12,1.5092E+12,1399291000,-68.54958846,22.45682152,1,0,TRUE
FIRE.JK,2018Q2,Retailers,-2.565863175,-5.640559684,4.99036E+11,2.42576E+11,2023568170,-46.51221194,109.7930447,1,0,TRUE
FMII.JK,2018Q2,Personal Goods,0.168881522,0.242249961,9.063E+11,2.48125E+11,4605550230,-1.468938303,-3.099907368,1,0,TRUE
GGRM.JK,2018Q2,Tobacco,2.573100001,3.921947573,6.59772E+13,2.52541E+13,1.59501E+12,-14.89924948,6.11117498,1,0,TRUE
GMTD.JK,2018Q2,Real Estate Investment and Services Development,1.920370001,3.334649218,1.24802E+12,5.16651E+11,24212293530,286.9951787,107.7179908,1,0,TRUE
GPRA.JK,2018Q2,Real Estate Investment and Services Development,0.233734181,0.311638118,1.51705E+12,5.41717E+11,14316614080,224.0143434,-22.78413037,1,0,TRUE
GWSA.JK,2018Q2,Real Estate Investment and Services Development,0.453795359,0.503629337,7.32136E+12,6.25085E+11,38070530000,-11.3114513,-4.688539326,1,0,TRUE
HEXA.JK,2018Q2,Industrial Engineering,1.549004332,2.850290648,3.97929E+12,1.76394E+12,77184962250,-41.83305368,-15.27290185,1,0,TRUE
HMSP.JK,2018Q2,Tobacco,6.405958456,9.496083777,4.38789E+13,1.61601E+13,3.07845E+12,1.62533692,12.47097396,1,0,TRUE
HRUM.JK,2018Q2,"Oil, Gas and Coal",1.337277784,1.486383532,6.22352E+12,2.1264E+12,1.1369E+11,-47.39916714,-20.45943575,0,0,TRUE
ICBP.JK,2018Q2,Food Producers,3.170381772,5.374394293,3.47547E+13,1.48864E+13,1.00489E+12,61.41821935,-3.055012965,0,0,TRUE
ICON.JK,2018Q2,Real Estate Investment and Services Development,0.094896023,0.071616192,4.25035E+11,2.97305E+11,352407080,-94.87754761,-46.22231957,1,0,TRUE
INAF.JK,2018Q2,Pharmaceuticals and Biotechnology,0.603537718,1.673158052,1.465E+12,9.38335E+11,3465413120,1101.461502,81.49922077,0,0,TRUE
INCI.JK,2018Q2,Chemicals,1.244430268,1.429875703,3.20869E+11,41747243550,5539830000,-7.748646457,-3.767066775,0,0,TRUE
INDF.JK,2018Q2,Food Producers,1.047305713,2.4108658,9.36195E+13,6.05684E+13,1.13225E+12,25.12043662,4.181346878,0,0,TRUE
INDR.JK,2018Q2,Personal Goods,1.216311576,3.439965855,1.24173E+13,8.06241E+12,1.13479E+11,2.606000161,-7.73669557,1,0,TRUE
INDS.JK,2018Q2,Automobiles and Parts,1.316306378,1.526705468,2.48279E+12,2.97915E+11,34363116900,-15.56068011,-4.520617793,1,0,TRUE
INDY.JK,2018Q2,"Oil, Gas and Coal",0.57358107,1.841051375,5.1038E+13,3.7196E+13,6.09435E+11,-59.07022733,-17.87973355,0,0,TRUE
INKP.JK,2018Q2,Industrial Materials,2.281527036,5.381428118,1.18427E+14,6.34589E+13,1.01499E+12,25.09001863,0.820595624,1,0,TRUE
IPOL.JK,2018Q2,General Industrials,0.350658516,0.662594155,4.14203E+12,1.85267E+12,31503795200,31.71509035,1.328892643,1,0,TRUE
ISAT.JK,2018Q2,Telecommunications Service Providers,0.059716461,-1.416860819,4.98575E+13,3.7167E+13,1.02563E+12,1047.850916,-7.664625734,0,0,TRUE
ITMA.JK,2018Q2,"Oil, Gas and Coal",3.939732531,3.949168243,1.84718E+12,4148072500,77376809250,-43.53770775,6.882267442,0,0,TRUE
ITMG.JK,2018Q2,"Oil, Gas and Coal",3.311444926,5.059544639,1.87609E+13,5.88706E+12,7.56933E+11,-18.28996395,18.52887098,0,0,TRUE
JECC.JK,2018Q2,Technology Hardware & Equipment,0.491584916,1.815180486,2.1768E+12,1.49251E+12,40614065000,178.023826,-12.66210727,0,0,TRUE
JIHD.JK,2018Q2,Real Estate Investment and Services Development,0.472925067,-0.033593487,6.73038E+12,3.08869E+12,48485297000,-55.12569355,-6.31852085,1,0,TRUE
JRPT.JK,2018Q2,Real Estate Investment and Services Development,2.041438087,3.45651531,1.03376E+13,4.52692E+12,2.00529E+11,-14.1887627,-5.208442323,1,0,TRUE
KICI.JK,2018Q2,Household Goods and Home Construction,-0.812575076,-1.357233767,1.5222E+11,60420377800,852736310,-1094.032207,-9.729663607,0,0,TRUE
KLBF.JK,2018Q2,Pharmaceuticals and Biotechnology,3.611268571,4.603704648,1.7893E+13,4.55345E+12,4.15763E+11,6.007467631,6.99349946,0,0,TRUE
KMTR.JK,2018Q2,Automobiles and Parts,0.983360415,2.430639528,3.79194E+12,2.32328E+12,39158161350,15.78355624,-3.647162418,1,0,TRUE
KRAH.JK,2018Q2,Industrial Engineering,-1.533928085,-4.767752588,5.98712E+11,3.47268E+11,7567045090,157.9987434,-18.16103969,1,0,TRUE
LION.JK,2018Q2,Industrial Metals and Mining,0.555629973,0.820348735,6.75296E+11,2.28207E+11,8731705610,35.00673864,-12.9231934,1,0,TRUE
LPPF.JK,2018Q2,Retailers,18.11149846,44.70447133,6.71138E+12,2.83956E+12,2.61236E+11,-39.23698604,101.5679931,1,0,TRUE
LSIP.JK,2018Q2,Food Producers,1.150960382,1.401797131,1.02479E+13,1.92248E+12,70072000000,-39.74365937,-25.3443313,0,0,TRUE
LTLS.JK,2018Q2,Chemicals,0.347845085,0.76807877,6.40265E+12,4.6328E+12,49927000000,-20.87769355,-5.54638571,0,0,TRUE
MAPB.JK,2018Q2,Travel and Leisure,1.728504662,2.659821538,1.62131E+12,5.85779E+11,8077000000,-18.05756195,1.252469115,1,0,TRUE
MASA.JK,2018Q2,Automobiles and Parts,0.071903844,0.151637985,9.54914E+12,4.70974E+12,14347001600,-2055.297054,-2.477079331,1,0,TRUE
MBAP.JK,2018Q2,"Oil, Gas and Coal",6.914010902,9.019124896,2.4002E+12,5.63924E+11,1.86714E+11,-42.55484016,-28.3291149,0,0,TRUE
MDKA.JK,2018Q2,Industrial Metals and Mining,1.598163105,3.27879966,9.71673E+12,2.64071E+12,2.12198E+11,-5.508370019,-37.75444413,1,0,TRUE
MFIN.JK,2018Q2,Finance and Credit Services,1.933653954,3.333557,3.43641E+12,1.55851E+12,56432000000,-10.87696257,4.014248527,0,0,TRUE
MICE.JK,2018Q2,"Personal Care, Drug and Grocery Stores",0.744951429,1.021423889,8.57675E+11,2.11568E+11,6216318820,-90.36327554,-2.716403081,0,0,TRUE
MIDI.JK,2018Q2,Retailers,0.653537179,3.501560824,5.04768E+12,4.13182E+12,44572000000,-41.59894592,27.62606857,1,0,TRUE
MIKA.JK,2018Q2,Health Care Providers,3.384065549,4.041384995,4.79145E+12,1.00065E+12,13626063640,-4.732897494,-3.416325808,0,0,TRUE
MLIA.JK,2018Q2,Construction and Materials,0.286327417,0.80855158,5.12952E+12,3.28789E+12,59003265000,-74.44074307,-15.67977406,0,0,TRUE
MMLP.JK,2018Q2,Industrial Support Services,4.181035733,5.010484774,5.36367E+12,1.93526E+12,34716500000,42.77337276,4.642295105,1,0,TRUE
MNCN.JK,2018Q2,Media,2.565581135,3.887275969,1.60888E+13,6.665E+12,3.34283E+11,49.60289342,30.25672742,1,0,TRUE
MSKY.JK,2018Q2,Media,-1.258422416,-2.934896869,4.82162E+12,2.75619E+12,79486000000,234.1485507,5.606072574,1,0,TRUE
MTDL.JK,2018Q2,Technology Hardware & Equipment,1.572968763,3.185549949,4.5336E+12,2.91573E+12,33043000000,-13.39066243,-18.82902413,0,0,TRUE
MTLA.JK,2018Q2,Real Estate Investment and Services Development,2.939594725,5.076851953,5.01233E+12,2.00077E+12,1.07971E+11,-62.90331576,-12.91992914,1,0,TRUE
MYOH.JK,2018Q2,"Oil, Gas and Coal",5.383587608,7.285927533,1.92783E+12,4.51287E+11,1.22782E+11,16.32753461,16.21263957,0,0,TRUE
NRCA.JK,2018Q2,Construction and Materials,0.541688054,1.027309885,2.14824E+12,1.16471E+12,38366193420,84.9166499,-30.75443551,0,0,TRUE
PBRX.JK,2018Q2,Personal Goods,0.648699047,1.99572147,8.77106E+12,4.67216E+12,10017692800,-26.70459449,48.75272811,1,0,TRUE
PBSA.JK,2018Q2,Construction and Materials,3.313430632,4.097122208,6.75987E+11,1.53157E+11,23623837520,-88.62773845,70.37838279,0,0,TRUE
PEGE.JK,2018Q2,Investment Banking and Brokerage Services,3.172610655,4.666655323,3.59712E+11,1.06367E+11,11898484670,-296.4287343,-2644.898591,1,0,TRUE
PGAS.JK,2018Q2,"Gas, Water and Multi-utilities",1.607941097,2.727333981,9.26409E+13,4.4335E+13,1.97988E+12,65.28066935,7.47636951,0,0,TRUE
PGLI.JK,2018Q2,Travel and Leisure,0.912290364,1.377897289,86015272880,23091071910,3436534680,-58.39599846,6.372687105,1,0,TRUE
PKPK.JK,2018Q2,"Oil, Gas and Coal",0.490606419,1.127418517,1.34725E+11,78047730000,212077000,-93.01525739,-56.3504076,0,0,TRUE
PORT.JK,2018Q2,Industrial Transportation,-3.351848449,-7.051689406,2.04131E+12,9.59763E+11,42107552000,65.16124256,-17.80777259,1,0,TRUE
POWR.JK,2018Q2,Electricity,1.331182949,2.704276535,1.84984E+13,9.16355E+12,3.63765E+11,-22.55626244,1.397343687,1,0,TRUE
PRAS.JK,2018Q2,Industrial Metals and Mining,0.230266535,0.490767095,1.72981E+12,8.93527E+11,3466620100,-1252.561923,11.69873318,1,0,TRUE
PTBA.JK,2018Q2,"Oil, Gas and Coal",5.570261095,8.728680712,2.06347E+13,8.70436E+12,1.55367E+12,-6.938382814,-16.91737059,0,0,TRUE
PTIS.JK,2018Q2,General Industrials,0.165039691,0.403594529,5.71164E+11,3.38141E+11,10632301500,-1990.107849,9.595990585,1,0,TRUE
RALS.JK,2018Q2,Retailers,8.605238791,13.05914425,6.10542E+12,2.39507E+12,4.8476E+11,-7934.591961,132.8641966,1,0,TRUE
RIGS.JK,2018Q2,Industrial Transportation,-10.87452302,-16.4655811,1.10222E+12,3.9946E+11,5942148250,-60.94304414,0.284295384,1,0,TRUE
SCCO.JK,2018Q2,Electronic and Electrical Equipment,0.594178314,0.890254903,4.01674E+12,1.47386E+12,93554176510,-24.95135426,-8.841930856,1,0,TRUE
SCMA.JK,2018Q2,Media,7.951942875,11.426787,6.19125E+12,1.95757E+12,4.5653E+11,28.62522312,14.32199833,1,0,TRUE
SCPI.JK,2018Q2,Pharmaceuticals and Biotechnology,2.152857383,7.266375357,1.60684E+12,1.13512E+12,23251399000,-58.10095613,-34.8808006,0,0,TRUE
SIDO.JK,2018Q2,Food Producers,3.595265194,4.21745454,3.49299E+12,7.3978E+11,85716000000,-24.96743673,5.249933156,0,0,TRUE
SMDM.JK,2018Q2,Real Estate Investment and Services Development,0.432626235,0.388527567,3.19544E+12,1.4563E+12,15025514770,-13.47893029,0.681351781,1,0,TRUE
SMGR.JK,2018Q2,Construction and Materials,1.120343099,1.918030367,4.9169E+13,2.01048E+13,1.98742E+11,27.69193912,1.108738861,0,0,TRUE
SMSM.JK,2018Q2,Automobiles and Parts,4.403991215,5.953751548,2.71377E+12,1.02087E+12,1.09745E+11,-12.47126404,1.934920903,1,0,TRUE
SOCI.JK,2018Q2,Industrial Transportation,0.426450842,0.855239111,9.2127E+12,4.1788E+12,75933184000,-34.46862579,10.8473665,1,0,TRUE
SRIL.JK,2018Q2,Personal Goods,3.048362282,8.927161063,1.79842E+13,1.01838E+13,3.98355E+11,18.8400458,45.4761037,1,0,TRUE
SSTM.JK,2018Q2,Personal Goods,2.688294969,7.383037886,5.95027E+11,3.88634E+11,1028656090,-94.23034381,-8.049882747,1,0,TRUE
TBMS.JK,2018Q2,Industrial Metals and Mining,0.600661123,2.703980993,2.38361E+12,1.82032E+12,17310043500,-45.61274836,-1.046935975,1,0,TRUE
TCID.JK,2018Q2,Personal Goods,1.075045414,1.347334953,2.32029E+12,5.1413E+11,57369394800,188.0385322,-9.249465774,1,0,TRUE
TFCO.JK,2018Q2,Chemicals,-0.416210202,-0.461745783,4.62478E+12,5.1722E+11,71151171200,-388.3669673,-17.00305235,0,0,TRUE
TGKA.JK,2018Q2,"Personal Care, Drug and Grocery Stores",2.431623915,7.02370673,3.16369E+12,2.27304E+12,64709037480,-20.96006409,15.67148749,0,0,TRUE
TIFA.JK,2018Q2,Finance and Credit Services,0.499804104,2.366565284,1.54533E+12,1.21257E+12,8276130000,0.100142958,-2.882292771,0,0,TRUE
TKIM.JK,2018Q2,Industrial Materials,3.656215323,9.177083581,4.05339E+13,2.20992E+13,9.39478E+11,375.4938312,2.775658322,1,0,TRUE
TLKM.JK,2018Q2,Telecommunications Service Providers,2.363912277,3.231785769,2.0196E+14,1.08107E+14,7.533E+12,30.4003836,-0.983211205,0,0,TRUE
TOBA.JK,2018Q2,"Oil, Gas and Coal",1.600378938,1.278976759,5.31283E+12,3.01116E+12,3.34819E+11,84.74034327,-24.15686615,0,0,TRUE
TPMA.JK,2018Q2,Industrial Transportation,2.162981009,3.435171656,1.61626E+12,5.9038E+11,60170586750,75.5254821,21.86916681,1,0,TRUE
TRIM.JK,2018Q2,Investment Banking and Brokerage Services,0.810622516,2.01259916,1.93676E+12,1.20277E+12,15452875000,-9.639767826,-2.201956033,1,0,TRUE
TRUS.JK,2018Q2,Investment Banking and Brokerage Services,1.655098809,1.867387349,2.96952E+11,39438639980,4802895160,18.2647516,19.58220151,1,0,TRUE
TSPC.JK,2018Q2,Pharmaceuticals and Biotechnology,1.771240798,2.717831832,7.78613E+12,2.52598E+12,1.4365E+11,46.02368939,1.59770239,0,0,TRUE
TURI.JK,2018Q2,Retailers,2.444396982,4.238015673,5.64663E+12,2.34251E+12,1.48889E+11,-4.411990271,-4.504712199,1,0,TRUE
ULTJ.JK,2018Q2,Food Producers,3.642834922,4.482157616,5.40382E+12,1.08371E+12,1.94034E+11,-2.472814745,1.407447709,0,0,TRUE
UNIC.JK,2018Q2,Chemicals,0.830636072,1.342684717,3.31701E+12,1.08324E+12,73835609600,5.234954816,9.171783159,0,0,TRUE
UNIT.JK,2018Q2,Investment Banking and Brokerage Services,0.024210756,0.040418171,4.28876E+11,2.95041E+11,5200571720,23.74080681,-63.54734687,1,0,TRUE
UNTR.JK,2018Q2,Industrial Engineering,3.537004545,6.037671819,8.88427E+13,3.96055E+13,2.15192E+12,10.60882973,4.854243709,1,0,TRUE
VICO.JK,2018Q2,Investment Banking and Brokerage Services,0.015197612,-0.057815667,3.02802E+13,2.83807E+13,72968155000,-56.47390143,-34.31807061,1,0,TRUE
WAPO.JK,2018Q2,Food Producers,1.345794772,1.901078747,1.03947E+11,37149234750,892046030,-15.12927102,-7.456116731,0,0,TRUE
WINS.JK,2018Q2,Industrial Transportation,-1.080687056,-1.814812049,4.44125E+12,2.01131E+12,34361950500,-196.0164427,0.132013483,1,0,TRUE
WOMF.JK,2018Q2,Finance and Credit Services,0.578475601,4.82765031,9.33073E+12,8.2775E+12,50214000000,0.744153849,5.947196712,0,0,TRUE
WOOD.JK,2018Q2,Household Goods and Home Construction,1.470912378,2.858042349,3.88711E+12,1.85612E+12,52823039160,9.305664245,-6.690354728,0,0,TRUE
WSBP.JK,2018Q2,Construction and Materials,1.228170475,2.383992172,1.47003E+13,6.75284E+12,3.7302E+11,132.8969896,-32.50921891,0,0,TRUE
YPAS.JK,2018Q2,Chemicals,-1.526168284,-3.703404027,3.04634E+11,1.77157E+11,3983044060,-69.2582595,-9.43032895,0,0,TRUE
