Firm,Period,Code,ICB Sector,ROA,ROE,Treated,After,TA,Total Liabilities,FCF,OI_GROWTH,REV_GROWTH
AALI.JK,2020Q2,AALI.JK2020Q2,Food Producers,0.093413644,0.110357465,0,1,2.92186E+13,1.03223E+13,5.13882E+11,7.205318793,13.306072
ACES.JK,2020Q2,ACES.JK2020Q2,Retailers,3.576190336,5.148362188,1,1,6.64181E+12,1.01851E+12,3.21552E+11,-0.023959241,4.434520763
ADES.JK,2020Q2,ADES.JK2020Q2,Beverages,2.248704831,3.126127812,0,1,8.45976E+11,2.54438E+11,43717000000,0.835173734,4.077619122
ADMF.JK,2020Q2,ADMF.JK2020Q2,Finance and Credit Services,0.230515734,1.026339636,0,1,3.47979E+13,2.73249E+13,5.28552E+11,0.08686108,6.194665652
ALDO.JK,2020Q2,ALDO.JK2020Q2,Household Goods and Home Construction,1.529189215,2.378251671,0,1,9.38793E+11,5.09049E+11,23265172390,-0.362784091,3.474614206
AMRT.JK,2020Q2,AMRT.JK2020Q2,"Personal Care, Drug and Grocery Stores",0.565764741,2.079482329,0,1,3.01789E+13,1.72954E+13,3.24554E+11,0.205587162,15.66835536
APIC.JK,2020Q2,APIC.JK2020Q2,Investment Banking and Brokerage Services,0.274526224,0.522110558,1,1,4.17216E+12,1.88631E+12,25320228870,0.730515169,383.599174
ASGR.JK,2020Q2,ASGR.JK2020Q2,Technology Hardware & Equipment,0.705196461,1.161641181,0,1,2.68021E+12,1.05464E+12,56140000000,-0.698463833,-2.804439564
ASII.JK,2020Q2,ASII.JK2020Q2,Automobiles and Parts,2.097368577,4.274093837,1,1,3.6674E+14,2.12159E+14,8.053E+12,-0.170957478,-9.403258007
ASSA.JK,2020Q2,ASSA.JK2020Q2,Consumer Services,-0.165937697,0.664331958,1,1,5.11113E+12,3.88599E+12,1.5947E+11,0.046553576,37.93087779
BAYU.JK,2020Q2,BAYU.JK2020Q2,Travel and Leisure,-1.300081118,-2.276112016,1,1,7.54262E+11,3.81466E+11,19888014360,-0.016272349,-15.10995999
BBLD.JK,2020Q2,BBLD.JK2020Q2,Finance and Credit Services,-0.0558596,-0.227960425,0,1,5.01277E+12,3.84392E+12,18022000000,0.069356939,0.506274056
BFIN.JK,2020Q2,BFIN.JK2020Q2,Investment Banking and Brokerage Services,0.022606467,0.067099105,1,1,1.96778E+13,1.33722E+13,3.20769E+11,-0.031368672,9.589334467
BIPI.JK,2020Q2,BIPI.JK2020Q2,"Oil, Gas and Coal",0.550716995,2.296948004,0,1,1.86499E+13,1.34169E+13,1.36476E+11,-0.081170921,42.95090389
BISI.JK,2020Q2,BISI.JK2020Q2,Food Producers,2.455600763,2.937051489,0,1,2.88887E+12,5.48393E+11,24483000000,-0.655416845,-27.61008411
BLTA.JK,2020Q2,BLTA.JK2020Q2,Industrial Transportation,2.589568616,5.590901446,1,1,1.10481E+12,5.10231E+11,4949746800,5.888993032,-11.07180891
BMSR.JK,2020Q2,BMSR.JK2020Q2,Real Estate Investment and Services Development,-1.888603139,-8.746390485,1,1,7.56984E+11,4.71607E+11,1222667780,-0.494026327,-10.8674487
BMTR.JK,2020Q2,BMTR.JK2020Q2,Media,2.490825441,3.732912561,1,1,3.05612E+13,1.90866E+13,7.30273E+11,0.255672552,0.138102116
BPFI.JK,2020Q2,BPFI.JK2020Q2,Investment Banking and Brokerage Services,0.231099563,0.474473201,1,1,1.82749E+12,9.89771E+11,19181059250,-0.096395917,7.516284559
BPII.JK,2020Q2,BPII.JK2020Q2,Industrial Support Services,0.691999788,1.501798761,1,1,2.62638E+12,1.66436E+12,39067191280,-0.173968028,7.97261724
BPTR.JK,2020Q2,BPTR.JK2020Q2,Industrial Transportation,0.04330612,0.10302464,1,1,5.33203E+11,3.12499E+11,15154445950,-0.080150765,2.431314126
BSDE.JK,2020Q2,BSDE.JK2020Q2,Real Estate Investment and Services Development,-0.538147555,-1.216916334,1,1,6.01053E+13,2.53136E+13,2.46894E+11,0.150664067,-8.209811695
BUKK.JK,2020Q2,BUKK.JK2020Q2,Construction and Materials,2.110012701,3.879724815,0,1,4.80363E+12,2.24364E+12,1.44299E+11,-0.351030677,-37.8762675
BYAN.JK,2020Q2,BYAN.JK2020Q2,"Oil, Gas and Coal",2.588452261,5.929446344,0,1,2.21345E+13,1.33647E+13,5.99544E+11,-0.47389142,2.243034108
CAMP.JK,2020Q2,CAMP.JK2020Q2,Food Producers,0.305404043,0.345890332,0,1,1.07688E+12,1.29834E+11,7071881370,-0.406298223,-3.921782666
CFIN.JK,2020Q2,CFIN.JK2020Q2,Finance and Credit Services,0.082650493,0.198655354,0,1,1.18766E+13,7.09014E+12,93887370000,0.054484956,7.222956344
CLPI.JK,2020Q2,CLPI.JK2020Q2,Chemicals,0.463878089,0.686655378,0,1,7.12009E+11,2.2062E+11,8225019650,0.555779533,-0.752559048
CPIN.JK,2020Q2,CPIN.JK2020Q2,Food Producers,2.32672106,3.269504904,0,1,3.07515E+13,8.2265E+12,6.28808E+11,-0.023736993,-30.66905371
CTBN.JK,2020Q2,CTBN.JK2020Q2,Industrial Metals and Mining,0.955918994,1.357273063,1,1,2.50433E+12,8.33091E+11,18745163000,0.096219887,-9.472646769
CTRA.JK,2020Q2,CTRA.JK2020Q2,Real Estate Investment and Services Development,-0.058586788,-0.054091247,1,1,3.78701E+13,2.08435E+13,7.96291E+11,0.175846607,-8.312645895
DILD.JK,2020Q2,DILD.JK2020Q2,Real Estate Investment and Services Development,0.0001501,0.102303304,1,1,1.59278E+13,8.58181E+12,3.55063E+11,4.291912794,-6.428385273
DLTA.JK,2020Q2,DLTA.JK2020Q2,Beverages,-0.54873104,-0.617467612,0,1,1.44628E+12,2.16459E+11,98181193000,-0.057777938,-32.50233739
DMAS.JK,2020Q2,DMAS.JK2020Q2,Real Estate Investment and Services Development,0.348766821,0.43018856,1,1,7.6598E+12,1.2227E+12,58721224450,-1.973027874,1590.009982
DSFI.JK,2020Q2,DSFI.JK2020Q2,Food Producers,-2.093608652,-4.199021225,0,1,3.96237E+11,1.94601E+11,4183805660,0.691462271,-35.42228947
DSNG.JK,2020Q2,DSNG.JK2020Q2,Construction and Materials,0.821271894,2.674498953,0,1,1.20068E+13,7.97458E+12,1.94773E+11,-0.099214898,15.92798147
DSSA.JK,2020Q2,DSSA.JK2020Q2,Electricity,0.425528311,0.663534128,1,1,5.79734E+13,3.09986E+13,4.64696E+11,2.513290142,6.042710682
DUTI.JK,2020Q2,DUTI.JK2020Q2,Real Estate Investment and Services Development,0.321069245,0.300782273,1,1,1.37666E+13,5.06948E+12,5.19691E+11,0.658998806,-25.20884588
EKAD.JK,2020Q2,EKAD.JK2020Q2,Chemicals,1.694572904,1.927592586,0,1,1.01299E+12,1.4479E+11,13694993500,0.008475613,-2.785367876
EPMT.JK,2020Q2,EPMT.JK2020Q2,Pharmaceuticals and Biotechnology,1.628602339,2.346797249,0,1,9.60889E+12,3.35155E+12,1.41565E+11,0.206601623,9.115641886
ERAA.JK,2020Q2,ERAA.JK2020Q2,Retailers,0.147783565,0.217444463,1,1,9.94369E+12,5.00797E+12,35745881000,0.209990117,9.583957938
ESSA.JK,2020Q2,ESSA.JK2020Q2,"Oil, Gas and Coal",-1.475568127,-4.279567331,0,1,1.47052E+13,9.82511E+12,88016133600,-0.73749629,24.13333025
ESTI.JK,2020Q2,ESTI.JK2020Q2,Industrial Materials,0.464290809,2.00380456,1,1,9.42049E+11,7.26204E+11,5482179000,-0.768641578,16.66886271
FAST.JK,2020Q2,FAST.JK2020Q2,Travel and Leisure,-4.408888187,-10.07247444,1,1,3.62033E+12,1.74511E+12,35001532000,-0.470624842,-0.828182986
GEMA.JK,2020Q2,GEMA.JK2020Q2,Household Goods and Home Construction,-0.289366091,0.072307816,0,1,9.1987E+11,5.75955E+11,4534172050,0.329444481,-8.054190733
GGRM.JK,2020Q2,GGRM.JK2020Q2,Tobacco,1.761928732,2.541772029,1,1,7.68286E+13,2.34513E+13,1.39807E+12,0.002764475,4.062987384
GPRA.JK,2020Q2,GPRA.JK2020Q2,Real Estate Investment and Services Development,-0.571854334,-0.795405769,1,1,1.70592E+12,7.41496E+11,20064635390,0.525749127,-30.35902653
GWSA.JK,2020Q2,GWSA.JK2020Q2,Real Estate Investment and Services Development,0.076588345,0.119078797,1,1,7.63402E+12,7.30965E+11,55955175170,-0.819672858,-41.13903724
HEXA.JK,2020Q2,HEXA.JK2020Q2,Industrial Engineering,3.024150732,4.304801934,1,1,4.33617E+12,1.42944E+12,24857500000,-0.537095716,-18.20277118
HMSP.JK,2020Q2,HMSP.JK2020Q2,Tobacco,2.974695127,4.764816072,1,1,6.33E+13,2.42324E+13,3.4858E+12,0.014412838,-0.490487039
HRTA.JK,2020Q2,HRTA.JK2020Q2,Personal Goods,1.651083187,3.319258931,1,1,2.33634E+12,1.10035E+12,30737925420,0.62732213,9.129097872
HRUM.JK,2020Q2,HRUM.JK2020Q2,"Oil, Gas and Coal",4.79728938,6.553607391,0,1,7.25989E+12,2.18199E+12,69475979000,-0.511923891,-2.769138982
IGAR.JK,2020Q2,IGAR.JK2020Q2,General Industrials,2.851005776,3.40754937,1,1,6.56351E+11,2.32869E+11,6351735070,0.793986126,-6.511154688
INDR.JK,2020Q2,INDR.JK2020Q2,Personal Goods,-0.421193086,-0.866199477,1,1,1.28027E+13,6.67789E+12,1.21464E+11,-0.725587712,2.348638313
INDS.JK,2020Q2,INDS.JK2020Q2,Automobiles and Parts,-0.583110652,-0.644625767,1,1,2.8934E+12,2.74841E+11,50640910570,119.6876977,-7.845334207
INDY.JK,2020Q2,INDY.JK2020Q2,"Oil, Gas and Coal",0.058023228,-0.111714634,0,1,5.73891E+13,4.40999E+13,47593392000,-1.535643772,4.828819425
INKP.JK,2020Q2,INKP.JK2020Q2,Industrial Materials,0.286970872,0.570502143,1,1,1.36696E+14,6.24175E+13,1.2688E+12,-0.386101173,15.15926362
INPS.JK,2020Q2,INPS.JK2020Q2,Industrial Transportation,-0.978499542,-3.46035797,1,1,4.72382E+11,3.38977E+11,8195668000,0.717727103,-24.42810134
INTP.JK,2020Q2,INTP.JK2020Q2,Construction and Materials,0.255782002,0.296026257,0,1,2.73816E+13,3.89892E+12,5.08949E+11,-0.021922164,-9.912273934
IPOL.JK,2020Q2,IPOL.JK2020Q2,General Industrials,0.527896332,0.822560188,1,1,4.47085E+12,1.67225E+12,49645290000,-0.258044422,7.799735222
ITMA.JK,2020Q2,ITMA.JK2020Q2,"Oil, Gas and Coal",2.267968908,2.272204157,0,1,2.41059E+12,505911900,63272012700,-0.202825548,14.50649807
ITMG.JK,2020Q2,ITMG.JK2020Q2,"Oil, Gas and Coal",1.141406246,1.663054536,0,1,2.01984E+13,5.99558E+12,4.44208E+11,-0.115732101,-7.514439241
JIHD.JK,2020Q2,JIHD.JK2020Q2,Real Estate Investment and Services Development,-1.180037795,-1.311898692,1,1,6.87133E+12,3.2032E+12,38947669000,-1.650071629,-2.219791252
JRPT.JK,2020Q2,JRPT.JK2020Q2,Real Estate Investment and Services Development,1.713650313,2.751643087,1,1,1.15367E+13,4.36444E+12,1.94953E+11,-0.076190162,-2.023773287
KDSI.JK,2020Q2,KDSI.JK2020Q2,Household Goods and Home Construction,0.864123163,1.760226418,0,1,1.27089E+12,6.48239E+11,29040735720,-0.346119839,-11.17343863
KICI.JK,2020Q2,KICI.JK2020Q2,Household Goods and Home Construction,-0.354714952,-0.653985012,0,1,1.60149E+11,65463957070,7576290,-0.272901216,23.1314856
KLBF.JK,2020Q2,KLBF.JK2020Q2,Pharmaceuticals and Biotechnology,3.306642516,4.382426597,0,1,2.21322E+13,5.69472E+12,4.54104E+11,0.142153187,8.016085503
MAPB.JK,2020Q2,MAPB.JK2020Q2,Travel and Leisure,-3.720448364,-8.852787318,1,1,2.68387E+12,1.51241E+12,93076000000,-1.652529696,-3.050071228
MARI.JK,2020Q2,MARI.JK2020Q2,Media,2.779297348,4.392853882,1,1,3.41202E+11,1.20158E+11,4999331150,-0.082539727,3.476622417
MBAP.JK,2020Q2,MBAP.JK2020Q2,"Oil, Gas and Coal",4.105589606,5.536949164,0,1,3.60582E+12,9.91357E+11,2.89369E+11,1.851655029,18.67608497
MFIN.JK,2020Q2,MFIN.JK2020Q2,Finance and Credit Services,0.328344009,0.660635642,0,1,4.91819E+12,2.55024E+12,1.06078E+11,0.224853885,23.40209395
MIDI.JK,2020Q2,MIDI.JK2020Q2,Retailers,1.097129553,4.843183442,1,1,5.56843E+12,3.76982E+12,18664000000,-0.232122177,19.7839111
MIKA.JK,2020Q2,MIKA.JK2020Q2,Health Care Providers,1.667374521,2.059041426,0,1,5.80481E+12,1.3304E+12,1.85639E+11,0.072520125,8.709110054
MMLP.JK,2020Q2,MMLP.JK2020Q2,Industrial Support Services,0.727364484,-0.278752814,1,1,6.68774E+12,2.63719E+12,24931247000,0.203587425,8.448538495
MNCN.JK,2020Q2,MNCN.JK2020Q2,Media,3.67548235,5.311046109,1,1,1.833E+13,6.63041E+12,2.87401E+11,0.056574946,6.861963946
MSKY.JK,2020Q2,MSKY.JK2020Q2,Media,-1.152034888,-1.798164061,1,1,4.29503E+12,1.60143E+12,1.40708E+11,-1.341939358,-13.50462306
MTDL.JK,2020Q2,MTDL.JK2020Q2,Technology Hardware & Equipment,1.712376677,2.829289561,0,1,5.15534E+12,2.96223E+12,1.22307E+11,0.165182376,4.936635859
MYOH.JK,2020Q2,MYOH.JK2020Q2,"Oil, Gas and Coal",9.644731551,12.40137152,0,1,2.27041E+12,5.26942E+11,1.40596E+11,-0.232463756,-6.716179865
NFCX.JK,2020Q2,NFCX.JK2020Q2,Software & Computer Services,1.040163718,1.050007801,1,1,1.43198E+12,9.4007E+11,11576499970,-0.177480145,143.134225
NIPS.JK,2020Q2,NIPS.JK2020Q2,Electronic and Electrical Equipment,0.642446016,1.345758207,1,1,1.78386E+12,9.47138E+11,12688353000,0.177037585,-7.39618661
PBID.JK,2020Q2,PBID.JK2020Q2,General Industrials,3.383827775,4.585523783,1,1,2.38958E+12,6.63022E+11,47482360000,0.006204499,-18.74186949
PBRX.JK,2020Q2,PBRX.JK2020Q2,Personal Goods,1.89385644,3.793859645,1,1,1.01666E+13,5.58485E+12,81378717600,0.646200276,23.40892945
PGAS.JK,2020Q2,PGAS.JK2020Q2,"Gas, Water and Multi-utilities",-0.368704207,-1.607570299,0,1,1.2936E+14,6.68023E+13,8.87026E+11,-0.002494985,16.27319627
POWR.JK,2020Q2,POWR.JK2020Q2,Electricity,2.504863396,4.886548187,1,1,2.11433E+13,9.23256E+12,99264763200,0.104690253,2.899002726
PPRE.JK,2020Q2,PPRE.JK2020Q2,Construction and Materials,0.143997491,0.219077533,0,1,7.29845E+12,5.05973E+12,53178747180,-0.507635957,-36.33425348
PTBA.JK,2020Q2,PTBA.JK2020Q2,"Oil, Gas and Coal",1.432452631,2.169416364,0,1,2.77286E+13,7.83978E+12,8.51194E+11,-0.159524625,-4.018687771
PTIS.JK,2020Q2,PTIS.JK2020Q2,General Industrials,0.003001754,0.006432051,1,1,5.74611E+11,3.03462E+11,10051558000,0.19159561,11.27728872
PYFA.JK,2020Q2,PYFA.JK2020Q2,Pharmaceuticals and Biotechnology,0.654998117,1.025417073,0,1,2.0505E+11,66060214690,4400044570,0.01431844,23.8428207
RALS.JK,2020Q2,RALS.JK2020Q2,Retailers,-0.141167241,-0.189889276,1,1,5.77719E+12,1.58879E+12,42905000000,-1.215253517,-12.41984146
RANC.JK,2020Q2,RANC.JK2020Q2,"Personal Care, Drug and Grocery Stores",2.331276089,5.365417269,0,1,1.29241E+12,7.54234E+11,10627659850,2.035848221,33.17630343
RIGS.JK,2020Q2,RIGS.JK2020Q2,Industrial Transportation,-1.023625581,-1.17108708,1,1,8.74429E+11,1.44152E+11,50055444000,-6.540196052,-25.22215673
RIMO.JK,2020Q2,RIMO.JK2020Q2,Retailers,0.097870048,-0.097174898,1,1,6.40833E+12,1.6289E+12,19650325010,-0.561522556,101.8516263
SCCO.JK,2020Q2,SCCO.JK2020Q2,Electronic and Electrical Equipment,0.713109126,0.896168918,1,1,4.13658E+12,1.24457E+12,73147828670,0.028029802,1.250000125
SCMA.JK,2020Q2,SCMA.JK2020Q2,Media,3.932034089,5.66142572,1,1,7.18791E+12,1.99635E+12,3.20968E+11,-0.024982642,-1.485205311
SCPI.JK,2020Q2,SCPI.JK2020Q2,Pharmaceuticals and Biotechnology,2.343129822,5.735927057,0,1,1.78125E+12,1.07816E+12,89024742000,1.022155658,92.41816606
SHIP.JK,2020Q2,SHIP.JK2020Q2,Industrial Transportation,2.204141314,4.343279034,1,1,3.88111E+12,2.16603E+12,1.0868E+11,-0.043573267,13.69151406
SIDO.JK,2020Q2,SIDO.JK2020Q2,Food Producers,5.076667973,5.718821149,0,1,3.73604E+12,4.39715E+11,2.29889E+11,0.097270424,2.387494623
SIPD.JK,2020Q2,SIPD.JK2020Q2,Food Producers,-0.769507683,-2.001709402,0,1,2.4247E+12,1.55458E+12,29637000000,0.962765526,22.18803794
SKLT.JK,2020Q2,SKLT.JK2020Q2,Food Producers,0.659322356,1.349172149,0,1,8.05409E+11,4.09886E+11,7036522710,0.078089634,6.988791106
SMDM.JK,2020Q2,SMDM.JK2020Q2,Real Estate Investment and Services Development,0.023987695,-0.191348509,1,1,3.21402E+12,1.4355E+12,6203779820,-0.75203038,-23.15210954
SMGR.JK,2020Q2,SMGR.JK2020Q2,Construction and Materials,0.229617468,0.505147985,0,1,7.92839E+13,4.62805E+13,8.50687E+11,0.166738664,5.573454653
SMSM.JK,2020Q2,SMSM.JK2020Q2,Automobiles and Parts,2.67877168,3.914429858,1,1,3.49985E+12,1.27731E+12,1.36391E+11,8.9515E-05,-9.855667233
SRIL.JK,2020Q2,SRIL.JK2020Q2,Personal Goods,1.794266189,4.645889814,1,1,2.16424E+13,1.23459E+13,2.64528E+11,0.156018123,2.550400568
TBMS.JK,2020Q2,TBMS.JK2020Q2,Industrial Metals and Mining,1.342735991,3.566432318,1,1,2.24903E+12,1.46135E+12,1533341000,-0.874725872,-5.312084886
TCID.JK,2020Q2,TCID.JK2020Q2,Personal Goods,-2.512557829,-3.100722903,1,1,2.55066E+12,5.32049E+11,52299440490,1.729751668,-21.72059725
TELE.JK,2020Q2,TELE.JK2020Q2,Telecommunications Equipment,-97.74862958,-451.5529067,0,1,9.22619E+12,4.50688E+12,1.22846E+11,-0.252069778,-14.00206594
TGKA.JK,2020Q2,TGKA.JK2020Q2,"Personal Care, Drug and Grocery Stores",3.437693244,8.091860098,0,1,3.64321E+12,1.60388E+12,1.1877E+11,0.044046824,-18.17277785
TIFA.JK,2020Q2,TIFA.JK2020Q2,Finance and Credit Services,0.63308871,1.890922517,0,1,1.19041E+12,8.13033E+11,7281612000,-0.253007503,-16.10398008
TKIM.JK,2020Q2,TKIM.JK2020Q2,Industrial Materials,-2.153729449,-4.419439165,1,1,5.02685E+13,2.32769E+13,4.02478E+11,-0.84338564,-0.289735949
TOBA.JK,2020Q2,TOBA.JK2020Q2,"Oil, Gas and Coal",0.660268698,0.554345029,0,1,1.18676E+13,5.89549E+12,1.40602E+11,-0.129048776,74.24327215
TPMA.JK,2020Q2,TPMA.JK2020Q2,Industrial Transportation,0.38735715,0.53490117,1,1,1.80908E+12,5.00914E+11,49309130000,0.279445013,46.89568122
TRIM.JK,2020Q2,TRIM.JK2020Q2,Investment Banking and Brokerage Services,0.091144262,0.296345738,1,1,3.16101E+12,2.30532E+12,2359760000,-0.45181999,-16.13579337
TRUS.JK,2020Q2,TRUS.JK2020Q2,Investment Banking and Brokerage Services,0.450674149,0.49582145,1,1,3.17302E+11,28247584110,5137757520,-0.014664226,14.47470681
TURI.JK,2020Q2,TURI.JK2020Q2,Retailers,-0.301705065,-0.447219213,1,1,6.3463E+12,2.27972E+12,1.70535E+11,-0.095082002,-11.17539471
ULTJ.JK,2020Q2,ULTJ.JK2020Q2,Food Producers,1.716872151,1.972088892,0,1,7.13281E+12,1.14861E+12,3.73552E+11,0.53498581,12.96604854
UNIT.JK,2020Q2,UNIT.JK2020Q2,Investment Banking and Brokerage Services,0.019198749,0.070006035,1,1,4.18717E+11,2.8478E+11,5330999000,-0.016834417,-22.45411496
UNTR.JK,2020Q2,UNTR.JK2020Q2,Industrial Engineering,2.093300745,3.674019796,1,1,1.14909E+14,5.18103E+13,3.29476E+12,-0.30213933,-19.04101298
WAPO.JK,2020Q2,WAPO.JK2020Q2,Food Producers,-1.352630908,-1.513632924,0,1,90601740550,29507000690,92594770,-1.241902121,386.9818124
WINS.JK,2020Q2,WINS.JK2020Q2,Industrial Transportation,-1.906941166,-2.948777703,1,1,3.97088E+12,1.75583E+12,67369856000,-1.876208957,20.46370379
WOMF.JK,2020Q2,WOMF.JK2020Q2,Finance and Credit Services,0.175077172,1.097457741,0,1,8.16609E+12,6.98105E+12,42131000000,-0.016679006,-0.155384482
WOOD.JK,2020Q2,WOOD.JK2020Q2,Household Goods and Home Construction,1.002514351,2.031848488,0,1,5.67208E+12,2.82701E+12,51503836370,-0.088511232,-2.209544575
WTON.JK,2020Q2,WTON.JK2020Q2,Construction and Materials,-0.400607199,-1.130183626,0,1,9.6201E+12,6.90018E+12,2.43198E+11,-0.011997884,-9.864944372
AALI.JK,2019Q2,AALI.JK2019Q2,Food Producers,0.050227578,0.033592246,0,0,2.69001E+13,7.90571E+12,73581000000,-0.846954042,-4.802090511
ACES.JK,2019Q2,ACES.JK2019Q2,Retailers,4.205699787,5.47606836,1,0,5.85757E+12,1.05296E+12,2.51075E+11,0.395575324,21.01813053
ADES.JK,2019Q2,ADES.JK2019Q2,Beverages,1.523491099,2.608307209,0,0,8.65873E+11,3.99361E+11,27235000000,0.106819848,1.012289062
ADMF.JK,2019Q2,ADMF.JK2019Q2,Finance and Credit Services,1.455344315,7.180789784,0,0,3.31961E+13,2.66258E+13,4.6835E+11,0.801892393,9.524302332
ALDO.JK,2019Q2,ALDO.JK2019Q2,Household Goods and Home Construction,1.590222368,3.112086379,0,0,9.10041E+11,5.3853E+11,33257970790,6.658351524,-1.177049612
AMRT.JK,2019Q2,AMRT.JK2019Q2,"Personal Care, Drug and Grocery Stores",0.904854751,3.256828614,0,0,2.31352E+13,1.63095E+13,3.19291E+11,0.247311876,13.90231964
APIC.JK,2019Q2,APIC.JK2019Q2,Investment Banking and Brokerage Services,1.3862453,2.49949449,1,0,2.977E+12,1.23194E+12,15535927000,-0.184019468,18.94604798
ASGR.JK,2019Q2,ASGR.JK2019Q2,Technology Hardware & Equipment,1.334122664,2.090834464,0,0,2.39094E+12,8.80542E+11,63681000000,-0.291884927,15.84124809
ASII.JK,2019Q2,ASII.JK2019Q2,Automobiles and Parts,1.593431759,3.262716987,1,0,3.57116E+14,2.15319E+14,5.712E+12,0.151565623,6.780480814
ASSA.JK,2019Q2,ASSA.JK2019Q2,Consumer Services,0.354673371,2.19008288,1,0,4.41022E+12,3.29438E+12,58783448150,-0.075615141,12.82790009
BAYU.JK,2019Q2,BAYU.JK2019Q2,Travel and Leisure,1.333613006,2.362936796,1,0,7.88602E+11,3.57462E+11,15304087290,0.371165565,9.057827976
BBLD.JK,2019Q2,BBLD.JK2019Q2,Finance and Credit Services,0.318769344,1.377831336,0,0,5.13207E+12,3.84199E+12,3779000000,0.182554691,12.93582069
BFIN.JK,2019Q2,BFIN.JK2019Q2,Investment Banking and Brokerage Services,1.918747726,5.592924377,1,0,1.84622E+13,1.19346E+13,3.35682E+11,-0.007702921,5.922730728
BIPI.JK,2019Q2,BIPI.JK2019Q2,"Oil, Gas and Coal",1.892157659,7.343324922,0,0,2.03182E+13,1.41489E+13,3.85603E+11,-0.177878948,735.9641921
BISI.JK,2019Q2,BISI.JK2019Q2,Food Producers,0.464021257,0.570636511,0,0,2.85347E+12,4.68733E+11,79569000000,1.521110825,14.74027976
BLTA.JK,2019Q2,BLTA.JK2019Q2,Industrial Transportation,0.138908802,0.336948862,1,0,1.02515E+12,6.09223E+11,23125493750,-0.801136332,-12.79174702
BMSR.JK,2019Q2,BMSR.JK2019Q2,Real Estate Investment and Services Development,-0.31350438,-1.20820414,1,0,5.5904E+11,4.50698E+11,1664702740,2.366717703,-1.819093812
BMTR.JK,2019Q2,BMTR.JK2019Q2,Media,1.92983822,3.251325106,1,0,2.90995E+13,1.94704E+13,8.86923E+11,0.221500995,12.97411123
BPFI.JK,2019Q2,BPFI.JK2019Q2,Investment Banking and Brokerage Services,1.091532355,2.361685296,1,0,1.71191E+12,9.19559E+11,22693164220,-0.005146493,-8.703493254
BPII.JK,2019Q2,BPII.JK2019Q2,Industrial Support Services,3.045380754,6.113188739,1,0,6.86081E+11,79323952460,39317431160,3.358185529,273.4259881
BPTR.JK,2019Q2,BPTR.JK2019Q2,Industrial Transportation,0.549468894,1.409771774,1,0,5.27283E+11,3.25678E+11,3499754720,0.528360131,56.7947363
BSDE.JK,2019Q2,BSDE.JK2019Q2,Real Estate Investment and Services Development,2.905582431,5.343769609,1,0,5.25031E+13,2.59918E+13,3.90245E+11,-0.774835078,-4.246134864
BUKK.JK,2019Q2,BUKK.JK2019Q2,Construction and Materials,1.537555844,3.245968136,0,0,4.5796E+12,2.43349E+12,1.98982E+11,1.106034767,121.5636097
BYAN.JK,2019Q2,BYAN.JK2019Q2,"Oil, Gas and Coal",7.698277481,14.50618326,0,0,1.7097E+13,6.35083E+12,1.10511E+12,-0.342010396,-7.345573106
CAMP.JK,2019Q2,CAMP.JK2019Q2,Food Producers,1.319595488,1.521595325,0,0,1.01648E+12,1.12966E+11,24906804370,-0.374858206,0.662184709
CFIN.JK,2019Q2,CFIN.JK2019Q2,Finance and Credit Services,0.689538179,1.835266316,0,0,1.16395E+13,7.21273E+12,74557608000,0.063306016,12.88381885
CLPI.JK,2019Q2,CLPI.JK2019Q2,Chemicals,0.633669899,0.951544609,0,0,6.79924E+11,2.55464E+11,13612320630,1.181463129,26.91374008
CPIN.JK,2019Q2,CPIN.JK2019Q2,Food Producers,3.202589388,4.652920261,0,0,2.85779E+13,8.3515E+12,7.47541E+11,0.662697783,21.93274069
CTBN.JK,2019Q2,CTBN.JK2019Q2,Industrial Metals and Mining,0.605628138,0.984123543,1,0,2.32941E+12,9.04602E+11,31069168650,-2.593113267,91.59163467
CTRA.JK,2019Q2,CTRA.JK2019Q2,Real Estate Investment and Services Development,0.065420669,0.091389589,1,0,3.44457E+13,1.99152E+13,5.52068E+11,0.482482685,21.29425162
DILD.JK,2019Q2,DILD.JK2019Q2,Real Estate Investment and Services Development,-0.183575757,-0.659008375,1,0,1.41164E+13,8.37369E+12,75947538900,0.827678872,25.15944586
DLTA.JK,2019Q2,DLTA.JK2019Q2,Beverages,3.46242245,4.644689817,0,0,1.6009E+12,2.43477E+11,1.05316E+11,0.030804277,1.005115867
DMAS.JK,2019Q2,DMAS.JK2019Q2,Real Estate Investment and Services Development,7.889014003,8.827635929,1,0,8.20273E+12,1.00955E+12,13275932460,0.748341507,-47.96965926
DSFI.JK,2019Q2,DSFI.JK2019Q2,Food Producers,0.857481994,1.822630464,0,0,3.95831E+11,2.22871E+11,5226132610,0.466573324,-5.110951183
DSNG.JK,2019Q2,DSNG.JK2019Q2,Construction and Materials,0.0198857,0.09113767,0,0,1.14846E+13,8.1677E+12,45764000000,-0.187908481,42.43287449
DSSA.JK,2019Q2,DSSA.JK2019Q2,Electricity,0.236385259,0.390627118,1,0,5.09074E+13,2.87789E+13,1.54541E+12,-0.813840775,13.49862027
DUTI.JK,2019Q2,DUTI.JK2019Q2,Real Estate Investment and Services Development,2.070969739,3.011429538,1,0,1.29039E+13,5.03673E+12,2.98234E+11,0.267097428,-17.67328475
EKAD.JK,2019Q2,EKAD.JK2019Q2,Chemicals,1.294645358,1.413032011,0,0,8.86299E+11,1.52886E+11,22638591450,0.188161535,2.31032697
EPMT.JK,2019Q2,EPMT.JK2019Q2,Pharmaceuticals and Biotechnology,2.183974358,3.089941089,0,0,8.70633E+12,2.78268E+12,66664694860,0.035808016,7.903023899
ERAA.JK,2019Q2,ERAA.JK2019Q2,Retailers,0.579315559,1.317903389,1,0,1.22889E+13,7.55153E+12,23709852000,-0.468091198,-13.96444205
ESSA.JK,2019Q2,ESSA.JK2019Q2,"Oil, Gas and Coal",-0.208465469,-0.288469654,0,0,1.32882E+13,1.0403E+13,7.72982E+11,4.885934293,342.286141
ESTI.JK,2019Q2,ESTI.JK2019Q2,Industrial Materials,0.32030324,1.211065232,1,0,8.98565E+11,6.63072E+11,12660466650,-3.150061744,-22.60932865
FAST.JK,2019Q2,FAST.JK2019Q2,Travel and Leisure,3.353675404,6.831680641,1,0,3.14059E+12,1.4492E+12,1.094E+11,1.469686617,14.78436815
GEMA.JK,2019Q2,GEMA.JK2019Q2,Household Goods and Home Construction,0.118175233,0.257232098,0,0,1.06374E+12,5.61055E+11,3455909770,-0.050910852,-0.640878912
GGRM.JK,2019Q2,GGRM.JK2019Q2,Tobacco,2.909721231,4.19077376,1,0,6.56606E+13,1.81721E+13,1.91802E+12,0.222343775,19.17917418
GPRA.JK,2019Q2,GPRA.JK2019Q2,Real Estate Investment and Services Development,0.403128435,0.320975637,1,0,1.53645E+12,5.66565E+11,11228468220,1.880821901,30.02017019
GWSA.JK,2019Q2,GWSA.JK2019Q2,Real Estate Investment and Services Development,0.325246844,0.360367011,1,0,7.49078E+12,7.29885E+11,1.1103E+11,3.556583181,38.55538517
HEXA.JK,2019Q2,HEXA.JK2019Q2,Industrial Engineering,2.632902394,5.218627131,1,0,4.92976E+12,2.51993E+12,1.90885E+11,0.923947175,45.51266912
HMSP.JK,2019Q2,HMSP.JK2019Q2,Tobacco,6.98967116,10.37859929,1,0,5.65872E+13,1.7927E+13,3.18653E+12,0.044913069,2.893302266
HRTA.JK,2019Q2,HRTA.JK2019Q2,Personal Goods,2.668012868,4.018552289,1,0,1.58209E+12,4.44326E+11,22674775010,0.375582104,5.83793787
HRUM.JK,2019Q2,HRUM.JK2019Q2,"Oil, Gas and Coal",1.637570718,2.036924736,0,0,6.33881E+12,1.94E+12,1.26354E+11,-0.607013492,-14.11723967
IGAR.JK,2019Q2,IGAR.JK2019Q2,General Industrials,2.23650432,2.635995259,1,0,5.9547E+11,2.24075E+11,4275123270,-0.379852787,1.799455859
INDR.JK,2019Q2,INDR.JK2019Q2,Personal Goods,0.314093674,0.649924915,1,0,1.11656E+13,5.72366E+12,4.09809E+11,1.188648287,-3.544010888
INDS.JK,2019Q2,INDS.JK2019Q2,Automobiles and Parts,0.030540981,0.035958349,1,0,2.48021E+12,2.98049E+11,1797358890,-0.985055864,0.038910678
INDY.JK,2019Q2,INDY.JK2019Q2,"Oil, Gas and Coal",0.151420674,0.102994761,0,0,5.37239E+13,4.00771E+13,7.01919E+11,-0.733121872,-10.3962787
INKP.JK,2019Q2,INKP.JK2019Q2,Industrial Materials,0.836367204,1.908081134,1,0,1.25141E+14,7.15879E+13,1.72949E+12,0.040093348,-4.845070533
INPS.JK,2019Q2,INPS.JK2019Q2,Industrial Transportation,-0.798276055,-2.90624636,1,0,4.86147E+11,3.40575E+11,32843568100,-0.504275472,26.93860958
INTP.JK,2019Q2,INTP.JK2019Q2,Construction and Materials,0.910484653,1.069555493,0,0,2.75435E+13,3.92523E+12,5.10552E+11,0.669148343,8.525870561
IPOL.JK,2019Q2,IPOL.JK2019Q2,General Industrials,0.397373356,0.693854487,1,0,4.13326E+12,1.96441E+12,58892075000,1.336171766,6.176340387
ITMA.JK,2019Q2,ITMA.JK2019Q2,"Oil, Gas and Coal",2.970949399,2.974859039,0,0,1.78968E+12,4289817600,52620854400,0.247387346,3.452034884
ITMG.JK,2019Q2,ITMG.JK2019Q2,"Oil, Gas and Coal",2.146462432,3.561307176,0,0,2.09185E+13,8.73245E+12,5.71863E+11,-0.277518218,23.90411055
JIHD.JK,2019Q2,JIHD.JK2019Q2,Real Estate Investment and Services Development,0.294030534,-0.031699614,1,0,6.65889E+12,2.97241E+12,62010751000,-0.45817411,-1.67353554
JRPT.JK,2019Q2,JRPT.JK2019Q2,Real Estate Investment and Services Development,2.30989188,3.802425778,1,0,1.07907E+13,4.16078E+12,2.29689E+11,-0.111101646,-6.273833038
KDSI.JK,2019Q2,KDSI.JK2019Q2,Household Goods and Home Construction,1.598368215,3.886126699,0,0,1.43268E+12,8.58119E+11,17905151420,0.375883495,-4.729544311
KICI.JK,2019Q2,KICI.JK2019Q2,Household Goods and Home Construction,-0.586167748,-0.971011173,0,0,1.56356E+11,59439145860,53479600,13.42612135,24.36975686
KLBF.JK,2019Q2,KLBF.JK2019Q2,Pharmaceuticals and Biotechnology,3.552581494,4.437832311,0,0,1.91779E+13,3.959E+12,2.83138E+11,-0.008686331,6.991226581
MAPB.JK,2019Q2,MAPB.JK2019Q2,Travel and Leisure,1.734399548,2.950610515,1,0,1.85165E+12,7.53039E+11,23922000000,-0.242249139,17.03840102
MARI.JK,2019Q2,MARI.JK2019Q2,Media,2.278593824,3.743253794,1,0,3.26419E+11,1.24046E+11,4833585250,-0.168563949,10.60257734
MBAP.JK,2019Q2,MBAP.JK2019Q2,"Oil, Gas and Coal",5.857813518,8.013899874,0,0,2.54906E+12,6.94758E+11,1.04416E+11,-0.715843755,-10.78733646
MFIN.JK,2019Q2,MFIN.JK2019Q2,Finance and Credit Services,2.171824605,4.041376512,0,0,3.76427E+12,1.61172E+12,92444000000,0.192510895,15.387496
MIDI.JK,2019Q2,MIDI.JK2019Q2,Retailers,1.167298633,5.479874731,1,0,5.24293E+12,3.87983E+12,86426000000,0.273973143,12.68680299
MIKA.JK,2019Q2,MIKA.JK2019Q2,Health Care Providers,3.536705129,4.194068518,0,0,5.41779E+12,1.24011E+12,5313791600,0.205354182,15.80335929
MMLP.JK,2019Q2,MMLP.JK2019Q2,Industrial Support Services,3.026930146,3.636013973,1,0,5.80514E+12,2.08554E+12,1.78421E+11,0.44480569,42.2922498
MNCN.JK,2019Q2,MNCN.JK2019Q2,Media,3.778728105,5.880000116,1,0,1.64515E+13,6.27384E+12,5.52175E+11,0.396290009,17.7234718
MSKY.JK,2019Q2,MSKY.JK2019Q2,Media,-0.792924738,-1.843301861,1,0,4.70244E+12,2.68182E+12,65576000000,-46.25815217,-4.932918308
MTDL.JK,2019Q2,MTDL.JK2019Q2,Technology Hardware & Equipment,1.82003994,3.533514023,0,0,5.05917E+12,3.16899E+12,1.18761E+11,0.207217183,8.196757492
MYOH.JK,2019Q2,MYOH.JK2019Q2,"Oil, Gas and Coal",1.902020497,2.524716715,0,0,2.32027E+12,5.37948E+11,1.64067E+11,0.725122448,18.7593738
NFCX.JK,2019Q2,NFCX.JK2019Q2,Software & Computer Services,2.887069405,3.657269858,1,0,5.39302E+11,1.60252E+11,14337932030,64.98114839,115.2402137
NIPS.JK,2019Q2,NIPS.JK2019Q2,Electronic and Electrical Equipment,2.237727227,4.725989137,1,0,1.53958E+12,8.61668E+11,15327838000,0.11606532,-3.363993453
PBID.JK,2019Q2,PBID.JK2019Q2,General Industrials,1.906223818,2.77944597,1,0,2.24747E+12,6.61923E+11,23057393000,-0.163493729,22.25564319
PBRX.JK,2019Q2,PBRX.JK2019Q2,Personal Goods,1.259325101,2.832365909,1,0,8.38259E+12,4.90251E+12,71607481250,0.111475629,8.695905229
PGAS.JK,2019Q2,PGAS.JK2019Q2,"Gas, Water and Multi-utilities",-0.000675565,-0.427866357,0,0,1.06886E+14,7.71181E+13,1.47809E+12,0.389312022,-5.650184308
POWR.JK,2019Q2,POWR.JK2019Q2,Electricity,2.106906666,4.2471086,1,0,1.90087E+13,9.6104E+12,10871237500,-0.051669686,6.190614956
PPRE.JK,2019Q2,PPRE.JK2019Q2,Construction and Materials,1.311076268,2.874907809,0,0,6.68617E+12,4.31167E+12,52762838050,0.508248672,39.02620813
PTBA.JK,2019Q2,PTBA.JK2019Q2,"Oil, Gas and Coal",3.628397504,5.225644885,0,0,2.48267E+13,8.15776E+12,7.41113E+11,-0.493884083,-7.164035428
PTIS.JK,2019Q2,PTIS.JK2019Q2,General Industrials,0.083856273,0.191598529,1,0,5.37259E+11,3.03229E+11,10697033100,-3.978414136,8.072758569
PYFA.JK,2019Q2,PYFA.JK2019Q2,Pharmaceuticals and Biotechnology,-0.0642896,-0.100919947,0,0,1.91306E+11,68129603050,1317803010,1.074839537,-1.605404075
RALS.JK,2019Q2,RALS.JK2019Q2,Retailers,8.897746573,12.78095842,1,0,5.25022E+12,1.32863E+12,87788000000,-6.733387468,-0.404266218
RANC.JK,2019Q2,RANC.JK2019Q2,"Personal Care, Drug and Grocery Stores",1.405056546,2.498844769,0,0,8.95256E+11,3.81332E+11,11040015640,0.051293249,2.734674754
RIGS.JK,2019Q2,RIGS.JK2019Q2,Industrial Transportation,-15.51475241,-22.12486273,1,0,1.08084E+12,3.56856E+11,16159050000,-0.393604352,24.09457103
RIMO.JK,2019Q2,RIMO.JK2019Q2,Retailers,-1.054959367,-1.230906082,1,0,5.87574E+12,5.81123E+11,28192796340,128.4578205,13311.01715
SCCO.JK,2019Q2,SCCO.JK2019Q2,Electronic and Electrical Equipment,1.020767983,1.536225188,1,0,4.31562E+12,1.2517E+12,56850615990,0.263179124,17.3127674
SCMA.JK,2019Q2,SCMA.JK2019Q2,Media,4.244309767,6.09403989,1,0,6.56503E+12,1.62928E+12,3.44232E+11,-0.043997907,14.48220647
SCPI.JK,2019Q2,SCPI.JK2019Q2,Pharmaceuticals and Biotechnology,0.523470665,1.41412372,0,0,1.38388E+12,8.16927E+11,67648577000,-0.491530052,-44.98698768
SHIP.JK,2019Q2,SHIP.JK2019Q2,Industrial Transportation,1.617319348,3.817417908,1,0,3.45227E+12,2.32133E+12,84689162500,0.236717471,70.39269161
SIDO.JK,2019Q2,SIDO.JK2019Q2,Food Producers,4.889977142,5.436923358,0,0,3.48771E+12,3.75687E+11,1.72667E+11,0.178066827,14.95233923
SIPD.JK,2019Q2,SIPD.JK2019Q2,Food Producers,0.770222788,2.06148758,0,0,2.22042E+12,1.34739E+12,3637000000,-1.526784696,37.29251984
SKLT.JK,2019Q2,SKLT.JK2019Q2,Food Producers,1.626114202,3.556776425,0,0,7.56323E+11,4.07525E+11,1373296820,0.571308054,30.40478634
SMDM.JK,2019Q2,SMDM.JK2019Q2,Real Estate Investment and Services Development,0.743036216,0.513539158,1,0,3.17424E+12,1.4034E+12,32098076420,0.595321349,17.38304956
SMGR.JK,2019Q2,SMGR.JK2019Q2,Construction and Materials,0.31352895,0.704057862,0,0,7.7964E+13,4.66915E+13,3.71711E+11,0.46168095,22.81123992
SMSM.JK,2019Q2,SMSM.JK2019Q2,Automobiles and Parts,4.176188418,5.549349019,1,0,2.97286E+12,9.79544E+11,1.28791E+11,0.00465396,0.304903451
SRIL.JK,2019Q2,SRIL.JK2019Q2,Personal Goods,2.031630698,5.287656544,1,0,1.96114E+13,1.22159E+13,2.75826E+11,0.038561195,53.20435098
TBMS.JK,2019Q2,TBMS.JK2019Q2,Industrial Metals and Mining,0.814050915,3.336059067,1,0,2.75422E+12,2.12613E+12,18952194300,0.562952852,-11.05856232
TCID.JK,2019Q2,TCID.JK2019Q2,Personal Goods,0.902408031,1.153757645,1,0,2.63937E+12,4.7268E+11,10915109370,-0.670552814,6.112043935
TELE.JK,2019Q2,TELE.JK2019Q2,Telecommunications Equipment,0.149853874,0.31781001,0,0,8.11695E+12,4.74755E+12,1.6997E+11,0.259136972,20.80563521
TGKA.JK,2019Q2,TGKA.JK2019Q2,"Personal Care, Drug and Grocery Stores",3.523692465,8.662419108,0,0,3.27214E+12,2.24756E+12,97285632280,0.229709434,67.54183389
TIFA.JK,2019Q2,TIFA.JK2019Q2,Finance and Credit Services,0.663080047,2.611220065,0,0,1.45103E+12,1.09751E+12,8204204000,-0.054397773,-8.889078842
TKIM.JK,2019Q2,TKIM.JK2019Q2,Industrial Materials,1.908094816,4.354632341,1,0,4.20035E+13,2.4868E+13,36110000000,4.243530197,15.09997825
TOBA.JK,2019Q2,TOBA.JK2019Q2,"Oil, Gas and Coal",2.559190007,3.510772901,0,0,7.41384E+12,4.58178E+12,2.93189E+11,0.703722676,4.841139539
TPMA.JK,2019Q2,TPMA.JK2019Q2,Industrial Transportation,1.223725586,1.783584811,1,0,1.57953E+12,4.75497E+11,47616786750,0.349399574,14.12026395
TRIM.JK,2019Q2,TRIM.JK2019Q2,Investment Banking and Brokerage Services,1.009190384,1.959727214,1,0,1.49604E+12,6.86816E+11,18819631000,-0.037555685,-3.424755898
TRUS.JK,2019Q2,TRUS.JK2019Q2,Investment Banking and Brokerage Services,1.800504517,1.956331751,1,0,2.94286E+11,23256210930,3454622190,0.18051229,10.4818682
TURI.JK,2019Q2,TURI.JK2019Q2,Retailers,2.37797619,3.993534198,1,0,6.20256E+12,2.49779E+12,1.94209E+11,0.026097246,1.149047848
ULTJ.JK,2019Q2,ULTJ.JK2019Q2,Food Producers,3.476990591,4.176527701,0,0,5.85489E+12,8.94632E+11,2.93964E+11,0.654129062,9.611637745
UNIT.JK,2019Q2,UNIT.JK2019Q2,Investment Banking and Brokerage Services,-0.022568124,0.002509067,1,0,4.26194E+11,2.92168E+11,5056564540,0.068487959,-12.94300527
UNTR.JK,2019Q2,UNTR.JK2019Q2,Industrial Engineering,2.182048976,4.699021112,1,0,1.16925E+14,6.0698E+13,1.74642E+12,0.295355036,18.99257187
WAPO.JK,2019Q2,WAPO.JK2019Q2,Food Producers,-1.03080623,-1.263163262,0,0,87404322140,12972327050,733798340,14.25842234,-80.83191332
WINS.JK,2019Q2,WINS.JK2019Q2,Industrial Transportation,-1.080997746,-1.714169939,1,0,3.84324E+12,1.75425E+12,49184344950,-2.702278737,-23.56228051
WOMF.JK,2019Q2,WOMF.JK2019Q2,Finance and Credit Services,0.407565226,2.962394468,0,0,8.66768E+12,7.51714E+12,44581000000,-0.082514548,1.332458229
WOOD.JK,2019Q2,WOOD.JK2019Q2,Household Goods and Home Construction,1.352118623,2.500573249,0,0,4.5032E+12,2.14872E+12,12828982700,0.779392919,5.229030762
WTON.JK,2019Q2,WTON.JK2019Q2,Construction and Materials,1.084933854,3.158337834,0,0,8.60852E+12,5.8173E+12,1.80908E+11,0.680630068,8.438263169
